lookup_id,sku_brand,fill_style_id,fill_style_name,fill_style_name_grouping,fill_sku_shopify,fill_barcode
503,GCLBAF478T-I446-A,6866431967315,ALWAYS FITS GOOD CLASSIC BOOTCUT JEANS,Good Classic Bootcut,40303712534611,019695417857
504,GCLBAF478T-I446-B,6866431967315,ALWAYS FITS GOOD CLASSIC BOOTCUT JEANS,Good Classic Bootcut,40303712567379,019695417864
505,GCLBAF478T-I446-C,6866431967315,ALWAYS FITS GOOD CLASSIC BOOTCUT JEANS,Good Classic Bootcut,40303712600147,019695417871
506,GCLBAF478T-I446-D,6866431967315,ALWAYS FITS GOOD CLASSIC BOOTCUT JEANS,Good Classic Bootcut,40303712632915,019695417888
507,GCLBAF478T-I446-E,6866431967315,ALWAYS FITS GOOD CLASSIC BOOTCUT JEANS,Good Classic Bootcut,40303712665683,019695417895
335,GCSTAF478001-I1071-00-4,7509326037075,ALWAYS FITS GOOD CURVE STRAIGHT JEANS,Good Curve Straight,42414994423891,197217791927
336,GCSTAF478001-I1071-6-12,7509326037075,ALWAYS FITS GOOD CURVE STRAIGHT JEANS,Good Curve Straight,42414994325587,197217791965
337,GCSTAF478001-I1071-14-18,7509326037075,ALWAYS FITS GOOD CURVE STRAIGHT JEANS,Good Curve Straight,42414994391123,197217791934
338,GCSTAF478001-I1071-20-26,7509326037075,ALWAYS FITS GOOD CURVE STRAIGHT JEANS,Good Curve Straight,42414994292819,197217791941
339,GCSTAF478001-I1071-28-32,7509326037075,ALWAYS FITS GOOD CURVE STRAIGHT JEANS,Good Curve Straight,42414994358355,197217791958
460,GCST739TT-I707-00-4,7160365154387,ALWAYS FITS GOOD CURVE STRAIGHT JEANS,Good Curve Straight,41393393270867,197217591688
461,GCST739TT-I707-6-12,7160365154387,ALWAYS FITS GOOD CURVE STRAIGHT JEANS,Good Curve Straight,41393393303635,197217591725
462,GCST739TT-I707-14-18,7160365154387,ALWAYS FITS GOOD CURVE STRAIGHT JEANS,Good Curve Straight,41393393336403,197217591695
463,GCST739TT-I707-20-26,7160365154387,ALWAYS FITS GOOD CURVE STRAIGHT JEANS,Good Curve Straight,41393393369171,197217591701
464,GCST739TT-I707-28-32,7160365154387,ALWAYS FITS GOOD CURVE STRAIGHT JEANS,Good Curve Straight,41393393401939,197217591718
3116,GCSTAFRH478T-I835-00-4,7123456478835,ALWAYS FITS GOOD CURVE STRAIGHT JEANS,Good Curve Straight,43990000000001,197217000001
3117,GCSTAFRH478T-I835-6-12,7123456478835,ALWAYS FITS GOOD CURVE STRAIGHT JEANS,Good Curve Straight,43990000000002,197217000002
3118,GCSTAFRH478T-I835-14-18,7123456478835,ALWAYS FITS GOOD CURVE STRAIGHT JEANS,Good Curve Straight,43990000000003,197217000003
3119,GCSTAFRH478T-I835-20-26,7123456478835,ALWAYS FITS GOOD CURVE STRAIGHT JEANS,Good Curve Straight,43990000000004,197217000004
3120,GCSTAFRH478T-I835-28-32,7123456478835,ALWAYS FITS GOOD CURVE STRAIGHT JEANS,Good Curve Straight,43990000000005,197217000005
586,GLAF478BAT-K165-A,6946542354515,ALWAYS FITS GOOD LEGS SKINNY JEANS,Good Legs Skinny,40537933840467,197217022403
587,GLAF478BAT-K165-B,6946542354515,ALWAYS FITS GOOD LEGS SKINNY JEANS,Good Legs Skinny,40537933873235,197217022410
588,GLAF478BAT-K165-C,6946542354515,ALWAYS FITS GOOD LEGS SKINNY JEANS,Good Legs Skinny,40537933906003,197217022427
589,GLAF478BAT-K165-D,6946542354515,ALWAYS FITS GOOD LEGS SKINNY JEANS,Good Legs Skinny,40537933938771,197217022434
590,GLAF478BAT-K165-E,6946542354515,ALWAYS FITS GOOD LEGS SKINNY JEANS,Good Legs Skinny,40537933971539,197217022441
1787,GLCMBSAF478T-I953-00-4,7454715805779,ALWAYS FITS GOOD LEGS CROPPED MINI BOOT JEANS,Good Legs Mini Boot Crop,42253068435539,197217753659
1788,GLCMBSAF478T-I953-6-12,7454715805779,ALWAYS FITS GOOD LEGS CROPPED MINI BOOT JEANS,Good Legs Mini Boot Crop,42253068468307,197217753697
1789,GLCMBSAF478T-I953-14-18,7454715805779,ALWAYS FITS GOOD LEGS CROPPED MINI BOOT JEANS,Good Legs Mini Boot Crop,42253068566611,197217753666
1790,GLCMBSAF478T-I953-20-26,7454715805779,ALWAYS FITS GOOD LEGS CROPPED MINI BOOT JEANS,Good Legs Mini Boot Crop,42253068533843,197217753673
1791,GLCMBSAF478T-I953-28-32,7454715805779,ALWAYS FITS GOOD LEGS CROPPED MINI BOOT JEANS,Good Legs Mini Boot Crop,42253068501075,197217753680
378,GLFAF478001-I1071-00-4,7509324365907,ALWAYS FITS GOOD LEGS FLARE JEANS,Good Legs Flare,42414973976659,197217792733
379,GLFAF478001-I1071-6-12,7509324365907,ALWAYS FITS GOOD LEGS FLARE JEANS,Good Legs Flare,42416273326163,197217792771
380,GLFAF478001-I1071-14-18,7509324365907,ALWAYS FITS GOOD LEGS FLARE JEANS,Good Legs Flare,42416273358931,197217792740
381,GLFAF478001-I1071-20-26,7509324365907,ALWAYS FITS GOOD LEGS FLARE JEANS,Good Legs Flare,42416273391699,197217792757
382,GLFAF478001-I1071-28-32,7509324365907,ALWAYS FITS GOOD LEGS FLARE JEANS,Good Legs Flare,42416273293395,197217792764
1069,GLFAFDTH478T-I316-00-4,7423204851795,ALWAYS FITS GOOD LEGS FLARE JEANS,Good Legs Flare,42100244283475,197217685615
1070,GLFAFDTH478T-I316-6-12,7423204851795,ALWAYS FITS GOOD LEGS FLARE JEANS,Good Legs Flare,42100244381779,197217685653
1071,GLFAFDTH478T-I316-14-18,7423204851795,ALWAYS FITS GOOD LEGS FLARE JEANS,Good Legs Flare,42100244316243,197217685622
1072,GLFAFDTH478T-I316-20-26,7423204851795,ALWAYS FITS GOOD LEGS FLARE JEANS,Good Legs Flare,42100244414547,197217685639
1073,GLFAFDTH478T-I316-28-32,7423204851795,ALWAYS FITS GOOD LEGS FLARE JEANS,Good Legs Flare,42100244349011,197217685646
2312,GLSKAF478T-I446-A,6866431672403,ALWAYS FITS GOOD LEGS SKINNY JEANS,Good Legs Skinny,42566605799507,019695417352
2313,GLSKAF478T-I446-B,6866431672403,ALWAYS FITS GOOD LEGS SKINNY JEANS,Good Legs Skinny,42566605832275,019695417369
2314,GLSKAF478T-I446-C,6866431672403,ALWAYS FITS GOOD LEGS SKINNY JEANS,Good Legs Skinny,42566605865043,019695417376
2315,GLSKAF478T-I446-D,6866431672403,ALWAYS FITS GOOD LEGS SKINNY JEANS,Good Legs Skinny,42566605897811,019695417383
2316,GLSKAF478T-I446-E,6866431672403,ALWAYS FITS GOOD LEGS SKINNY JEANS,Good Legs Skinny,42566605930579,019695417390
2317,GLSKAF478T-I446-35-00-4,6866431672403,ALWAYS FITS GOOD LEGS SKINNY JEANS,Good Legs Skinny,41396269809747,197217477463
2318,GLSKAF478T-I446-35-6-12,6866431672403,ALWAYS FITS GOOD LEGS SKINNY JEANS,Good Legs Skinny,41396269842515,197217477548
2319,GLSKAF478T-I446-35-14-18,6866431672403,ALWAYS FITS GOOD LEGS SKINNY JEANS,Good Legs Skinny,41396269875283,197217477487
2320,GLSKAF478T-I446-35-20-26,6866431672403,ALWAYS FITS GOOD LEGS SKINNY JEANS,Good Legs Skinny,41396269908051,197217477500
2321,GLSKAF478T-I446-35-28-32,6866431672403,ALWAYS FITS GOOD LEGS SKINNY JEANS,Good Legs Skinny,41396269940819,197217477524
3121,GL478T-DB04-00-4,6967801872467,ALWAYS FITS GOOD LEGS SKINNY JEANS,Good Legs Skinny,40623876112467,197217312399
3122,GL478T-DB04-6-12,6967801872467,ALWAYS FITS GOOD LEGS SKINNY JEANS,Good Legs Skinny,40623876145235,197217312474
3123,GL478T-DB04-14-18,6967801872467,ALWAYS FITS GOOD LEGS SKINNY JEANS,Good Legs Skinny,40623876178003,197217312412
3124,GL478T-DB04-20-26,6967801872467,ALWAYS FITS GOOD LEGS SKINNY JEANS,Good Legs Skinny,40623876210771,197217312436
3125,GL478T-DB04-28-32,6967801872467,ALWAYS FITS GOOD LEGS SKINNY JEANS,Good Legs Skinny,40623876243539,197217312450
3126,GL478T-DB04-35-00-4,6967801872467,ALWAYS FITS GOOD LEGS SKINNY JEANS,Good Legs Skinny,40623876276307,197217312382
3127,GL478T-DB04-35-6-12,6967801872467,ALWAYS FITS GOOD LEGS SKINNY JEANS,Good Legs Skinny,40623876309075,197217312467
3128,GL478T-DB04-35-14-18,6967801872467,ALWAYS FITS GOOD LEGS SKINNY JEANS,Good Legs Skinny,40623876341843,197217312405
3129,GL478T-DB04-35-20-26,6967801872467,ALWAYS FITS GOOD LEGS SKINNY JEANS,Good Legs Skinny,40623876374611,197217312429
3130,GL478T-DB04-35-28-32,6967801872467,ALWAYS FITS GOOD LEGS SKINNY JEANS,Good Legs Skinny,40623876407379,197217312443
3136,GLSKAF478T-DB06-A,6946544287827,ALWAYS FITS GOOD LEGS SKINNY JEANS,Good Legs Skinny,42566607306835,197217009077
3137,GLSKAF478T-DB06-B,6946544287827,ALWAYS FITS GOOD LEGS SKINNY JEANS,Good Legs Skinny,42566607339603,197217009084
3138,GLSKAF478T-DB06-C,6946544287827,ALWAYS FITS GOOD LEGS SKINNY JEANS,Good Legs Skinny,42566607372371,197217009091
3139,GLSKAF478T-DB06-D,6946544287827,ALWAYS FITS GOOD LEGS SKINNY JEANS,Good Legs Skinny,42566607405139,197217009107
3140,GLSKAF478T-DB06-E,6946544287827,ALWAYS FITS GOOD LEGS SKINNY JEANS,Good Legs Skinny,42566607437907,197217009114
3141,GLSKAF478T-DB06-35-00-4,6946544287827,ALWAYS FITS GOOD LEGS SKINNY JEANS,Good Legs Skinny,41303506780243,197217468683
3142,GLSKAF478T-DB06-35-6-12,6946544287827,ALWAYS FITS GOOD LEGS SKINNY JEANS,Good Legs Skinny,41303506813011,197217468720
3143,GLSKAF478T-DB06-35-14-18,6946544287827,ALWAYS FITS GOOD LEGS SKINNY JEANS,Good Legs Skinny,41303506845779,197217468690
3144,GLSKAF478T-DB06-35-20-26,6946544287827,ALWAYS FITS GOOD LEGS SKINNY JEANS,Good Legs Skinny,41303506878547,197217468706
3145,GLSKAF478T-DB06-35-28-32,6946544287827,ALWAYS FITS GOOD LEGS SKINNY JEANS,Good Legs Skinny,41303506911315,197217468713
673,GLAFDBP478T-I316-00-4,7423563432019,ALWAYS FITS GOOD LEGS SKINNY JEANS,Good Legs Skinny,42101187280979,197217689279
674,GLAFDBP478T-I316-6-12,7423563432019,ALWAYS FITS GOOD LEGS SKINNY JEANS,Good Legs Skinny,42101187313747,197217689316
675,GLAFDBP478T-I316-14-18,7423563432019,ALWAYS FITS GOOD LEGS SKINNY JEANS,Good Legs Skinny,42101187248211,197217689286
676,GLAFDBP478T-I316-20-26,7423563432019,ALWAYS FITS GOOD LEGS SKINNY JEANS,Good Legs Skinny,42101187182675,197217689293
677,GLAFDBP478T-I316-28-32,7423563432019,ALWAYS FITS GOOD LEGS SKINNY JEANS,Good Legs Skinny,42101187215443,197217689309
412,GLAF478T-I316-A,6861786349651,ALWAYS FITS GOOD LEGS STRAIGHT JEANS,Good Legs Straight,40290601304147,019675763554
413,GLAF478T-I316-B,6861786349651,ALWAYS FITS GOOD LEGS STRAIGHT JEANS,Good Legs Straight,40290601336915,019675763561
414,GLAF478T-I316-C,6861786349651,ALWAYS FITS GOOD LEGS STRAIGHT JEANS,Good Legs Straight,40290601369683,019675763578
415,GLAF478T-I316-D,6861786349651,ALWAYS FITS GOOD LEGS STRAIGHT JEANS,Good Legs Straight,40290601402451,019675763585
416,GLAF478T-I316-E,6861786349651,ALWAYS FITS GOOD LEGS STRAIGHT JEANS,Good Legs Straight,40290601435219,019675763592
436,GLAF478TLI-I316-32-00-4,7424087851091,ALWAYS FITS GOOD LEGS STRAIGHT JEANS LONG,Good Legs Straight,42102552526931,197217661244
437,GLAF478TLI-I316-32-6-12,7424087851091,ALWAYS FITS GOOD LEGS STRAIGHT JEANS LONG,Good Legs Straight,42102633431123,197217661282
438,GLAF478TLI-I316-32-14-18,7424087851091,ALWAYS FITS GOOD LEGS STRAIGHT JEANS LONG,Good Legs Straight,42102633496659,197217661251
439,GLAF478TLI-I316-32-20-26,7424087851091,ALWAYS FITS GOOD LEGS STRAIGHT JEANS LONG,Good Legs Straight,42102633529427,197217661268
440,GLAF478TLI-I316-32-28-32,7424087851091,ALWAYS FITS GOOD LEGS STRAIGHT JEANS LONG,Good Legs Straight,42102633463891,197217661275
1026,GLSTAF478B001-K414-00-4,7509325054035,ALWAYS FITS GOOD LEGS STRAIGHT JEANS,Good Legs Straight,42414982692947,197217796953
1027,GLSTAF478B001-K414-6-12,7509325054035,ALWAYS FITS GOOD LEGS STRAIGHT JEANS,Good Legs Straight,42414982594643,197217796991
1028,GLSTAF478B001-K414-14-18,7509325054035,ALWAYS FITS GOOD LEGS STRAIGHT JEANS,Good Legs Straight,42414982660179,197217796960
1029,GLSTAF478B001-K414-20-26,7509325054035,ALWAYS FITS GOOD LEGS STRAIGHT JEANS,Good Legs Straight,42414982561875,197217796977
1030,GLSTAF478B001-K414-28-32,7509325054035,ALWAYS FITS GOOD LEGS STRAIGHT JEANS,Good Legs Straight,42414982627411,197217796984
402,GLSTAF739T-I571-00-4,7051115135059,ALWAYS FITS GOOD LEGS STRAIGHT JEANS,Good Legs Straight,41029216665683,197217363537
403,GLSTAF739T-I571-6-12,7051115135059,ALWAYS FITS GOOD LEGS STRAIGHT JEANS,Good Legs Straight,41029216698451,197217363575
404,GLSTAF739T-I571-14-18,7051115135059,ALWAYS FITS GOOD LEGS STRAIGHT JEANS,Good Legs Straight,41029216731219,197217363544
405,GLSTAF739T-I571-20-26,7051115135059,ALWAYS FITS GOOD LEGS STRAIGHT JEANS,Good Legs Straight,41029216763987,197217363551
406,GLSTAF739T-I571-28-32,7051115135059,ALWAYS FITS GOOD LEGS STRAIGHT JEANS,Good Legs Straight,41029216796755,197217363568
849,GLSNFAF478T-I948-00-4,7454715969619,ALWAYS FITS GOOD LEGS STRAIGHT JEANS,Good Legs Straight,42253068730451,197217753604
850,GLSNFAF478T-I948-6-12,7454715969619,ALWAYS FITS GOOD LEGS STRAIGHT JEANS,Good Legs Straight,42253068697683,197217753642
851,GLSNFAF478T-I948-14-18,7454715969619,ALWAYS FITS GOOD LEGS STRAIGHT JEANS,Good Legs Straight,42253068664915,197217753611
852,GLSNFAF478T-I948-20-26,7454715969619,ALWAYS FITS GOOD LEGS STRAIGHT JEANS,Good Legs Straight,42253068599379,197217753628
853,GLSNFAF478T-I948-28-32,7454715969619,ALWAYS FITS GOOD LEGS STRAIGHT JEANS,Good Legs Straight,42253068632147,197217753635
407,GLAFP478T-I316-00-4,7388274786387,ALWAYS FITS GOOD PETITE STRAIGHT JEANS,Good Straight,41968957259859,197217661299
408,GLAFP478T-I316-6-12,7388274786387,ALWAYS FITS GOOD PETITE STRAIGHT JEANS,Good Straight,41968957161555,197217661336
409,GLAFP478T-I316-14-18,7388274786387,ALWAYS FITS GOOD PETITE STRAIGHT JEANS,Good Straight,41968957227091,197217661305
410,GLAFP478T-I316-20-26,7388274786387,ALWAYS FITS GOOD PETITE STRAIGHT JEANS,Good Straight,41968957292627,197217661312
411,GLAFP478T-I316-28-32,7388274786387,ALWAYS FITS GOOD PETITE STRAIGHT JEANS,Good Straight,41968957194323,197217661329
3131,GWAF478T-B821-A,6946544681043,ALWAYS FITS GOOD WAIST SKINNY JEANS,Good Waist Skinny,40537957335123,197217022205
3132,GWAF478T-B821-B,6946544681043,ALWAYS FITS GOOD WAIST SKINNY JEANS,Good Waist Skinny,40537957367891,197217022212
3133,GWAF478T-B821-C,6946544681043,ALWAYS FITS GOOD WAIST SKINNY JEANS,Good Waist Skinny,40537957400659,197217022229
3134,GWAF478T-B821-D,6946544681043,ALWAYS FITS GOOD WAIST SKINNY JEANS,Good Waist Skinny,40537957433427,197217022236
3135,GWAF478T-B821-E,6946544681043,ALWAYS FITS GOOD WAIST SKINNY JEANS,Good Waist Skinny,40537957466195,197217022243
1131,GWAFDV478T-I324-A,6861795950675,ALWAYS FITS GOOD WAIST SKINNY JEANS,Good Waist Skinny,40290634629203,019675763608
1132,GWAFDV478T-I324-B,6861795950675,ALWAYS FITS GOOD WAIST SKINNY JEANS,Good Waist Skinny,40290634661971,019675763615
1133,GWAFDV478T-I324-C,6861795950675,ALWAYS FITS GOOD WAIST SKINNY JEANS,Good Waist Skinny,40290634694739,019675763622
1134,GWAFDV478T-I324-D,6861795950675,ALWAYS FITS GOOD WAIST SKINNY JEANS,Good Waist Skinny,40290634727507,019675763639
1135,GWAFDV478T-I324-E,6861795950675,ALWAYS FITS GOOD WAIST SKINNY JEANS,Good Waist Skinny,40290634760275,019675763646
152895,GTSTW163-CA1-20,7690656514131,BETTER THAN SUEDE GOOD TRUE STRAIGHT,Good True Straight,43052322488403,197217984466
152896,GTSTW163-CA1-30,7690656514131,BETTER THAN SUEDE GOOD TRUE STRAIGHT,Good True Straight,43052322521171,197217984510
152897,GTSTW163-CA1-14,7690656514131,BETTER THAN SUEDE GOOD TRUE STRAIGHT,Good True Straight,43052322553939,197217984411
152898,GTSTW163-CA1-10,7690656514131,BETTER THAN SUEDE GOOD TRUE STRAIGHT,Good True Straight,43052322586707,197217984398
152899,GTSTW163-CA1-24,7690656514131,BETTER THAN SUEDE GOOD TRUE STRAIGHT,Good True Straight,43052322619475,197217984480
152900,GTSTW163-CA1-32,7690656514131,BETTER THAN SUEDE GOOD TRUE STRAIGHT,Good True Straight,43052322652243,197217984527
152901,GTSTW163-CA1-26,7690656514131,BETTER THAN SUEDE GOOD TRUE STRAIGHT,Good True Straight,43052322685011,197217984497
152902,GTSTW163-CA1-12,7690656514131,BETTER THAN SUEDE GOOD TRUE STRAIGHT,Good True Straight,43052322717779,197217984404
152903,GTSTW163-CA1-8,7690656514131,BETTER THAN SUEDE GOOD TRUE STRAIGHT,Good True Straight,43052322750547,197217984558
152904,GTSTW163-CA1-2,7690656514131,BETTER THAN SUEDE GOOD TRUE STRAIGHT,Good True Straight,43052322783315,197217984459
152905,GTSTW163-CA1-6,7690656514131,BETTER THAN SUEDE GOOD TRUE STRAIGHT,Good True Straight,43052322816083,197217984541
152906,GTSTW163-CA1-4,7690656514131,BETTER THAN SUEDE GOOD TRUE STRAIGHT,Good True Straight,43052322848851,197217984534
152907,GTSTW163-CA1-0,7690656514131,BETTER THAN SUEDE GOOD TRUE STRAIGHT,Good True Straight,43052322881619,197217984374
152908,GTSTW163-CA1-00,7690656514131,BETTER THAN SUEDE GOOD TRUE STRAIGHT,Good True Straight,43052322914387,197217984381
152909,GTSTW163-CA1-16,7690656514131,BETTER THAN SUEDE GOOD TRUE STRAIGHT,Good True Straight,43052322947155,197217984435
152910,GTSTW163-CA1-22,7690656514131,BETTER THAN SUEDE GOOD TRUE STRAIGHT,Good True Straight,43052322979923,197217984473
152911,GTSTW163-CA1-18,7690656514131,BETTER THAN SUEDE GOOD TRUE STRAIGHT,Good True Straight,43052323012691,197217984442
152912,GTSTW163-CA1-15,7690656514131,BETTER THAN SUEDE GOOD TRUE STRAIGHT,Good True Straight,43052323045459,197217984428
152913,GTSTW163-CA1-28,7690656514131,BETTER THAN SUEDE GOOD TRUE STRAIGHT,Good True Straight,43052323078227,197217984503
154240,GBSS235T-I1110-00,REMOVE FROM ALL TABLES,REMOVE FROM ALL TABLES,REMOVE FROM ALL TABLES,REMOVE FROM ALL TABLES,REMOVE FROM ALL TABLES
154241,GBSS235T-I1110-0,REMOVE FROM ALL TABLES,REMOVE FROM ALL TABLES,REMOVE FROM ALL TABLES,REMOVE FROM ALL TABLES,REMOVE FROM ALL TABLES
154242,GBSS235T-I1110-2,REMOVE FROM ALL TABLES,REMOVE FROM ALL TABLES,REMOVE FROM ALL TABLES,REMOVE FROM ALL TABLES,REMOVE FROM ALL TABLES
154243,GBSS235T-I1110-4,REMOVE FROM ALL TABLES,REMOVE FROM ALL TABLES,REMOVE FROM ALL TABLES,REMOVE FROM ALL TABLES,REMOVE FROM ALL TABLES
154244,GBSS235T-I1110-6,REMOVE FROM ALL TABLES,REMOVE FROM ALL TABLES,REMOVE FROM ALL TABLES,REMOVE FROM ALL TABLES,REMOVE FROM ALL TABLES
154245,GBSS235T-I1110-8,REMOVE FROM ALL TABLES,REMOVE FROM ALL TABLES,REMOVE FROM ALL TABLES,REMOVE FROM ALL TABLES,REMOVE FROM ALL TABLES
154246,GBSS235T-I1110-10,REMOVE FROM ALL TABLES,REMOVE FROM ALL TABLES,REMOVE FROM ALL TABLES,REMOVE FROM ALL TABLES,REMOVE FROM ALL TABLES
154247,GBSS235T-I1110-12,REMOVE FROM ALL TABLES,REMOVE FROM ALL TABLES,REMOVE FROM ALL TABLES,REMOVE FROM ALL TABLES,REMOVE FROM ALL TABLES
154248,GBSS235T-I1110-14,REMOVE FROM ALL TABLES,REMOVE FROM ALL TABLES,REMOVE FROM ALL TABLES,REMOVE FROM ALL TABLES,REMOVE FROM ALL TABLES
154249,GBSS235T-I1110-15,REMOVE FROM ALL TABLES,REMOVE FROM ALL TABLES,REMOVE FROM ALL TABLES,REMOVE FROM ALL TABLES,REMOVE FROM ALL TABLES
154250,GBSS235T-I1110-16,REMOVE FROM ALL TABLES,REMOVE FROM ALL TABLES,REMOVE FROM ALL TABLES,REMOVE FROM ALL TABLES,REMOVE FROM ALL TABLES
154251,GBSS235T-I1110-18,REMOVE FROM ALL TABLES,REMOVE FROM ALL TABLES,REMOVE FROM ALL TABLES,REMOVE FROM ALL TABLES,REMOVE FROM ALL TABLES
154252,GBSS235T-I1110-20,REMOVE FROM ALL TABLES,REMOVE FROM ALL TABLES,REMOVE FROM ALL TABLES,REMOVE FROM ALL TABLES,REMOVE FROM ALL TABLES
154253,GBSS235T-I1110-22,REMOVE FROM ALL TABLES,REMOVE FROM ALL TABLES,REMOVE FROM ALL TABLES,REMOVE FROM ALL TABLES,REMOVE FROM ALL TABLES
154254,GBSS235T-I1110-24,REMOVE FROM ALL TABLES,REMOVE FROM ALL TABLES,REMOVE FROM ALL TABLES,REMOVE FROM ALL TABLES,REMOVE FROM ALL TABLES
154255,GBSS235T-I1110-26,REMOVE FROM ALL TABLES,REMOVE FROM ALL TABLES,REMOVE FROM ALL TABLES,REMOVE FROM ALL TABLES,REMOVE FROM ALL TABLES
154256,GBSS235T-I1110-28,REMOVE FROM ALL TABLES,REMOVE FROM ALL TABLES,REMOVE FROM ALL TABLES,REMOVE FROM ALL TABLES,REMOVE FROM ALL TABLES
154257,GBSS235T-I1110-30,REMOVE FROM ALL TABLES,REMOVE FROM ALL TABLES,REMOVE FROM ALL TABLES,REMOVE FROM ALL TABLES,REMOVE FROM ALL TABLES
154258,GBSS235T-I1110-32,REMOVE FROM ALL TABLES,REMOVE FROM ALL TABLES,REMOVE FROM ALL TABLES,REMOVE FROM ALL TABLES,REMOVE FROM ALL TABLES
154145,GCLB014001T-I1150-00,7652519805011,COMPRESSION GOOD CLASSIC BOOTCUT JEANS,Good Classic Bootcut,42904383782995,197217945559
154146,GCLB014001T-I1150-0,7652519805011,COMPRESSION GOOD CLASSIC BOOTCUT JEANS,Good Classic Bootcut,42904384077907,197217945542
154147,GCLB014001T-I1150-2,7652519805011,COMPRESSION GOOD CLASSIC BOOTCUT JEANS,Good Classic Bootcut,42904383815763,197217945627
154148,GCLB014001T-I1150-4,7652519805011,COMPRESSION GOOD CLASSIC BOOTCUT JEANS,Good Classic Bootcut,42904383717459,197217945702
154149,GCLB014001T-I1150-6,7652519805011,COMPRESSION GOOD CLASSIC BOOTCUT JEANS,Good Classic Bootcut,42904383848531,197217945719
154150,GCLB014001T-I1150-8,7652519805011,COMPRESSION GOOD CLASSIC BOOTCUT JEANS,Good Classic Bootcut,42904383750227,197217945726
154151,GCLB014001T-I1150-10,7652519805011,COMPRESSION GOOD CLASSIC BOOTCUT JEANS,Good Classic Bootcut,42904383881299,197217945566
154152,GCLB014001T-I1150-12,7652519805011,COMPRESSION GOOD CLASSIC BOOTCUT JEANS,Good Classic Bootcut,42904384110675,197217945573
154153,GCLB014001T-I1150-14,7652519805011,COMPRESSION GOOD CLASSIC BOOTCUT JEANS,Good Classic Bootcut,42904383914067,197217945580
154154,GCLB014001T-I1150-15,7652519805011,COMPRESSION GOOD CLASSIC BOOTCUT JEANS,Good Classic Bootcut,42904383586387,197217945597
154155,GCLB014001T-I1150-16,7652519805011,COMPRESSION GOOD CLASSIC BOOTCUT JEANS,Good Classic Bootcut,42904383946835,197217945603
154156,GCLB014001T-I1150-18,7652519805011,COMPRESSION GOOD CLASSIC BOOTCUT JEANS,Good Classic Bootcut,42904383619155,197217945610
154157,GCLB014001T-I1150-20,7652519805011,COMPRESSION GOOD CLASSIC BOOTCUT JEANS,Good Classic Bootcut,42904383979603,197217945634
154158,GCLB014001T-I1150-22,7652519805011,COMPRESSION GOOD CLASSIC BOOTCUT JEANS,Good Classic Bootcut,42904383684691,197217945641
154159,GCLB014001T-I1150-24,7652519805011,COMPRESSION GOOD CLASSIC BOOTCUT JEANS,Good Classic Bootcut,42904384012371,197217945658
154160,GCLB014001T-I1150-26,7652519805011,COMPRESSION GOOD CLASSIC BOOTCUT JEANS,Good Classic Bootcut,42904383651923,197217945665
154161,GCLB014001T-I1150-28,7652519805011,COMPRESSION GOOD CLASSIC BOOTCUT JEANS,Good Classic Bootcut,42904384045139,197217945672
154162,GCLB014001T-I1150-30,7652519805011,COMPRESSION GOOD CLASSIC BOOTCUT JEANS,Good Classic Bootcut,42904383520851,197217945689
154163,GCLB014001T-I1150-32,7652519805011,COMPRESSION GOOD CLASSIC BOOTCUT JEANS,Good Classic Bootcut,42904383553619,197217945696
152635,GLF014-I1229-00,7652496965715,COMPRESSION GOOD LEGS FLARE JEANS,Good Legs Flare,42904244191315,197217905843
152636,GLF014-I1229-0,7652496965715,COMPRESSION GOOD LEGS FLARE JEANS,Good Legs Flare,42904244158547,197217905836
152637,GLF014-I1229-2,7652496965715,COMPRESSION GOOD LEGS FLARE JEANS,Good Legs Flare,42904244355155,197217905911
152638,GLF014-I1229-4,7652496965715,COMPRESSION GOOD LEGS FLARE JEANS,Good Legs Flare,42904244322387,197217905997
152639,GLF014-I1229-6,7652496965715,COMPRESSION GOOD LEGS FLARE JEANS,Good Legs Flare,42904244289619,197217906000
152640,GLF014-I1229-8,7652496965715,COMPRESSION GOOD LEGS FLARE JEANS,Good Legs Flare,42904244256851,197217906017
152641,GLF014-I1229-10,7652496965715,COMPRESSION GOOD LEGS FLARE JEANS,Good Legs Flare,42904244060243,197217905850
152642,GLF014-I1229-12,7652496965715,COMPRESSION GOOD LEGS FLARE JEANS,Good Legs Flare,42904142348371,197217905867
152643,GLF014-I1229-14,7652496965715,COMPRESSION GOOD LEGS FLARE JEANS,Good Legs Flare,42904142315603,197217905874
152644,GLF014-I1229-15,7652496965715,COMPRESSION GOOD LEGS FLARE JEANS,Good Legs Flare,42904142282835,197217905881
152645,GLF014-I1229-16,7652496965715,COMPRESSION GOOD LEGS FLARE JEANS,Good Legs Flare,42904244486227,197217905898
152646,GLF014-I1229-18,7652496965715,COMPRESSION GOOD LEGS FLARE JEANS,Good Legs Flare,42904244453459,197217905904
152647,GLF014-I1229-20,7652496965715,COMPRESSION GOOD LEGS FLARE JEANS,Good Legs Flare,42904244420691,197217905928
152648,GLF014-I1229-22,7652496965715,COMPRESSION GOOD LEGS FLARE JEANS,Good Legs Flare,42904244224083,197217905935
152649,GLF014-I1229-24,7652496965715,COMPRESSION GOOD LEGS FLARE JEANS,Good Legs Flare,42904244387923,197217905942
152650,GLF014-I1229-26,7652496965715,COMPRESSION GOOD LEGS FLARE JEANS,Good Legs Flare,42904244027475,197217905959
152651,GLF014-I1229-28,7652496965715,COMPRESSION GOOD LEGS FLARE JEANS,Good Legs Flare,42904142381139,197217905966
152652,GLF014-I1229-30,7652496965715,COMPRESSION GOOD LEGS FLARE JEANS,Good Legs Flare,42904244093011,197217905973
152653,GLF014-I1229-32,7652496965715,COMPRESSION GOOD LEGS FLARE JEANS,Good Legs Flare,42904244125779,197217905980
153939,GLST014001-I254-00,7654899810387,COMPRESSION GOOD LEGS STRAIGHT JEANS,Good Legs Straight,42916104536147,197217942510
153940,GLST014001-I254-0,7654899810387,COMPRESSION GOOD LEGS STRAIGHT JEANS,Good Legs Straight,42916104994899,197217942503
153941,GLST014001-I254-2,7654899810387,COMPRESSION GOOD LEGS STRAIGHT JEANS,Good Legs Straight,42916104503379,197217942589
153942,GLST014001-I254-4,7654899810387,COMPRESSION GOOD LEGS STRAIGHT JEANS,Good Legs Straight,42916105027667,197217942657
153943,GLST014001-I254-6,7654899810387,COMPRESSION GOOD LEGS STRAIGHT JEANS,Good Legs Straight,42916104601683,197217942664
153944,GLST014001-I254-8,7654899810387,COMPRESSION GOOD LEGS STRAIGHT JEANS,Good Legs Straight,42916104470611,197217942671
153945,GLST014001-I254-10,7654899810387,COMPRESSION GOOD LEGS STRAIGHT JEANS,Good Legs Straight,42916104634451,197217942527
153946,GLST014001-I254-12,7654899810387,COMPRESSION GOOD LEGS STRAIGHT JEANS,Good Legs Straight,42916104568915,197217942534
153947,GLST014001-I254-14,7654899810387,COMPRESSION GOOD LEGS STRAIGHT JEANS,Good Legs Straight,42916104667219,197217942541
153948,GLST014001-I254-15,7654899810387,COMPRESSION GOOD LEGS STRAIGHT JEANS,Good Legs Straight,42916104831059,197217942558
153949,GLST014001-I254-16,7654899810387,COMPRESSION GOOD LEGS STRAIGHT JEANS,Good Legs Straight,42916104699987,197217942565
153950,GLST014001-I254-18,7654899810387,COMPRESSION GOOD LEGS STRAIGHT JEANS,Good Legs Straight,42916104863827,197217942572
153951,GLST014001-I254-20,7654899810387,COMPRESSION GOOD LEGS STRAIGHT JEANS,Good Legs Straight,42916104732755,197217942596
153952,GLST014001-I254-22,7654899810387,COMPRESSION GOOD LEGS STRAIGHT JEANS,Good Legs Straight,42916104896595,197217942602
153953,GLST014001-I254-24,7654899810387,COMPRESSION GOOD LEGS STRAIGHT JEANS,Good Legs Straight,42916104765523,197217942619
153954,GLST014001-I254-26,7654899810387,COMPRESSION GOOD LEGS STRAIGHT JEANS,Good Legs Straight,42916104929363,197217942626
153955,GLST014001-I254-28,7654899810387,COMPRESSION GOOD LEGS STRAIGHT JEANS,Good Legs Straight,42916104798291,197217942633
153956,GLST014001-I254-30,7654899810387,COMPRESSION GOOD LEGS STRAIGHT JEANS,Good Legs Straight,42916104962131,197217942640
3203,GFD275-I908-00,7454718394451,GOOD 90S CROPPED RHINESTONE JEANS,Good 90S Rhinestone Crop,42225509564499,197217734276
3204,GFD275-I908-0,7454718394451,GOOD 90S CROPPED RHINESTONE JEANS,Good 90S Rhinestone Crop,42225509072979,197217734269
3205,GFD275-I908-2,7454718394451,GOOD 90S CROPPED RHINESTONE JEANS,Good 90S Rhinestone Crop,42225509204051,197217734344
3206,GFD275-I908-4,7454718394451,GOOD 90S CROPPED RHINESTONE JEANS,Good 90S Rhinestone Crop,42225509105747,197217734429
3207,GFD275-I908-6,7454718394451,GOOD 90S CROPPED RHINESTONE JEANS,Good 90S Rhinestone Crop,42225509236819,197217734436
3208,GFD275-I908-8,7454718394451,GOOD 90S CROPPED RHINESTONE JEANS,Good 90S Rhinestone Crop,42225509138515,197217734443
3209,GFD275-I908-10,7454718394451,GOOD 90S CROPPED RHINESTONE JEANS,Good 90S Rhinestone Crop,42225509269587,197217734283
3210,GFD275-I908-12,7454718394451,GOOD 90S CROPPED RHINESTONE JEANS,Good 90S Rhinestone Crop,42225509171283,197217734290
3211,GFD275-I908-14,7454718394451,GOOD 90S CROPPED RHINESTONE JEANS,Good 90S Rhinestone Crop,42225509302355,197217734306
3212,GFD275-I908-15,7454718394451,GOOD 90S CROPPED RHINESTONE JEANS,Good 90S Rhinestone Crop,42225509531731,197217734313
3213,GFD275-I908-16,7454718394451,GOOD 90S CROPPED RHINESTONE JEANS,Good 90S Rhinestone Crop,42225509335123,197217734320
3214,GFD275-I908-18,7454718394451,GOOD 90S CROPPED RHINESTONE JEANS,Good 90S Rhinestone Crop,42225509498963,197217734337
3215,GFD275-I908-20,7454718394451,GOOD 90S CROPPED RHINESTONE JEANS,Good 90S Rhinestone Crop,42225509367891,197217734351
3216,GFD275-I908-22,7454718394451,GOOD 90S CROPPED RHINESTONE JEANS,Good 90S Rhinestone Crop,42225509597267,197217734368
3217,GFD275-I908-24,7454718394451,GOOD 90S CROPPED RHINESTONE JEANS,Good 90S Rhinestone Crop,42225509400659,197217734375
3218,GFD275-I908-26,7454718394451,GOOD 90S CROPPED RHINESTONE JEANS,Good 90S Rhinestone Crop,42225509007443,197217734382
3219,GFD275-I908-28,7454718394451,GOOD 90S CROPPED RHINESTONE JEANS,Good 90S Rhinestone Crop,42225509433427,197217734399
3220,GFD275-I908-30,7454718394451,GOOD 90S CROPPED RHINESTONE JEANS,Good 90S Rhinestone Crop,42225509040211,197217734405
3221,GFD275-I908-32,7454718394451,GOOD 90S CROPPED RHINESTONE JEANS,Good 90S Rhinestone Crop,42225509466195,197217734412
143996,GLF960002DP-I1090-00,7682231959635,DOLLY CORSET JEANS,Dolly Corset,43033787269203,197217765041
143997,GLF960002DP-I1090-0,7682231959635,DOLLY CORSET JEANS,Dolly Corset,43033787596883,197217765034
143998,GLF960002DP-I1090-2,7682231959635,DOLLY CORSET JEANS,Dolly Corset,43033787236435,197217765119
143999,GLF960002DP-I1090-4,7682231959635,DOLLY CORSET JEANS,Dolly Corset,43033787629651,197217765195
144000,GLF960002DP-I1090-6,7682231959635,DOLLY CORSET JEANS,Dolly Corset,43033787334739,197217765201
144001,GLF960002DP-I1090-8,7682231959635,DOLLY CORSET JEANS,Dolly Corset,43033787662419,197217765218
144002,GLF960002DP-I1090-10,7682231959635,DOLLY CORSET JEANS,Dolly Corset,43033787367507,197217765058
144003,GLF960002DP-I1090-12,7682231959635,DOLLY CORSET JEANS,Dolly Corset,43033787695187,197217765065
144004,GLF960002DP-I1090-14,7682231959635,DOLLY CORSET JEANS,Dolly Corset,43033787400275,197217765072
144005,GLF960002DP-I1090-15,7682231959635,DOLLY CORSET JEANS,Dolly Corset,43033787727955,197217765089
144006,GLF960002DP-I1090-16,7682231959635,DOLLY CORSET JEANS,Dolly Corset,43033787433043,197217765096
144007,GLF960002DP-I1090-18,7682231959635,DOLLY CORSET JEANS,Dolly Corset,43033787760723,197217765102
144008,GLF960002DP-I1090-20,7682231959635,DOLLY CORSET JEANS,Dolly Corset,43033787465811,197217765126
144009,GLF960002DP-I1090-22,7682231959635,DOLLY CORSET JEANS,Dolly Corset,43033787793491,197217765133
144010,GLF960002DP-I1090-24,7682231959635,DOLLY CORSET JEANS,Dolly Corset,43033787498579,197217765140
144011,GLF960002DP-I1090-26,7682231959635,DOLLY CORSET JEANS,Dolly Corset,43033787826259,197217765157
144012,GLF960002DP-I1090-28,7682231959635,DOLLY CORSET JEANS,Dolly Corset,43033787531347,197217765164
144013,GLF960002DP-I1090-30,7682231959635,DOLLY CORSET JEANS,Dolly Corset,43033787301971,197217765171
144014,GLF960002DP-I1090-32,7682231959635,DOLLY CORSET JEANS,Dolly Corset,43033787564115,197217765188
144072,GSKA024B003DP-K415-00,7697667817555,DOLLY JOLEANS CRYSTAL RELAXED JEANS,Dolly Joleans Crystal Relaxed,43082518265939,197217765911
144073,GSKA024B003DP-K415-0,7697667817555,DOLLY JOLEANS CRYSTAL RELAXED JEANS,Dolly Joleans Crystal Relaxed,43082518233171,197217765904
144074,GSKA024B003DP-K415-2,7697667817555,DOLLY JOLEANS CRYSTAL RELAXED JEANS,Dolly Joleans Crystal Relaxed,43082518724691,197217765980
144075,GSKA024B003DP-K415-4,7697667817555,DOLLY JOLEANS CRYSTAL RELAXED JEANS,Dolly Joleans Crystal Relaxed,43082518200403,197217766062
144076,GSKA024B003DP-K415-6,7697667817555,DOLLY JOLEANS CRYSTAL RELAXED JEANS,Dolly Joleans Crystal Relaxed,43082518134867,197217766079
144077,GSKA024B003DP-K415-8,7697667817555,DOLLY JOLEANS CRYSTAL RELAXED JEANS,Dolly Joleans Crystal Relaxed,43082518659155,197217766086
144078,GSKA024B003DP-K415-10,7697667817555,DOLLY JOLEANS CRYSTAL RELAXED JEANS,Dolly Joleans Crystal Relaxed,43082518167635,197217765928
144079,GSKA024B003DP-K415-12,7697667817555,DOLLY JOLEANS CRYSTAL RELAXED JEANS,Dolly Joleans Crystal Relaxed,43082518626387,197217765935
144080,GSKA024B003DP-K415-14,7697667817555,DOLLY JOLEANS CRYSTAL RELAXED JEANS,Dolly Joleans Crystal Relaxed,43082518691923,197217765942
144081,GSKA024B003DP-K415-15,7697667817555,DOLLY JOLEANS CRYSTAL RELAXED JEANS,Dolly Joleans Crystal Relaxed,43082518593619,197217765959
144082,GSKA024B003DP-K415-16,7697667817555,DOLLY JOLEANS CRYSTAL RELAXED JEANS,Dolly Joleans Crystal Relaxed,43082518462547,197217765966
144083,GSKA024B003DP-K415-18,7697667817555,DOLLY JOLEANS CRYSTAL RELAXED JEANS,Dolly Joleans Crystal Relaxed,43082518560851,197217765973
144084,GSKA024B003DP-K415-20,7697667817555,DOLLY JOLEANS CRYSTAL RELAXED JEANS,Dolly Joleans Crystal Relaxed,43082518429779,197217765997
144085,GSKA024B003DP-K415-22,7697667817555,DOLLY JOLEANS CRYSTAL RELAXED JEANS,Dolly Joleans Crystal Relaxed,43082518528083,197217766000
144086,GSKA024B003DP-K415-24,7697667817555,DOLLY JOLEANS CRYSTAL RELAXED JEANS,Dolly Joleans Crystal Relaxed,43082518397011,197217766017
144087,GSKA024B003DP-K415-26,7697667817555,DOLLY JOLEANS CRYSTAL RELAXED JEANS,Dolly Joleans Crystal Relaxed,43082518298707,197217766024
144088,GSKA024B003DP-K415-28,7697667817555,DOLLY JOLEANS CRYSTAL RELAXED JEANS,Dolly Joleans Crystal Relaxed,43082518364243,197217766031
144089,GSKA024B003DP-K415-30,7697667817555,DOLLY JOLEANS CRYSTAL RELAXED JEANS,Dolly Joleans Crystal Relaxed,43082518495315,197217766048
144090,GSKA024B003DP-K415-32,7697667817555,DOLLY JOLEANS CRYSTAL RELAXED JEANS,Dolly Joleans Crystal Relaxed,43082518331475,197217766055
144053,GLF960BDP-K391-00,7693087080531,DOLLY JOLEANS FLARE JEANS,Dolly Joleans Flare,43066489798739,197217804085
144054,GLF960BDP-K391-0,7693087080531,DOLLY JOLEANS FLARE JEANS,Dolly Joleans Flare,43066489831507,197217804078
144055,GLF960BDP-K391-2,7693087080531,DOLLY JOLEANS FLARE JEANS,Dolly Joleans Flare,43066489765971,197217804153
144056,GLF960BDP-K391-4,7693087080531,DOLLY JOLEANS FLARE JEANS,Dolly Joleans Flare,43066490126419,197217804238
144057,GLF960BDP-K391-6,7693087080531,DOLLY JOLEANS FLARE JEANS,Dolly Joleans Flare,43066489864275,197217804245
144058,GLF960BDP-K391-8,7693087080531,DOLLY JOLEANS FLARE JEANS,Dolly Joleans Flare,43066490159187,197217804252
144059,GLF960BDP-K391-10,7693087080531,DOLLY JOLEANS FLARE JEANS,Dolly Joleans Flare,43066489897043,197217804092
144060,GLF960BDP-K391-12,7693087080531,DOLLY JOLEANS FLARE JEANS,Dolly Joleans Flare,43066490191955,197217804108
144061,GLF960BDP-K391-14,7693087080531,DOLLY JOLEANS FLARE JEANS,Dolly Joleans Flare,43066489929811,197217804115
144062,GLF960BDP-K391-15,7693087080531,DOLLY JOLEANS FLARE JEANS,Dolly Joleans Flare,43066490224723,197217804122
144063,GLF960BDP-K391-16,7693087080531,DOLLY JOLEANS FLARE JEANS,Dolly Joleans Flare,43066489962579,197217804139
144064,GLF960BDP-K391-18,7693087080531,DOLLY JOLEANS FLARE JEANS,Dolly Joleans Flare,43066490257491,197217804146
144065,GLF960BDP-K391-20,7693087080531,DOLLY JOLEANS FLARE JEANS,Dolly Joleans Flare,43066489995347,197217804160
144066,GLF960BDP-K391-22,7693087080531,DOLLY JOLEANS FLARE JEANS,Dolly Joleans Flare,43066490290259,197217804177
144067,GLF960BDP-K391-24,7693087080531,DOLLY JOLEANS FLARE JEANS,Dolly Joleans Flare,43066490028115,197217804184
144068,GLF960BDP-K391-26,7693087080531,DOLLY JOLEANS FLARE JEANS,Dolly Joleans Flare,43066489700435,197217804191
144069,GLF960BDP-K391-28,7693087080531,DOLLY JOLEANS FLARE JEANS,Dolly Joleans Flare,43066490060883,197217804207
144070,GLF960BDP-K391-30,7693087080531,DOLLY JOLEANS FLARE JEANS,Dolly Joleans Flare,43066489733203,197217804214
144071,GLF960BDP-K391-32,7693087080531,DOLLY JOLEANS FLARE JEANS,Dolly Joleans Flare,43066490093651,197217804221
147335,GLFP960BDP-K391-0,7729681006675,DOLLY JOLEANS PETITE FLARE JEANS,Dolly Joleans Flare,43155940048979,197217804269
147336,GLFP960BDP-K391-2,7729681006675,DOLLY JOLEANS PETITE FLARE JEANS,Dolly Joleans Flare,43155940081747,197217804344
147337,GLFP960BDP-K391-4,7729681006675,DOLLY JOLEANS PETITE FLARE JEANS,Dolly Joleans Flare,43155940114515,197217804429
147338,GLFP960BDP-K391-6,7729681006675,DOLLY JOLEANS PETITE FLARE JEANS,Dolly Joleans Flare,43155940147283,197217804436
147339,GLFP960BDP-K391-8,7729681006675,DOLLY JOLEANS PETITE FLARE JEANS,Dolly Joleans Flare,43155940180051,197217804443
147340,GLFP960BDP-K391-10,7729681006675,DOLLY JOLEANS PETITE FLARE JEANS,Dolly Joleans Flare,43155940212819,197217804283
147341,GLFP960BDP-K391-12,7729681006675,DOLLY JOLEANS PETITE FLARE JEANS,Dolly Joleans Flare,43155940245587,197217804290
147342,GLFP960BDP-K391-14,7729681006675,DOLLY JOLEANS PETITE FLARE JEANS,Dolly Joleans Flare,43155940278355,197217804306
147343,GLFP960BDP-K391-15,7729681006675,DOLLY JOLEANS PETITE FLARE JEANS,Dolly Joleans Flare,43155940311123,197217804313
147344,GLFP960BDP-K391-16,7729681006675,DOLLY JOLEANS PETITE FLARE JEANS,Dolly Joleans Flare,43155940343891,197217804320
147345,GLFP960BDP-K391-18,7729681006675,DOLLY JOLEANS PETITE FLARE JEANS,Dolly Joleans Flare,43155940376659,197217804337
147346,GLFP960BDP-K391-20,7729681006675,DOLLY JOLEANS PETITE FLARE JEANS,Dolly Joleans Flare,43155940409427,197217804351
147347,GLFP960BDP-K391-22,7729681006675,DOLLY JOLEANS PETITE FLARE JEANS,Dolly Joleans Flare,43155940442195,197217804368
147348,GLFP960BDP-K391-24,7729681006675,DOLLY JOLEANS PETITE FLARE JEANS,Dolly Joleans Flare,43155940474963,197217804375
147349,GLFP960BDP-K391-26,7729681006675,DOLLY JOLEANS PETITE FLARE JEANS,Dolly Joleans Flare,43155940507731,197217804382
147350,GLFP960BDP-K391-28,7729681006675,DOLLY JOLEANS PETITE FLARE JEANS,Dolly Joleans Flare,43155940540499,197217804399
147351,GLFP960BDP-K391-30,7729681006675,DOLLY JOLEANS PETITE FLARE JEANS,Dolly Joleans Flare,43155940573267,197217804405
147352,GLFP960BDP-K391-32,7729681006675,DOLLY JOLEANS PETITE FLARE JEANS,Dolly Joleans Flare,43155940606035,197217804412
147650,GLFP960BDP-K391-00,7729681006675,DOLLY JOLEANS PETITE FLARE JEANS,Dolly Joleans Flare,43170308489299,197217804276
144091,GLSRP960001DP-I1080-00,7682227437651,DOLLY JOLEANS PETITE STRAIGHT JEANS,Dolly Joleans Straight,43033765118035,197217764068
144092,GLSRP960001DP-I1080-0,7682227437651,DOLLY JOLEANS PETITE STRAIGHT JEANS,Dolly Joleans Straight,43033764790355,197217764051
144093,GLSRP960001DP-I1080-2,7682227437651,DOLLY JOLEANS PETITE STRAIGHT JEANS,Dolly Joleans Straight,43033765085267,197217764136
144094,GLSRP960001DP-I1080-4,7682227437651,DOLLY JOLEANS PETITE STRAIGHT JEANS,Dolly Joleans Straight,43033765380179,197217764211
144095,GLSRP960001DP-I1080-6,7682227437651,DOLLY JOLEANS PETITE STRAIGHT JEANS,Dolly Joleans Straight,43033765052499,197217764228
144096,GLSRP960001DP-I1080-8,7682227437651,DOLLY JOLEANS PETITE STRAIGHT JEANS,Dolly Joleans Straight,43033765347411,197217764235
144097,GLSRP960001DP-I1080-10,7682227437651,DOLLY JOLEANS PETITE STRAIGHT JEANS,Dolly Joleans Straight,43033765019731,197217764075
144098,GLSRP960001DP-I1080-12,7682227437651,DOLLY JOLEANS PETITE STRAIGHT JEANS,Dolly Joleans Straight,43033765314643,197217764082
144099,GLSRP960001DP-I1080-14,7682227437651,DOLLY JOLEANS PETITE STRAIGHT JEANS,Dolly Joleans Straight,43033764986963,197217764099
144100,GLSRP960001DP-I1080-15,7682227437651,DOLLY JOLEANS PETITE STRAIGHT JEANS,Dolly Joleans Straight,43033765281875,197217764105
144101,GLSRP960001DP-I1080-16,7682227437651,DOLLY JOLEANS PETITE STRAIGHT JEANS,Dolly Joleans Straight,43033764954195,197217764112
144102,GLSRP960001DP-I1080-18,7682227437651,DOLLY JOLEANS PETITE STRAIGHT JEANS,Dolly Joleans Straight,43033765249107,197217764129
144103,GLSRP960001DP-I1080-20,7682227437651,DOLLY JOLEANS PETITE STRAIGHT JEANS,Dolly Joleans Straight,43033764921427,197217764143
144104,GLSRP960001DP-I1080-22,7682227437651,DOLLY JOLEANS PETITE STRAIGHT JEANS,Dolly Joleans Straight,43033764823123,197217764150
144105,GLSRP960001DP-I1080-24,7682227437651,DOLLY JOLEANS PETITE STRAIGHT JEANS,Dolly Joleans Straight,43033764888659,197217764167
144106,GLSRP960001DP-I1080-26,7682227437651,DOLLY JOLEANS PETITE STRAIGHT JEANS,Dolly Joleans Straight,43033765183571,197217764174
144107,GLSRP960001DP-I1080-28,7682227437651,DOLLY JOLEANS PETITE STRAIGHT JEANS,Dolly Joleans Straight,43033764855891,197217764181
144108,GLSRP960001DP-I1080-30,7682227437651,DOLLY JOLEANS PETITE STRAIGHT JEANS,Dolly Joleans Straight,43033765150803,197217764198
144109,GLSRP960001DP-I1080-32,7682227437651,DOLLY JOLEANS PETITE STRAIGHT JEANS,Dolly Joleans Straight,43033765216339,197217764204
144110,GLSRP960001DP-I1081-00,7682227404883,DOLLY JOLEANS PETITE STRAIGHT JEANS,Dolly Joleans Straight,43033764429907,197217764259
144111,GLSRP960001DP-I1081-0,7682227404883,DOLLY JOLEANS PETITE STRAIGHT JEANS,Dolly Joleans Straight,43033764757587,197217764242
144112,GLSRP960001DP-I1081-2,7682227404883,DOLLY JOLEANS PETITE STRAIGHT JEANS,Dolly Joleans Straight,43033764462675,197217764327
144113,GLSRP960001DP-I1081-4,7682227404883,DOLLY JOLEANS PETITE STRAIGHT JEANS,Dolly Joleans Straight,43033764167763,197217764402
144114,GLSRP960001DP-I1081-6,7682227404883,DOLLY JOLEANS PETITE STRAIGHT JEANS,Dolly Joleans Straight,43033764495443,197217764419
144115,GLSRP960001DP-I1081-8,7682227404883,DOLLY JOLEANS PETITE STRAIGHT JEANS,Dolly Joleans Straight,43033764200531,197217764426
144116,GLSRP960001DP-I1081-10,7682227404883,DOLLY JOLEANS PETITE STRAIGHT JEANS,Dolly Joleans Straight,43033764528211,197217764266
144117,GLSRP960001DP-I1081-12,7682227404883,DOLLY JOLEANS PETITE STRAIGHT JEANS,Dolly Joleans Straight,43033764233299,197217764273
144118,GLSRP960001DP-I1081-14,7682227404883,DOLLY JOLEANS PETITE STRAIGHT JEANS,Dolly Joleans Straight,43033764560979,197217764280
144119,GLSRP960001DP-I1081-15,7682227404883,DOLLY JOLEANS PETITE STRAIGHT JEANS,Dolly Joleans Straight,43033764266067,197217764297
144120,GLSRP960001DP-I1081-16,7682227404883,DOLLY JOLEANS PETITE STRAIGHT JEANS,Dolly Joleans Straight,43033764593747,197217764303
144121,GLSRP960001DP-I1081-18,7682227404883,DOLLY JOLEANS PETITE STRAIGHT JEANS,Dolly Joleans Straight,43033764298835,197217764310
144122,GLSRP960001DP-I1081-20,7682227404883,DOLLY JOLEANS PETITE STRAIGHT JEANS,Dolly Joleans Straight,43033764626515,197217764334
144123,GLSRP960001DP-I1081-22,7682227404883,DOLLY JOLEANS PETITE STRAIGHT JEANS,Dolly Joleans Straight,43033764331603,197217764341
144124,GLSRP960001DP-I1081-24,7682227404883,DOLLY JOLEANS PETITE STRAIGHT JEANS,Dolly Joleans Straight,43033764659283,197217764358
144125,GLSRP960001DP-I1081-26,7682227404883,DOLLY JOLEANS PETITE STRAIGHT JEANS,Dolly Joleans Straight,43033764364371,197217764365
144126,GLSRP960001DP-I1081-28,7682227404883,DOLLY JOLEANS PETITE STRAIGHT JEANS,Dolly Joleans Straight,43033764692051,197217764372
144127,GLSRP960001DP-I1081-30,7682227404883,DOLLY JOLEANS PETITE STRAIGHT JEANS,Dolly Joleans Straight,43033764397139,197217764389
144128,GLSRP960001DP-I1081-32,7682227404883,DOLLY JOLEANS PETITE STRAIGHT JEANS,Dolly Joleans Straight,43033764724819,197217764396
144015,GLSR960001DP-I1080-00,7682206597203,DOLLY JOLEANS STRAIGHT JEANS,Dolly Joleans Straight,43033699614803,197217763689
144016,GLSR960001DP-I1080-0,7682206597203,DOLLY JOLEANS STRAIGHT JEANS,Dolly Joleans Straight,43033699713107,197217763672
144017,GLSR960001DP-I1080-2,7682206597203,DOLLY JOLEANS STRAIGHT JEANS,Dolly Joleans Straight,43033699745875,197217763757
144018,GLSR960001DP-I1080-4,7682206597203,DOLLY JOLEANS STRAIGHT JEANS,Dolly Joleans Straight,43033699778643,197217763832
144019,GLSR960001DP-I1080-6,7682206597203,DOLLY JOLEANS STRAIGHT JEANS,Dolly Joleans Straight,43033699352659,197217763849
144020,GLSR960001DP-I1080-8,7682206597203,DOLLY JOLEANS STRAIGHT JEANS,Dolly Joleans Straight,43033699811411,197217763856
144021,GLSR960001DP-I1080-10,7682206597203,DOLLY JOLEANS STRAIGHT JEANS,Dolly Joleans Straight,43033699385427,197217763696
144022,GLSR960001DP-I1080-12,7682206597203,DOLLY JOLEANS STRAIGHT JEANS,Dolly Joleans Straight,43033699844179,197217763702
144023,GLSR960001DP-I1080-14,7682206597203,DOLLY JOLEANS STRAIGHT JEANS,Dolly Joleans Straight,43033699418195,197217763719
144024,GLSR960001DP-I1080-15,7682206597203,DOLLY JOLEANS STRAIGHT JEANS,Dolly Joleans Straight,43033699876947,197217763726
144025,GLSR960001DP-I1080-16,7682206597203,DOLLY JOLEANS STRAIGHT JEANS,Dolly Joleans Straight,43033699450963,197217763733
144026,GLSR960001DP-I1080-18,7682206597203,DOLLY JOLEANS STRAIGHT JEANS,Dolly Joleans Straight,43033699909715,197217763740
144027,GLSR960001DP-I1080-20,7682206597203,DOLLY JOLEANS STRAIGHT JEANS,Dolly Joleans Straight,43033699483731,197217763764
144028,GLSR960001DP-I1080-22,7682206597203,DOLLY JOLEANS STRAIGHT JEANS,Dolly Joleans Straight,43033699319891,197217763771
144029,GLSR960001DP-I1080-24,7682206597203,DOLLY JOLEANS STRAIGHT JEANS,Dolly Joleans Straight,43033699516499,197217763788
144030,GLSR960001DP-I1080-26,7682206597203,DOLLY JOLEANS STRAIGHT JEANS,Dolly Joleans Straight,43033699549267,197217763795
144031,GLSR960001DP-I1080-28,7682206597203,DOLLY JOLEANS STRAIGHT JEANS,Dolly Joleans Straight,43033699647571,197217763801
144032,GLSR960001DP-I1080-30,7682206597203,DOLLY JOLEANS STRAIGHT JEANS,Dolly Joleans Straight,43033699582035,197217763818
144033,GLSR960001DP-I1080-32,7682206597203,DOLLY JOLEANS STRAIGHT JEANS,Dolly Joleans Straight,43033699680339,197217763825
144129,GLSR960001DP-I1081-00,7682206564435,DOLLY JOLEANS STRAIGHT JEANS,Dolly Joleans Straight,43033698828371,197217763870
144130,GLSR960001DP-I1081-0,7682206564435,DOLLY JOLEANS STRAIGHT JEANS,Dolly Joleans Straight,43033698795603,197217763863
144131,GLSR960001DP-I1081-2,7682206564435,DOLLY JOLEANS STRAIGHT JEANS,Dolly Joleans Straight,43033698893907,197217763948
144132,GLSR960001DP-I1081-4,7682206564435,DOLLY JOLEANS STRAIGHT JEANS,Dolly Joleans Straight,43033698861139,197217764020
144133,GLSR960001DP-I1081-6,7682206564435,DOLLY JOLEANS STRAIGHT JEANS,Dolly Joleans Straight,43033699287123,197217764037
144134,GLSR960001DP-I1081-8,7682206564435,DOLLY JOLEANS STRAIGHT JEANS,Dolly Joleans Straight,43033699188819,197217764044
144135,GLSR960001DP-I1081-10,7682206564435,DOLLY JOLEANS STRAIGHT JEANS,Dolly Joleans Straight,43033698762835,197217763887
144136,GLSR960001DP-I1081-12,7682206564435,DOLLY JOLEANS STRAIGHT JEANS,Dolly Joleans Straight,43033699156051,197217763894
144137,GLSR960001DP-I1081-14,7682206564435,DOLLY JOLEANS STRAIGHT JEANS,Dolly Joleans Straight,43033698697299,197217763900
144138,GLSR960001DP-I1081-15,7682206564435,DOLLY JOLEANS STRAIGHT JEANS,Dolly Joleans Straight,43033699123283,197217763917
144139,GLSR960001DP-I1081-16,7682206564435,DOLLY JOLEANS STRAIGHT JEANS,Dolly Joleans Straight,43033698730067,197217763924
144140,GLSR960001DP-I1081-18,7682206564435,DOLLY JOLEANS STRAIGHT JEANS,Dolly Joleans Straight,43033699090515,197217763931
144141,GLSR960001DP-I1081-20,7682206564435,DOLLY JOLEANS STRAIGHT JEANS,Dolly Joleans Straight,43033699254355,197217763955
144142,GLSR960001DP-I1081-22,7682206564435,DOLLY JOLEANS STRAIGHT JEANS,Dolly Joleans Straight,43033699057747,197217763962
144143,GLSR960001DP-I1081-24,7682206564435,DOLLY JOLEANS STRAIGHT JEANS,Dolly Joleans Straight,43033699221587,197217763979
144144,GLSR960001DP-I1081-26,7682206564435,DOLLY JOLEANS STRAIGHT JEANS,Dolly Joleans Straight,43033699024979,197217763986
144145,GLSR960001DP-I1081-28,7682206564435,DOLLY JOLEANS STRAIGHT JEANS,Dolly Joleans Straight,43033698959443,197217763993
144146,GLSR960001DP-I1081-30,7682206564435,DOLLY JOLEANS STRAIGHT JEANS,Dolly Joleans Straight,43033698992211,197217764006
144147,GLSR960001DP-I1081-32,7682206564435,DOLLY JOLEANS STRAIGHT JEANS,Dolly Joleans Straight,43033698926675,197217764013
144034,GWPDOL941T-I1089-00,7571897385043,DOLLY JOLEANS CRYSTAL WIDE JEANS,Dolly Joleans Crystal Wide,42593153417299,197217802777
144035,GWPDOL941T-I1089-0,7571897385043,DOLLY JOLEANS CRYSTAL WIDE JEANS,Dolly Joleans Crystal Wide,42593153220691,197217802760
144036,GWPDOL941T-I1089-2,7571897385043,DOLLY JOLEANS CRYSTAL WIDE JEANS,Dolly Joleans Crystal Wide,42593153286227,197217802845
144037,GWPDOL941T-I1089-4,7571897385043,DOLLY JOLEANS CRYSTAL WIDE JEANS,Dolly Joleans Crystal Wide,42593153810515,197217802920
144038,GWPDOL941T-I1089-6,7571897385043,DOLLY JOLEANS CRYSTAL WIDE JEANS,Dolly Joleans Crystal Wide,42593153482835,197217802937
144039,GWPDOL941T-I1089-8,7571897385043,DOLLY JOLEANS CRYSTAL WIDE JEANS,Dolly Joleans Crystal Wide,42593153777747,197217802944
144040,GWPDOL941T-I1089-10,7571897385043,DOLLY JOLEANS CRYSTAL WIDE JEANS,Dolly Joleans Crystal Wide,42593153318995,197217802784
144041,GWPDOL941T-I1089-12,7571897385043,DOLLY JOLEANS CRYSTAL WIDE JEANS,Dolly Joleans Crystal Wide,42593153744979,197217802791
144042,GWPDOL941T-I1089-14,7571897385043,DOLLY JOLEANS CRYSTAL WIDE JEANS,Dolly Joleans Crystal Wide,42593153351763,197217802807
144043,GWPDOL941T-I1089-15,7571897385043,DOLLY JOLEANS CRYSTAL WIDE JEANS,Dolly Joleans Crystal Wide,42593153712211,197217802814
144044,GWPDOL941T-I1089-16,7571897385043,DOLLY JOLEANS CRYSTAL WIDE JEANS,Dolly Joleans Crystal Wide,42593153253459,197217802821
144045,GWPDOL941T-I1089-18,7571897385043,DOLLY JOLEANS CRYSTAL WIDE JEANS,Dolly Joleans Crystal Wide,42593153679443,197217802838
144046,GWPDOL941T-I1089-20,7571897385043,DOLLY JOLEANS CRYSTAL WIDE JEANS,Dolly Joleans Crystal Wide,42593153515603,197217802852
144047,GWPDOL941T-I1089-22,7571897385043,DOLLY JOLEANS CRYSTAL WIDE JEANS,Dolly Joleans Crystal Wide,42593153646675,197217802869
144048,GWPDOL941T-I1089-24,7571897385043,DOLLY JOLEANS CRYSTAL WIDE JEANS,Dolly Joleans Crystal Wide,42593153548371,197217802876
144049,GWPDOL941T-I1089-26,7571897385043,DOLLY JOLEANS CRYSTAL WIDE JEANS,Dolly Joleans Crystal Wide,42593153384531,197217802883
144050,GWPDOL941T-I1089-28,7571897385043,DOLLY JOLEANS CRYSTAL WIDE JEANS,Dolly Joleans Crystal Wide,42593153581139,197217802890
144051,GWPDOL941T-I1089-30,7571897385043,DOLLY JOLEANS CRYSTAL WIDE JEANS,Dolly Joleans Crystal Wide,42593153450067,197217802906
144052,GWPDOL941T-I1089-32,7571897385043,DOLLY JOLEANS CRYSTAL WIDE JEANS,Dolly Joleans Crystal Wide,42593153613907,197217802913
2541,GNIC024T-I963-00,7560281161811,GOOD 90S CROPPED RELAXED JEANS,Good 90S Relaxed Crop,42544248291411,197217753369
2542,GNIC024T-I963-0,7560281161811,GOOD 90S CROPPED RELAXED JEANS,Good 90S Relaxed Crop,42544248324179,197217753352
2543,GNIC024T-I963-2,7560281161811,GOOD 90S CROPPED RELAXED JEANS,Good 90S Relaxed Crop,42544247865427,197217753437
2544,GNIC024T-I963-4,7560281161811,GOOD 90S CROPPED RELAXED JEANS,Good 90S Relaxed Crop,42544247898195,197217753512
2545,GNIC024T-I963-6,7560281161811,GOOD 90S CROPPED RELAXED JEANS,Good 90S Relaxed Crop,42544247963731,197217753529
2546,GNIC024T-I963-8,7560281161811,GOOD 90S CROPPED RELAXED JEANS,Good 90S Relaxed Crop,42544248029267,197217753536
2547,GNIC024T-I963-10,7560281161811,GOOD 90S CROPPED RELAXED JEANS,Good 90S Relaxed Crop,42544248094803,197217753376
2548,GNIC024T-I963-12,7560281161811,GOOD 90S CROPPED RELAXED JEANS,Good 90S Relaxed Crop,42544248356947,197217753383
2549,GNIC024T-I963-14,7560281161811,GOOD 90S CROPPED RELAXED JEANS,Good 90S Relaxed Crop,42544248389715,197217753390
2550,GNIC024T-I963-15,7560281161811,GOOD 90S CROPPED RELAXED JEANS,Good 90S Relaxed Crop,42544248422483,197217753406
2551,GNIC024T-I963-16,7560281161811,GOOD 90S CROPPED RELAXED JEANS,Good 90S Relaxed Crop,42544248455251,197217753413
2552,GNIC024T-I963-18,7560281161811,GOOD 90S CROPPED RELAXED JEANS,Good 90S Relaxed Crop,42544247930963,197217753420
2553,GNIC024T-I963-20,7560281161811,GOOD 90S CROPPED RELAXED JEANS,Good 90S Relaxed Crop,42544247996499,197217753444
2554,GNIC024T-I963-22,7560281161811,GOOD 90S CROPPED RELAXED JEANS,Good 90S Relaxed Crop,42544248062035,197217753451
2555,GNIC024T-I963-24,7560281161811,GOOD 90S CROPPED RELAXED JEANS,Good 90S Relaxed Crop,42544248127571,197217753468
2556,GNIC024T-I963-26,7560281161811,GOOD 90S CROPPED RELAXED JEANS,Good 90S Relaxed Crop,42544248160339,197217753475
2557,GNIC024T-I963-28,7560281161811,GOOD 90S CROPPED RELAXED JEANS,Good 90S Relaxed Crop,42544248193107,197217753482
2558,GNIC024T-I963-30,7560281161811,GOOD 90S CROPPED RELAXED JEANS,Good 90S Relaxed Crop,42544248225875,197217753499
2559,GNIC024T-I963-32,7560281161811,GOOD 90S CROPPED RELAXED JEANS,Good 90S Relaxed Crop,42544248258643,197217753505
2522,GNIC024T-I964-00,7454718656595,GOOD 90S CROPPED RELAXED JEANS,Good 90S Relaxed Crop,42225512579155,197217733897
2523,GNIC024T-I964-0,7454718656595,GOOD 90S CROPPED RELAXED JEANS,Good 90S Relaxed Crop,42225512087635,197217733880
2524,GNIC024T-I964-2,7454718656595,GOOD 90S CROPPED RELAXED JEANS,Good 90S Relaxed Crop,42225512546387,197217733965
2525,GNIC024T-I964-4,7454718656595,GOOD 90S CROPPED RELAXED JEANS,Good 90S Relaxed Crop,42225512480851,197217734047
2526,GNIC024T-I964-6,7454718656595,GOOD 90S CROPPED RELAXED JEANS,Good 90S Relaxed Crop,42225512513619,197217734054
2527,GNIC024T-I964-8,7454718656595,GOOD 90S CROPPED RELAXED JEANS,Good 90S Relaxed Crop,42225512415315,197217734061
2528,GNIC024T-I964-10,7454718656595,GOOD 90S CROPPED RELAXED JEANS,Good 90S Relaxed Crop,42225512448083,197217733903
2529,GNIC024T-I964-12,7454718656595,GOOD 90S CROPPED RELAXED JEANS,Good 90S Relaxed Crop,42225512349779,197217733910
2530,GNIC024T-I964-14,7454718656595,GOOD 90S CROPPED RELAXED JEANS,Good 90S Relaxed Crop,42225512382547,197217733927
2531,GNIC024T-I964-15,7454718656595,GOOD 90S CROPPED RELAXED JEANS,Good 90S Relaxed Crop,42225512284243,197217733934
2532,GNIC024T-I964-16,7454718656595,GOOD 90S CROPPED RELAXED JEANS,Good 90S Relaxed Crop,42225512317011,197217733941
2533,GNIC024T-I964-18,7454718656595,GOOD 90S CROPPED RELAXED JEANS,Good 90S Relaxed Crop,42225512218707,197217733958
2534,GNIC024T-I964-20,7454718656595,GOOD 90S CROPPED RELAXED JEANS,Good 90S Relaxed Crop,42225512251475,197217733972
2535,GNIC024T-I964-22,7454718656595,GOOD 90S CROPPED RELAXED JEANS,Good 90S Relaxed Crop,42225512153171,197217733989
2536,GNIC024T-I964-24,7454718656595,GOOD 90S CROPPED RELAXED JEANS,Good 90S Relaxed Crop,42225512185939,197217733996
2537,GNIC024T-I964-26,7454718656595,GOOD 90S CROPPED RELAXED JEANS,Good 90S Relaxed Crop,42225512611923,197217734009
2538,GNIC024T-I964-28,7454718656595,GOOD 90S CROPPED RELAXED JEANS,Good 90S Relaxed Crop,42225512120403,197217734016
2539,GNIC024T-I964-30,7454718656595,GOOD 90S CROPPED RELAXED JEANS,Good 90S Relaxed Crop,42225512022099,197217734023
2540,GNIC024T-I964-32,7454718656595,GOOD 90S CROPPED RELAXED JEANS,Good 90S Relaxed Crop,42225512054867,197217734030
2020,GNIP156T-I893-00,7423563858003,GOOD PETITE 90s RELAXED JEANS,Good 90S Relaxed,42101192720467,197217688524
2021,GNIP156T-I893-0,7423563858003,GOOD PETITE 90s RELAXED JEANS,Good 90S Relaxed,42101192753235,197217688517
2022,GNIP156T-I893-2,7423563858003,GOOD PETITE 90s RELAXED JEANS,Good 90S Relaxed,42101192687699,197217688593
2023,GNIP156T-I893-4,7423563858003,GOOD PETITE 90s RELAXED JEANS,Good 90S Relaxed,42101192786003,197217688678
2024,GNIP156T-I893-6,7423563858003,GOOD PETITE 90s RELAXED JEANS,Good 90S Relaxed,42101192654931,197217688685
2025,GNIP156T-I893-8,7423563858003,GOOD PETITE 90s RELAXED JEANS,Good 90S Relaxed,42102239461459,197217688692
2026,GNIP156T-I893-10,7423563858003,GOOD PETITE 90s RELAXED JEANS,Good 90S Relaxed,42101192622163,197217688531
2027,GNIP156T-I893-12,7423563858003,GOOD PETITE 90s RELAXED JEANS,Good 90S Relaxed,42102239428691,197217688548
2028,GNIP156T-I893-14,7423563858003,GOOD PETITE 90s RELAXED JEANS,Good 90S Relaxed,42102239658067,197217688555
2029,GNIP156T-I893-15,7423563858003,GOOD PETITE 90s RELAXED JEANS,Good 90S Relaxed,42101192589395,197217688562
2030,GNIP156T-I893-16,7423563858003,GOOD PETITE 90s RELAXED JEANS,Good 90S Relaxed,42102239625299,197217688579
2031,GNIP156T-I893-18,7423563858003,GOOD PETITE 90s RELAXED JEANS,Good 90S Relaxed,42101192556627,197217688586
2032,GNIP156T-I893-20,7423563858003,GOOD PETITE 90s RELAXED JEANS,Good 90S Relaxed,42102239592531,197217688609
2033,GNIP156T-I893-22,7423563858003,GOOD PETITE 90s RELAXED JEANS,Good 90S Relaxed,42101192523859,197217688616
2034,GNIP156T-I893-24,7423563858003,GOOD PETITE 90s RELAXED JEANS,Good 90S Relaxed,42102239559763,197217688623
2035,GNIP156T-I893-26,7423563858003,GOOD PETITE 90s RELAXED JEANS,Good 90S Relaxed,42101192491091,197217688630
2036,GNIP156T-I893-28,7423563858003,GOOD PETITE 90s RELAXED JEANS,Good 90S Relaxed,42102239526995,197217688647
2037,GNIP156T-I893-30,7423563858003,GOOD PETITE 90s RELAXED JEANS,Good 90S Relaxed,42102239395923,197217688654
2038,GNIP156T-I893-32,7423563858003,GOOD PETITE 90s RELAXED JEANS,Good 90S Relaxed,42102239494227,197217688661
4547,GFD354-I927-00,7509325938771,GOOD 90S RELAXED COATED JEANS,Good 90S Relaxed,42414992687187,197217776887
4548,GFD354-I927-0,7509325938771,GOOD 90S RELAXED COATED JEANS,Good 90S Relaxed,42414992490579,197217776870
4549,GFD354-I927-2,7509325938771,GOOD 90S RELAXED COATED JEANS,Good 90S Relaxed,42414993014867,197217776955
4550,GFD354-I927-4,7509325938771,GOOD 90S RELAXED COATED JEANS,Good 90S Relaxed,42414992457811,197217777037
4551,GFD354-I927-6,7509325938771,GOOD 90S RELAXED COATED JEANS,Good 90S Relaxed,42414992752723,197217777044
4552,GFD354-I927-8,7509325938771,GOOD 90S RELAXED COATED JEANS,Good 90S Relaxed,42414992425043,197217777051
4553,GFD354-I927-10,7509325938771,GOOD 90S RELAXED COATED JEANS,Good 90S Relaxed,42414992785491,197217776894
4554,GFD354-I927-12,7509325938771,GOOD 90S RELAXED COATED JEANS,Good 90S Relaxed,42414992719955,197217776900
4555,GFD354-I927-14,7509325938771,GOOD 90S RELAXED COATED JEANS,Good 90S Relaxed,42414992818259,197217776917
4556,GFD354-I927-15,7509325938771,GOOD 90S RELAXED COATED JEANS,Good 90S Relaxed,42414992654419,197217776924
4557,GFD354-I927-16,7509325938771,GOOD 90S RELAXED COATED JEANS,Good 90S Relaxed,42414992851027,197217776931
4558,GFD354-I927-18,7509325938771,GOOD 90S RELAXED COATED JEANS,Good 90S Relaxed,42414992621651,197217776948
4559,GFD354-I927-20,7509325938771,GOOD 90S RELAXED COATED JEANS,Good 90S Relaxed,42414992883795,197217776962
4560,GFD354-I927-22,7509325938771,GOOD 90S RELAXED COATED JEANS,Good 90S Relaxed,42414992588883,197217776979
4561,GFD354-I927-24,7509325938771,GOOD 90S RELAXED COATED JEANS,Good 90S Relaxed,42414992916563,197217776986
4562,GFD354-I927-26,7509325938771,GOOD 90S RELAXED COATED JEANS,Good 90S Relaxed,42414992556115,197217776993
4563,GFD354-I927-28,7509325938771,GOOD 90S RELAXED COATED JEANS,Good 90S Relaxed,42414992949331,197217777006
4564,GFD354-I927-30,7509325938771,GOOD 90S RELAXED COATED JEANS,Good 90S Relaxed,42414992523347,197217777013
4565,GFD354-I927-32,7509325938771,GOOD 90S RELAXED COATED JEANS,Good 90S Relaxed,42414992982099,197217777020
148456,GNIV024BT-K406-00,7509325119571,GOOD 90s RELAXED JEANS,Good 90S Relaxed,42414983708755,197217770946
148457,GNIV024BT-K406-0,7509325119571,GOOD 90s RELAXED JEANS,Good 90S Relaxed,42414983741523,197217770939
148458,GNIV024BT-K406-2,7509325119571,GOOD 90s RELAXED JEANS,Good 90S Relaxed,42414983413843,197217771011
148459,GNIV024BT-K406-4,7509325119571,GOOD 90s RELAXED JEANS,Good 90S Relaxed,42414983774291,197217771097
148460,GNIV024BT-K406-6,7509325119571,GOOD 90s RELAXED JEANS,Good 90S Relaxed,42414983446611,197217771103
148461,GNIV024BT-K406-8,7509325119571,GOOD 90s RELAXED JEANS,Good 90S Relaxed,42414983807059,197217771110
148462,GNIV024BT-K406-10,7509325119571,GOOD 90s RELAXED JEANS,Good 90S Relaxed,42414983479379,197217770953
148463,GNIV024BT-K406-12,7509325119571,GOOD 90s RELAXED JEANS,Good 90S Relaxed,42414983839827,197217770960
148464,GNIV024BT-K406-14,7509325119571,GOOD 90s RELAXED JEANS,Good 90S Relaxed,42414983512147,197217770977
148465,GNIV024BT-K406-15,7509325119571,GOOD 90s RELAXED JEANS,Good 90S Relaxed,42414983872595,197217770984
148466,GNIV024BT-K406-16,7509325119571,GOOD 90s RELAXED JEANS,Good 90S Relaxed,42414983544915,197217770991
148467,GNIV024BT-K406-18,7509325119571,GOOD 90s RELAXED JEANS,Good 90S Relaxed,42414983905363,197217771004
148468,GNIV024BT-K406-20,7509325119571,GOOD 90s RELAXED JEANS,Good 90S Relaxed,42414983577683,197217771028
148469,GNIV024BT-K406-22,7509325119571,GOOD 90s RELAXED JEANS,Good 90S Relaxed,42414983938131,197217771035
148470,GNIV024BT-K406-24,7509325119571,GOOD 90s RELAXED JEANS,Good 90S Relaxed,42414983610451,197217771042
148471,GNIV024BT-K406-26,7509325119571,GOOD 90s RELAXED JEANS,Good 90S Relaxed,42414983348307,197217771059
148472,GNIV024BT-K406-28,7509325119571,GOOD 90s RELAXED JEANS,Good 90S Relaxed,42414983643219,197217771066
148473,GNIV024BT-K406-30,7509325119571,GOOD 90s RELAXED JEANS,Good 90S Relaxed,42414983381075,197217771073
148474,GNIV024BT-K406-32,7509325119571,GOOD 90s RELAXED JEANS,Good 90S Relaxed,42414983675987,197217771080
2182,GNITSL024T-I1003-00,7509323481171,GOOD 90s RELAXED JEANS,Good 90S Relaxed,42414962999379,197217772339
2183,GNITSL024T-I1003-0,7509323481171,GOOD 90s RELAXED JEANS,Good 90S Relaxed,42414963425363,197217772322
2184,GNITSL024T-I1003-2,7509323481171,GOOD 90s RELAXED JEANS,Good 90S Relaxed,42414963294291,197217772407
2185,GNITSL024T-I1003-4,7509323481171,GOOD 90s RELAXED JEANS,Good 90S Relaxed,42414963458131,197217772483
2186,GNITSL024T-I1003-6,7509323481171,GOOD 90s RELAXED JEANS,Good 90S Relaxed,42414963064915,197217772490
2187,GNITSL024T-I1003-8,7509323481171,GOOD 90s RELAXED JEANS,Good 90S Relaxed,42414963490899,197217772506
2188,GNITSL024T-I1003-10,7509323481171,GOOD 90s RELAXED JEANS,Good 90S Relaxed,42414963097683,197217772346
2189,GNITSL024T-I1003-12,7509323481171,GOOD 90s RELAXED JEANS,Good 90S Relaxed,42414963523667,197217772353
2190,GNITSL024T-I1003-14,7509323481171,GOOD 90s RELAXED JEANS,Good 90S Relaxed,42414963130451,197217772360
2191,GNITSL024T-I1003-15,7509323481171,GOOD 90s RELAXED JEANS,Good 90S Relaxed,42414963556435,197217772377
2192,GNITSL024T-I1003-16,7509323481171,GOOD 90s RELAXED JEANS,Good 90S Relaxed,42414963163219,197217772384
2193,GNITSL024T-I1003-18,7509323481171,GOOD 90s RELAXED JEANS,Good 90S Relaxed,42414963589203,197217772391
2194,GNITSL024T-I1003-20,7509323481171,GOOD 90s RELAXED JEANS,Good 90S Relaxed,42414963195987,197217772414
2195,GNITSL024T-I1003-22,7509323481171,GOOD 90s RELAXED JEANS,Good 90S Relaxed,42414963228755,197217772421
2196,GNITSL024T-I1003-24,7509323481171,GOOD 90s RELAXED JEANS,Good 90S Relaxed,42414963327059,197217772438
2197,GNITSL024T-I1003-26,7509323481171,GOOD 90s RELAXED JEANS,Good 90S Relaxed,42414963261523,197217772445
2198,GNITSL024T-I1003-28,7509323481171,GOOD 90s RELAXED JEANS,Good 90S Relaxed,42414963359827,197217772452
2199,GNITSL024T-I1003-30,7509323481171,GOOD 90s RELAXED JEANS,Good 90S Relaxed,42414963032147,197217772469
2200,GNITSL024T-I1003-32,7509323481171,GOOD 90s RELAXED JEANS,Good 90S Relaxed,42414963392595,197217772476
143842,GNI024001-I1075-00,7509324529747,GOOD 90s RELAXED JEANS,Good 90S Relaxed,42414976761939,197217793235
143843,GNI024001-I1075-0,7509324529747,GOOD 90s RELAXED JEANS,Good 90S Relaxed,42414976467027,197217793228
143844,GNI024001-I1075-2,7509324529747,GOOD 90s RELAXED JEANS,Good 90S Relaxed,42414976794707,197217793303
143845,GNI024001-I1075-4,7509324529747,GOOD 90s RELAXED JEANS,Good 90S Relaxed,42414976434259,197217793389
143846,GNI024001-I1075-6,7509324529747,GOOD 90s RELAXED JEANS,Good 90S Relaxed,42414976204883,197217793396
143847,GNI024001-I1075-8,7509324529747,GOOD 90s RELAXED JEANS,Good 90S Relaxed,42414976532563,197217793402
143848,GNI024001-I1075-10,7509324529747,GOOD 90s RELAXED JEANS,Good 90S Relaxed,42414976237651,197217793242
143849,GNI024001-I1075-12,7509324529747,GOOD 90s RELAXED JEANS,Good 90S Relaxed,42414976565331,197217793259
143850,GNI024001-I1075-14,7509324529747,GOOD 90s RELAXED JEANS,Good 90S Relaxed,42414976270419,197217793266
143851,GNI024001-I1075-15,7509324529747,GOOD 90s RELAXED JEANS,Good 90S Relaxed,42414976598099,197217793273
143852,GNI024001-I1075-16,7509324529747,GOOD 90s RELAXED JEANS,Good 90S Relaxed,42414976303187,197217793280
143853,GNI024001-I1075-18,7509324529747,GOOD 90s RELAXED JEANS,Good 90S Relaxed,42414976630867,197217793297
143854,GNI024001-I1075-20,7509324529747,GOOD 90s RELAXED JEANS,Good 90S Relaxed,42414976335955,197217793310
143855,GNI024001-I1075-22,7509324529747,GOOD 90s RELAXED JEANS,Good 90S Relaxed,42414976663635,197217793327
143856,GNI024001-I1075-24,7509324529747,GOOD 90s RELAXED JEANS,Good 90S Relaxed,42414976368723,197217793334
143857,GNI024001-I1075-26,7509324529747,GOOD 90s RELAXED JEANS,Good 90S Relaxed,42414976696403,197217793341
143858,GNI024001-I1075-28,7509324529747,GOOD 90s RELAXED JEANS,Good 90S Relaxed,42414976401491,197217793358
143859,GNI024001-I1075-30,7509324529747,GOOD 90s RELAXED JEANS,Good 90S Relaxed,42414976729171,197217793365
143860,GNI024001-I1075-32,7509324529747,GOOD 90s RELAXED JEANS,Good 90S Relaxed,42414976499795,197217793372
2774,GNI156T-I962-00,7454716100691,GOOD 90s RELAXED JEANS,Good 90S Relaxed,42225480106067,197217742257
2775,GNI156T-I962-0,7454716100691,GOOD 90s RELAXED JEANS,Good 90S Relaxed,42225480237139,197217742240
2776,GNI156T-I962-2,7454716100691,GOOD 90s RELAXED JEANS,Good 90S Relaxed,42225480138835,197217742325
2777,GNI156T-I962-4,7454716100691,GOOD 90s RELAXED JEANS,Good 90S Relaxed,42225480499283,197217742400
2778,GNI156T-I962-6,7454716100691,GOOD 90s RELAXED JEANS,Good 90S Relaxed,42225480040531,197217742417
2779,GNI156T-I962-8,7454716100691,GOOD 90s RELAXED JEANS,Good 90S Relaxed,42225480466515,197217742424
2780,GNI156T-I962-10,7454716100691,GOOD 90s RELAXED JEANS,Good 90S Relaxed,42225480073299,197217742264
2781,GNI156T-I962-12,7454716100691,GOOD 90s RELAXED JEANS,Good 90S Relaxed,42225480433747,197217742271
2782,GNI156T-I962-14,7454716100691,GOOD 90s RELAXED JEANS,Good 90S Relaxed,42225480171603,197217742288
2783,GNI156T-I962-15,7454716100691,GOOD 90s RELAXED JEANS,Good 90S Relaxed,42225480400979,197217742295
2784,GNI156T-I962-16,7454716100691,GOOD 90s RELAXED JEANS,Good 90S Relaxed,42225480204371,197217742301
2785,GNI156T-I962-18,7454716100691,GOOD 90s RELAXED JEANS,Good 90S Relaxed,42225480597587,197217742318
2786,GNI156T-I962-20,7454716100691,GOOD 90s RELAXED JEANS,Good 90S Relaxed,42225480368211,197217742332
2787,GNI156T-I962-22,7454716100691,GOOD 90s RELAXED JEANS,Good 90S Relaxed,42225480564819,197217742349
2788,GNI156T-I962-24,7454716100691,GOOD 90s RELAXED JEANS,Good 90S Relaxed,42225480335443,197217742356
2789,GNI156T-I962-26,7454716100691,GOOD 90s RELAXED JEANS,Good 90S Relaxed,42225480532051,197217742363
2790,GNI156T-I962-28,7454716100691,GOOD 90s RELAXED JEANS,Good 90S Relaxed,42225480269907,197217742370
2791,GNI156T-I962-30,7454716100691,GOOD 90s RELAXED JEANS,Good 90S Relaxed,42225480302675,197217742387
2792,GNI156T-I962-32,7454716100691,GOOD 90s RELAXED JEANS,Good 90S Relaxed,42225480007763,197217742394
884,GNI156T-I893-00,7423207964755,GOOD 90s RELAXED JEANS,Good 90S Relaxed,42101192130643,197217688333
885,GNI156T-I893-0,7423207964755,GOOD 90s RELAXED JEANS,Good 90S Relaxed,42101192228947,197217688326
886,GNI156T-I893-2,7423207964755,GOOD 90s RELAXED JEANS,Good 90S Relaxed,42101192261715,197217688401
887,GNI156T-I893-4,7423207964755,GOOD 90s RELAXED JEANS,Good 90S Relaxed,42100269514835,197217688487
888,GNI156T-I893-6,7423207964755,GOOD 90s RELAXED JEANS,Good 90S Relaxed,42101192196179,197217688494
889,GNI156T-I893-8,7423207964755,GOOD 90s RELAXED JEANS,Good 90S Relaxed,42100269482067,197217688500
890,GNI156T-I893-10,7423207964755,GOOD 90s RELAXED JEANS,Good 90S Relaxed,42101192425555,197217688340
891,GNI156T-I893-12,7423207964755,GOOD 90s RELAXED JEANS,Good 90S Relaxed,42100269449299,197217688357
892,GNI156T-I893-14,7423207964755,GOOD 90s RELAXED JEANS,Good 90S Relaxed,42101192458323,197217688364
893,GNI156T-I893-15,7423207964755,GOOD 90s RELAXED JEANS,Good 90S Relaxed,42100269416531,197217688371
894,GNI156T-I893-16,7423207964755,GOOD 90s RELAXED JEANS,Good 90S Relaxed,42101192294483,197217688388
895,GNI156T-I893-18,7423207964755,GOOD 90s RELAXED JEANS,Good 90S Relaxed,42100269383763,197217688395
896,GNI156T-I893-20,7423207964755,GOOD 90s RELAXED JEANS,Good 90S Relaxed,42101192327251,197217688418
897,GNI156T-I893-22,7423207964755,GOOD 90s RELAXED JEANS,Good 90S Relaxed,42100269350995,197217688425
898,GNI156T-I893-24,7423207964755,GOOD 90s RELAXED JEANS,Good 90S Relaxed,42101192360019,197217688432
899,GNI156T-I893-26,7423207964755,GOOD 90s RELAXED JEANS,Good 90S Relaxed,42100269318227,197217688449
900,GNI156T-I893-28,7423207964755,GOOD 90s RELAXED JEANS,Good 90S Relaxed,42101192163411,197217688456
901,GNI156T-I893-30,7423207964755,GOOD 90s RELAXED JEANS,Good 90S Relaxed,42100269285459,197217688463
902,GNI156T-I893-32,7423207964755,GOOD 90s RELAXED JEANS,Good 90S Relaxed,42101192392787,197217688470
147173,GBARJCH156S-I890-00,7423204917331,GOOD BARREL JEANS,Good Barrel,42100244611155,197217686438
147174,GBARJCH156S-I890-0,7423204917331,GOOD BARREL JEANS,Good Barrel,42100244971603,197217686421
147175,GBARJCH156S-I890-2,7423204917331,GOOD BARREL JEANS,Good Barrel,42100244578387,197217686506
147176,GBARJCH156S-I890-4,7423204917331,GOOD BARREL JEANS,Good Barrel,42100245004371,197217686582
147177,GBARJCH156S-I890-6,7423204917331,GOOD BARREL JEANS,Good Barrel,42100244545619,197217686599
147178,GBARJCH156S-I890-8,7423204917331,GOOD BARREL JEANS,Good Barrel,42100245069907,197217686605
147179,GBARJCH156S-I890-10,7423204917331,GOOD BARREL JEANS,Good Barrel,42100244512851,197217686445
147180,GBARJCH156S-I890-12,7423204917331,GOOD BARREL JEANS,Good Barrel,42100245037139,197217686452
147181,GBARJCH156S-I890-14,7423204917331,GOOD BARREL JEANS,Good Barrel,42100244480083,197217686469
147182,GBARJCH156S-I890-15,7423204917331,GOOD BARREL JEANS,Good Barrel,42100244742227,197217686476
147183,GBARJCH156S-I890-16,7423204917331,GOOD BARREL JEANS,Good Barrel,42100244938835,197217686483
147184,GBARJCH156S-I890-18,7423204917331,GOOD BARREL JEANS,Good Barrel,42100244774995,197217686490
147185,GBARJCH156S-I890-20,7423204917331,GOOD BARREL JEANS,Good Barrel,42100244906067,197217686513
147186,GBARJCH156S-I890-22,7423204917331,GOOD BARREL JEANS,Good Barrel,42100244807763,197217686520
147187,GBARJCH156S-I890-24,7423204917331,GOOD BARREL JEANS,Good Barrel,42100244709459,197217686537
147188,GBARJCH156S-I890-26,7423204917331,GOOD BARREL JEANS,Good Barrel,42100244840531,197217686544
147189,GBARJCH156S-I890-28,7423204917331,GOOD BARREL JEANS,Good Barrel,42100244676691,197217686551
147190,GBARJCH156S-I890-30,7423204917331,GOOD BARREL JEANS,Good Barrel,42100244873299,197217686568
147191,GBARJCH156S-I890-32,7423204917331,GOOD BARREL JEANS,Good Barrel,42100244643923,197217686575
155540,GFD465-I382-00,REMOVE FROM ALL TABLES,REMOVE FROM ALL TABLES,REMOVE FROM ALL TABLES,REMOVE FROM ALL TABLES,REMOVE FROM ALL TABLES
155541,GFD465-I382-0,REMOVE FROM ALL TABLES,REMOVE FROM ALL TABLES,REMOVE FROM ALL TABLES,REMOVE FROM ALL TABLES,REMOVE FROM ALL TABLES
155542,GFD465-I382-2,REMOVE FROM ALL TABLES,REMOVE FROM ALL TABLES,REMOVE FROM ALL TABLES,REMOVE FROM ALL TABLES,REMOVE FROM ALL TABLES
155543,GFD465-I382-4,REMOVE FROM ALL TABLES,REMOVE FROM ALL TABLES,REMOVE FROM ALL TABLES,REMOVE FROM ALL TABLES,REMOVE FROM ALL TABLES
155544,GFD465-I382-6,REMOVE FROM ALL TABLES,REMOVE FROM ALL TABLES,REMOVE FROM ALL TABLES,REMOVE FROM ALL TABLES,REMOVE FROM ALL TABLES
155545,GFD465-I382-8,REMOVE FROM ALL TABLES,REMOVE FROM ALL TABLES,REMOVE FROM ALL TABLES,REMOVE FROM ALL TABLES,REMOVE FROM ALL TABLES
155546,GFD465-I382-10,REMOVE FROM ALL TABLES,REMOVE FROM ALL TABLES,REMOVE FROM ALL TABLES,REMOVE FROM ALL TABLES,REMOVE FROM ALL TABLES
155547,GFD465-I382-12,REMOVE FROM ALL TABLES,REMOVE FROM ALL TABLES,REMOVE FROM ALL TABLES,REMOVE FROM ALL TABLES,REMOVE FROM ALL TABLES
155548,GFD465-I382-14,REMOVE FROM ALL TABLES,REMOVE FROM ALL TABLES,REMOVE FROM ALL TABLES,REMOVE FROM ALL TABLES,REMOVE FROM ALL TABLES
155549,GFD465-I382-15,REMOVE FROM ALL TABLES,REMOVE FROM ALL TABLES,REMOVE FROM ALL TABLES,REMOVE FROM ALL TABLES,REMOVE FROM ALL TABLES
155550,GFD465-I382-16,REMOVE FROM ALL TABLES,REMOVE FROM ALL TABLES,REMOVE FROM ALL TABLES,REMOVE FROM ALL TABLES,REMOVE FROM ALL TABLES
155551,GFD465-I382-18,REMOVE FROM ALL TABLES,REMOVE FROM ALL TABLES,REMOVE FROM ALL TABLES,REMOVE FROM ALL TABLES,REMOVE FROM ALL TABLES
155552,GFD465-I382-20,REMOVE FROM ALL TABLES,REMOVE FROM ALL TABLES,REMOVE FROM ALL TABLES,REMOVE FROM ALL TABLES,REMOVE FROM ALL TABLES
155553,GFD465-I382-22,REMOVE FROM ALL TABLES,REMOVE FROM ALL TABLES,REMOVE FROM ALL TABLES,REMOVE FROM ALL TABLES,REMOVE FROM ALL TABLES
155554,GFD465-I382-24,REMOVE FROM ALL TABLES,REMOVE FROM ALL TABLES,REMOVE FROM ALL TABLES,REMOVE FROM ALL TABLES,REMOVE FROM ALL TABLES
155555,GFD465-I382-26,REMOVE FROM ALL TABLES,REMOVE FROM ALL TABLES,REMOVE FROM ALL TABLES,REMOVE FROM ALL TABLES,REMOVE FROM ALL TABLES
155556,GFD465-I382-28,REMOVE FROM ALL TABLES,REMOVE FROM ALL TABLES,REMOVE FROM ALL TABLES,REMOVE FROM ALL TABLES,REMOVE FROM ALL TABLES
155557,GFD465-I382-30,REMOVE FROM ALL TABLES,REMOVE FROM ALL TABLES,REMOVE FROM ALL TABLES,REMOVE FROM ALL TABLES,REMOVE FROM ALL TABLES
155558,GFD465-I382-32,REMOVE FROM ALL TABLES,REMOVE FROM ALL TABLES,REMOVE FROM ALL TABLES,REMOVE FROM ALL TABLES,REMOVE FROM ALL TABLES
2850,GBTS144PT-PRL1-00,7454702010451,GOOD BOY STRAIGHT JEANS,Good Boy Straight,42225430134867,197217738267
2851,GBTS144PT-PRL1-0,7454702010451,GOOD BOY STRAIGHT JEANS,Good Boy Straight,42225430102099,197217738250
2852,GBTS144PT-PRL1-2,7454702010451,GOOD BOY STRAIGHT JEANS,Good Boy Straight,42225429807187,197217738335
2853,GBTS144PT-PRL1-4,7454702010451,GOOD BOY STRAIGHT JEANS,Good Boy Straight,42225430069331,197217738410
2854,GBTS144PT-PRL1-6,7454702010451,GOOD BOY STRAIGHT JEANS,Good Boy Straight,42225429872723,197217738427
2855,GBTS144PT-PRL1-8,7454702010451,GOOD BOY STRAIGHT JEANS,Good Boy Straight,42225430036563,197217738434
2856,GBTS144PT-PRL1-10,7454702010451,GOOD BOY STRAIGHT JEANS,Good Boy Straight,42225429676115,197217738274
2857,GBTS144PT-PRL1-12,7454702010451,GOOD BOY STRAIGHT JEANS,Good Boy Straight,42225430003795,197217738281
2858,GBTS144PT-PRL1-14,7454702010451,GOOD BOY STRAIGHT JEANS,Good Boy Straight,42225429610579,197217738298
2859,GBTS144PT-PRL1-15,7454702010451,GOOD BOY STRAIGHT JEANS,Good Boy Straight,42225429971027,197217738304
2860,GBTS144PT-PRL1-16,7454702010451,GOOD BOY STRAIGHT JEANS,Good Boy Straight,42225429577811,197217738311
2861,GBTS144PT-PRL1-18,7454702010451,GOOD BOY STRAIGHT JEANS,Good Boy Straight,42225429938259,197217738328
2862,GBTS144PT-PRL1-20,7454702010451,GOOD BOY STRAIGHT JEANS,Good Boy Straight,42225429545043,197217738342
2863,GBTS144PT-PRL1-22,7454702010451,GOOD BOY STRAIGHT JEANS,Good Boy Straight,42225429905491,197217738359
2864,GBTS144PT-PRL1-24,7454702010451,GOOD BOY STRAIGHT JEANS,Good Boy Straight,42225429839955,197217738366
2865,GBTS144PT-PRL1-26,7454702010451,GOOD BOY STRAIGHT JEANS,Good Boy Straight,42225429741651,197217738373
2866,GBTS144PT-PRL1-28,7454702010451,GOOD BOY STRAIGHT JEANS,Good Boy Straight,42225429774419,197217738380
2867,GBTS144PT-PRL1-30,7454702010451,GOOD BOY STRAIGHT JEANS,Good Boy Straight,42225429643347,197217738397
2868,GBTS144PT-PRL1-32,7454702010451,GOOD BOY STRAIGHT JEANS,Good Boy Straight,42225429708883,197217738403
4490,GFD437-VMP1-00,7509327052883,GOOD CLASSIC BOOTCUT FAUX LEATHER PANTS,Good Classic Bootcut,42416275325011,197217777839
4491,GFD437-VMP1-0,7509327052883,GOOD CLASSIC BOOTCUT FAUX LEATHER PANTS,Good Classic Bootcut,42416275652691,197217777822
4492,GFD437-VMP1-2,7509327052883,GOOD CLASSIC BOOTCUT FAUX LEATHER PANTS,Good Classic Bootcut,42416275357779,197217777907
4493,GFD437-VMP1-4,7509327052883,GOOD CLASSIC BOOTCUT FAUX LEATHER PANTS,Good Classic Bootcut,42416275259475,197217777983
4494,GFD437-VMP1-6,7509327052883,GOOD CLASSIC BOOTCUT FAUX LEATHER PANTS,Good Classic Bootcut,42416275390547,197217777990
4495,GFD437-VMP1-8,7509327052883,GOOD CLASSIC BOOTCUT FAUX LEATHER PANTS,Good Classic Bootcut,42416275718227,197217778003
4496,GFD437-VMP1-10,7509327052883,GOOD CLASSIC BOOTCUT FAUX LEATHER PANTS,Good Classic Bootcut,42416275423315,197217777846
4497,GFD437-VMP1-12,7509327052883,GOOD CLASSIC BOOTCUT FAUX LEATHER PANTS,Good Classic Bootcut,42415006810195,197217777853
4498,GFD437-VMP1-14,7509327052883,GOOD CLASSIC BOOTCUT FAUX LEATHER PANTS,Good Classic Bootcut,42416275456083,197217777860
4499,GFD437-VMP1-15,7509327052883,GOOD CLASSIC BOOTCUT FAUX LEATHER PANTS,Good Classic Bootcut,42415006842963,197217777877
4500,GFD437-VMP1-16,7509327052883,GOOD CLASSIC BOOTCUT FAUX LEATHER PANTS,Good Classic Bootcut,42416275488851,197217777884
4501,GFD437-VMP1-18,7509327052883,GOOD CLASSIC BOOTCUT FAUX LEATHER PANTS,Good Classic Bootcut,42415006875731,197217777891
4502,GFD437-VMP1-20,7509327052883,GOOD CLASSIC BOOTCUT FAUX LEATHER PANTS,Good Classic Bootcut,42416275521619,197217777914
4503,GFD437-VMP1-22,7509327052883,GOOD CLASSIC BOOTCUT FAUX LEATHER PANTS,Good Classic Bootcut,42416275619923,197217777921
4504,GFD437-VMP1-24,7509327052883,GOOD CLASSIC BOOTCUT FAUX LEATHER PANTS,Good Classic Bootcut,42416275292243,197217777938
4505,GFD437-VMP1-26,7509327052883,GOOD CLASSIC BOOTCUT FAUX LEATHER PANTS,Good Classic Bootcut,42416275554387,197217777945
4506,GFD437-VMP1-28,7509327052883,GOOD CLASSIC BOOTCUT FAUX LEATHER PANTS,Good Classic Bootcut,42416275685459,197217777952
4507,GFD437-VMP1-30,7509327052883,GOOD CLASSIC BOOTCUT FAUX LEATHER PANTS,Good Classic Bootcut,42416275587155,197217777969
4508,GFD437-VMP1-32,7509327052883,GOOD CLASSIC BOOTCUT FAUX LEATHER PANTS,Good Classic Bootcut,42415006777427,197217777976
465,GCB47SBTE-K001-00,6958505590867,GOOD CLASSIC BOOTCUT JEANS,Good Classic Bootcut,40572845785171,197217084814
466,GCB47SBTE-K001-0,6958505590867,GOOD CLASSIC BOOTCUT JEANS,Good Classic Bootcut,40572845817939,197217084678
467,GCB47SBTE-K001-2,6958505590867,GOOD CLASSIC BOOTCUT JEANS,Good Classic Bootcut,40572845850707,197217084685
468,GCB47SBTE-K001-4,6958505590867,GOOD CLASSIC BOOTCUT JEANS,Good Classic Bootcut,40572845883475,197217084692
469,GCB47SBTE-K001-6,6958505590867,GOOD CLASSIC BOOTCUT JEANS,Good Classic Bootcut,40572845916243,197217084708
470,GCB47SBTE-K001-8,6958505590867,GOOD CLASSIC BOOTCUT JEANS,Good Classic Bootcut,40572845949011,197217084715
471,GCB47SBTE-K001-10,6958505590867,GOOD CLASSIC BOOTCUT JEANS,Good Classic Bootcut,40572845981779,197217084722
472,GCB47SBTE-K001-12,6958505590867,GOOD CLASSIC BOOTCUT JEANS,Good Classic Bootcut,40572846014547,197217084739
473,GCB47SBTE-K001-14,6958505590867,GOOD CLASSIC BOOTCUT JEANS,Good Classic Bootcut,40572846047315,197217084746
474,GCB47SBTE-K001-15,6958505590867,GOOD CLASSIC BOOTCUT JEANS,Good Classic Bootcut,40572846080083,197217084821
475,GCB47SBTE-K001-16,6958505590867,GOOD CLASSIC BOOTCUT JEANS,Good Classic Bootcut,40572846112851,197217084753
476,GCB47SBTE-K001-18,6958505590867,GOOD CLASSIC BOOTCUT JEANS,Good Classic Bootcut,40572846145619,197217084760
477,GCB47SBTE-K001-20,6958505590867,GOOD CLASSIC BOOTCUT JEANS,Good Classic Bootcut,40572846178387,197217084777
478,GCB47SBTE-K001-22,6958505590867,GOOD CLASSIC BOOTCUT JEANS,Good Classic Bootcut,40572846211155,197217084784
479,GCB47SBTE-K001-24,6958505590867,GOOD CLASSIC BOOTCUT JEANS,Good Classic Bootcut,40572846243923,197217084791
480,GCB47SBTE-K001-26,6958505590867,GOOD CLASSIC BOOTCUT JEANS,Good Classic Bootcut,40572846276691,197217084807
481,GCB47SBTE-K001-28,6958505590867,GOOD CLASSIC BOOTCUT JEANS,Good Classic Bootcut,40572846309459,197217084838
482,GCB47SBTE-K001-30,6958505590867,GOOD CLASSIC BOOTCUT JEANS,Good Classic Bootcut,40572846342227,197217084845
483,GCB47SBTE-K001-32,6958505590867,GOOD CLASSIC BOOTCUT JEANS,Good Classic Bootcut,41211044659283,197217353842
152248,GCLB900T-I1128-00,7588750852179,GOOD CLASSIC BOOTCUT JEANS,Good Classic Bootcut,42655494176851,197217813063
152249,GCLB900T-I1128-0,7588750852179,GOOD CLASSIC BOOTCUT JEANS,Good Classic Bootcut,42655494537299,197217813056
152250,GCLB900T-I1128-2,7588750852179,GOOD CLASSIC BOOTCUT JEANS,Good Classic Bootcut,42655494144083,197217813131
152251,GCLB900T-I1128-4,7588750852179,GOOD CLASSIC BOOTCUT JEANS,Good Classic Bootcut,42655494438995,197217813216
152252,GCLB900T-I1128-6,7588750852179,GOOD CLASSIC BOOTCUT JEANS,Good Classic Bootcut,42655494111315,197217813223
152253,GCLB900T-I1128-8,7588750852179,GOOD CLASSIC BOOTCUT JEANS,Good Classic Bootcut,42655494406227,197217813230
152254,GCLB900T-I1128-10,7588750852179,GOOD CLASSIC BOOTCUT JEANS,Good Classic Bootcut,42655494078547,197217813070
152255,GCLB900T-I1128-12,7588750852179,GOOD CLASSIC BOOTCUT JEANS,Good Classic Bootcut,42655494373459,197217813087
152256,GCLB900T-I1128-14,7588750852179,GOOD CLASSIC BOOTCUT JEANS,Good Classic Bootcut,42655494045779,197217813094
152257,GCLB900T-I1128-15,7588750852179,GOOD CLASSIC BOOTCUT JEANS,Good Classic Bootcut,42655494340691,197217813100
152258,GCLB900T-I1128-16,7588750852179,GOOD CLASSIC BOOTCUT JEANS,Good Classic Bootcut,42655494013011,197217813117
152259,GCLB900T-I1128-18,7588750852179,GOOD CLASSIC BOOTCUT JEANS,Good Classic Bootcut,42655494307923,197217813124
152260,GCLB900T-I1128-20,7588750852179,GOOD CLASSIC BOOTCUT JEANS,Good Classic Bootcut,42655494602835,197217813148
152261,GCLB900T-I1128-22,7588750852179,GOOD CLASSIC BOOTCUT JEANS,Good Classic Bootcut,42655494275155,197217813155
152262,GCLB900T-I1128-24,7588750852179,GOOD CLASSIC BOOTCUT JEANS,Good Classic Bootcut,42655494570067,197217813162
152263,GCLB900T-I1128-26,7588750852179,GOOD CLASSIC BOOTCUT JEANS,Good Classic Bootcut,42655494242387,197217813179
152264,GCLB900T-I1128-28,7588750852179,GOOD CLASSIC BOOTCUT JEANS,Good Classic Bootcut,42655494471763,197217813186
152265,GCLB900T-I1128-30,7588750852179,GOOD CLASSIC BOOTCUT JEANS,Good Classic Bootcut,42655494209619,197217813193
152266,GCLB900T-I1128-32,7588750852179,GOOD CLASSIC BOOTCUT JEANS,Good Classic Bootcut,42655494504531,197217813209
3279,GCLB395T-I960-00,7454716788819,GOOD CLASSIC BOOTCUT JEANS,Good Classic Bootcut,42225488429139,197217736744
3280,GCLB395T-I960-0,7454716788819,GOOD CLASSIC BOOTCUT JEANS,Good Classic Bootcut,42225488068691,197217736737
3281,GCLB395T-I960-2,7454716788819,GOOD CLASSIC BOOTCUT JEANS,Good Classic Bootcut,42225488461907,197217736812
3282,GCLB395T-I960-4,7454716788819,GOOD CLASSIC BOOTCUT JEANS,Good Classic Bootcut,42225488101459,197217736898
3283,GCLB395T-I960-6,7454716788819,GOOD CLASSIC BOOTCUT JEANS,Good Classic Bootcut,42225488494675,197217736904
3284,GCLB395T-I960-8,7454716788819,GOOD CLASSIC BOOTCUT JEANS,Good Classic Bootcut,42225488134227,197217736911
3285,GCLB395T-I960-10,7454716788819,GOOD CLASSIC BOOTCUT JEANS,Good Classic Bootcut,42225488527443,197217736751
3286,GCLB395T-I960-12,7454716788819,GOOD CLASSIC BOOTCUT JEANS,Good Classic Bootcut,42225488166995,197217736768
3287,GCLB395T-I960-14,7454716788819,GOOD CLASSIC BOOTCUT JEANS,Good Classic Bootcut,42225488232531,197217736775
3288,GCLB395T-I960-15,7454716788819,GOOD CLASSIC BOOTCUT JEANS,Good Classic Bootcut,42225488658515,197217736782
3289,GCLB395T-I960-16,7454716788819,GOOD CLASSIC BOOTCUT JEANS,Good Classic Bootcut,42225488265299,197217736799
3290,GCLB395T-I960-18,7454716788819,GOOD CLASSIC BOOTCUT JEANS,Good Classic Bootcut,42225488625747,197217736805
3291,GCLB395T-I960-20,7454716788819,GOOD CLASSIC BOOTCUT JEANS,Good Classic Bootcut,42225488298067,197217736829
3292,GCLB395T-I960-22,7454716788819,GOOD CLASSIC BOOTCUT JEANS,Good Classic Bootcut,42225488199763,197217736836
3293,GCLB395T-I960-24,7454716788819,GOOD CLASSIC BOOTCUT JEANS,Good Classic Bootcut,42225488330835,197217736843
3294,GCLB395T-I960-26,7454716788819,GOOD CLASSIC BOOTCUT JEANS,Good Classic Bootcut,42225488560211,197217736850
3295,GCLB395T-I960-28,7454716788819,GOOD CLASSIC BOOTCUT JEANS,Good Classic Bootcut,42225488363603,197217736867
3296,GCLB395T-I960-30,7454716788819,GOOD CLASSIC BOOTCUT JEANS,Good Classic Bootcut,42225488592979,197217736874
3297,GCLB395T-I960-32,7454716788819,GOOD CLASSIC BOOTCUT JEANS,Good Classic Bootcut,42225488396371,197217736881
941,GCB014TE-I254-00,7423205605459,COMPRESSION GOOD CLASSIC BOOTCUT JEANS,Good Classic Bootcut,42100252147795,197217683659
942,GCB014TE-I254-0,7423205605459,COMPRESSION GOOD CLASSIC BOOTCUT JEANS,Good Classic Bootcut,42100252344403,197217683642
943,GCB014TE-I254-2,7423205605459,COMPRESSION GOOD CLASSIC BOOTCUT JEANS,Good Classic Bootcut,42100252115027,197217683727
944,GCB014TE-I254-4,7423205605459,COMPRESSION GOOD CLASSIC BOOTCUT JEANS,Good Classic Bootcut,42100252311635,197217683802
945,GCB014TE-I254-6,7423205605459,COMPRESSION GOOD CLASSIC BOOTCUT JEANS,Good Classic Bootcut,42100252082259,197217683819
946,GCB014TE-I254-8,7423205605459,COMPRESSION GOOD CLASSIC BOOTCUT JEANS,Good Classic Bootcut,42100252213331,197217683826
947,GCB014TE-I254-10,7423205605459,COMPRESSION GOOD CLASSIC BOOTCUT JEANS,Good Classic Bootcut,42100252049491,197217683666
948,GCB014TE-I254-12,7423205605459,COMPRESSION GOOD CLASSIC BOOTCUT JEANS,Good Classic Bootcut,42100251918419,197217683673
949,GCB014TE-I254-14,7423205605459,COMPRESSION GOOD CLASSIC BOOTCUT JEANS,Good Classic Bootcut,42100252016723,197217683680
950,GCB014TE-I254-15,7423205605459,COMPRESSION GOOD CLASSIC BOOTCUT JEANS,Good Classic Bootcut,42100251885651,197217683697
951,GCB014TE-I254-16,7423205605459,COMPRESSION GOOD CLASSIC BOOTCUT JEANS,Good Classic Bootcut,42100251983955,197217683703
952,GCB014TE-I254-18,7423205605459,COMPRESSION GOOD CLASSIC BOOTCUT JEANS,Good Classic Bootcut,42100251852883,197217683710
953,GCB014TE-I254-20,7423205605459,COMPRESSION GOOD CLASSIC BOOTCUT JEANS,Good Classic Bootcut,42100251951187,197217683734
954,GCB014TE-I254-22,7423205605459,COMPRESSION GOOD CLASSIC BOOTCUT JEANS,Good Classic Bootcut,42100251820115,197217683741
955,GCB014TE-I254-24,7423205605459,COMPRESSION GOOD CLASSIC BOOTCUT JEANS,Good Classic Bootcut,42100252180563,197217683758
956,GCB014TE-I254-26,7423205605459,COMPRESSION GOOD CLASSIC BOOTCUT JEANS,Good Classic Bootcut,42100252409939,197217683765
957,GCB014TE-I254-28,7423205605459,COMPRESSION GOOD CLASSIC BOOTCUT JEANS,Good Classic Bootcut,42100252278867,197217683772
958,GCB014TE-I254-30,7423205605459,COMPRESSION GOOD CLASSIC BOOTCUT JEANS,Good Classic Bootcut,42100252377171,197217683789
959,GCB014TE-I254-32,7423205605459,COMPRESSION GOOD CLASSIC BOOTCUT JEANS,Good Classic Bootcut,42100252246099,197217683796
629,GCLBAF478T-I448-A,6866432098387,ALWAYS FITS GOOD CLASSIC BOOTCUT JEANS,Good Classic Bootcut,40303713124435,019695417901
630,GCLBAF478T-I448-B,6866432098387,ALWAYS FITS GOOD CLASSIC BOOTCUT JEANS,Good Classic Bootcut,40303713157203,019695417918
631,GCLBAF478T-I448-C,6866432098387,ALWAYS FITS GOOD CLASSIC BOOTCUT JEANS,Good Classic Bootcut,40303713189971,019695417925
632,GCLBAF478T-I448-D,6866432098387,ALWAYS FITS GOOD CLASSIC BOOTCUT JEANS,Good Classic Bootcut,40303713222739,019695417932
633,GCLBAF478T-I448-E,6866432098387,ALWAYS FITS GOOD CLASSIC BOOTCUT JEANS,Good Classic Bootcut,40303713255507,019695417949
154126,GCB47SBTPK-K001-00,7426031550547,NEVER FADES GOOD CLASSIC SLIM BOOTCUT JEANS,Good Classic Slim Bootcut,42112549191763,197217706068
154127,GCB47SBTPK-K001-0,7426031550547,NEVER FADES GOOD CLASSIC SLIM BOOTCUT JEANS,Good Classic Slim Bootcut,42112549683283,197217706051
154128,GCB47SBTPK-K001-2,7426031550547,NEVER FADES GOOD CLASSIC SLIM BOOTCUT JEANS,Good Classic Slim Bootcut,42112549519443,197217706136
154129,GCB47SBTPK-K001-4,7426031550547,NEVER FADES GOOD CLASSIC SLIM BOOTCUT JEANS,Good Classic Slim Bootcut,42112549650515,197217706211
154130,GCB47SBTPK-K001-6,7426031550547,NEVER FADES GOOD CLASSIC SLIM BOOTCUT JEANS,Good Classic Slim Bootcut,42112549257299,197217706228
154131,GCB47SBTPK-K001-8,7426031550547,NEVER FADES GOOD CLASSIC SLIM BOOTCUT JEANS,Good Classic Slim Bootcut,42112549617747,197217706235
154132,GCB47SBTPK-K001-10,7426031550547,NEVER FADES GOOD CLASSIC SLIM BOOTCUT JEANS,Good Classic Slim Bootcut,42112549290067,197217706075
154133,GCB47SBTPK-K001-12,7426031550547,NEVER FADES GOOD CLASSIC SLIM BOOTCUT JEANS,Good Classic Slim Bootcut,42112549584979,197217706082
154134,GCB47SBTPK-K001-14,7426031550547,NEVER FADES GOOD CLASSIC SLIM BOOTCUT JEANS,Good Classic Slim Bootcut,42112549322835,197217706099
154135,GCB47SBTPK-K001-15,7426031550547,NEVER FADES GOOD CLASSIC SLIM BOOTCUT JEANS,Good Classic Slim Bootcut,42112549552211,197217706105
154136,GCB47SBTPK-K001-16,7426031550547,NEVER FADES GOOD CLASSIC SLIM BOOTCUT JEANS,Good Classic Slim Bootcut,42112549355603,197217706112
154137,GCB47SBTPK-K001-18,7426031550547,NEVER FADES GOOD CLASSIC SLIM BOOTCUT JEANS,Good Classic Slim Bootcut,42112549224531,197217706129
154138,GCB47SBTPK-K001-20,7426031550547,NEVER FADES GOOD CLASSIC SLIM BOOTCUT JEANS,Good Classic Slim Bootcut,42112549388371,197217706143
154139,GCB47SBTPK-K001-22,7426031550547,NEVER FADES GOOD CLASSIC SLIM BOOTCUT JEANS,Good Classic Slim Bootcut,42112549781587,197217706150
154140,GCB47SBTPK-K001-24,7426031550547,NEVER FADES GOOD CLASSIC SLIM BOOTCUT JEANS,Good Classic Slim Bootcut,42112549421139,197217706167
154141,GCB47SBTPK-K001-26,7426031550547,NEVER FADES GOOD CLASSIC SLIM BOOTCUT JEANS,Good Classic Slim Bootcut,42112549748819,197217706174
154142,GCB47SBTPK-K001-28,7426031550547,NEVER FADES GOOD CLASSIC SLIM BOOTCUT JEANS,Good Classic Slim Bootcut,42112549453907,197217706181
154143,GCB47SBTPK-K001-30,7426031550547,NEVER FADES GOOD CLASSIC SLIM BOOTCUT JEANS,Good Classic Slim Bootcut,42112549716051,197217706198
154144,GCB47SBTPK-K001-32,7426031550547,NEVER FADES GOOD CLASSIC SLIM BOOTCUT JEANS,Good Classic Slim Bootcut,42112549486675,197217706204
2693,GCLAF478T-I446-A,6866431475795,ALWAYS FITS GOOD CLASSIC SLIM STRAIGHT JEANS,Good Classic Slim Straight,40303710994515,019695417758
2694,GCLAF478T-I446-B,6866431475795,ALWAYS FITS GOOD CLASSIC SLIM STRAIGHT JEANS,Good Classic Slim Straight,40303711027283,019695417765
2695,GCLAF478T-I446-C,6866431475795,ALWAYS FITS GOOD CLASSIC SLIM STRAIGHT JEANS,Good Classic Slim Straight,40303711060051,019695417772
2696,GCLAF478T-I446-D,6866431475795,ALWAYS FITS GOOD CLASSIC SLIM STRAIGHT JEANS,Good Classic Slim Straight,40303711092819,019695417789
2697,GCLAF478T-I446-E,6866431475795,ALWAYS FITS GOOD CLASSIC SLIM STRAIGHT JEANS,Good Classic Slim Straight,40303711125587,019695417796
1830,GCOWB175BS-K354-00,7425324286035,GOOD COWBOY BOOTCUT JEANS,Good Cowboy Bootcut,42108397781075,197217684038
1831,GCOWB175BS-K354-0,7425324286035,GOOD COWBOY BOOTCUT JEANS,Good Cowboy Bootcut,42108397977683,197217684021
1832,GCOWB175BS-K354-2,7425324286035,GOOD COWBOY BOOTCUT JEANS,Good Cowboy Bootcut,42108397748307,197217684106
1833,GCOWB175BS-K354-4,7425324286035,GOOD COWBOY BOOTCUT JEANS,Good Cowboy Bootcut,42108397846611,197217684182
1834,GCOWB175BS-K354-6,7425324286035,GOOD COWBOY BOOTCUT JEANS,Good Cowboy Bootcut,42108397715539,197217684199
1835,GCOWB175BS-K354-8,7425324286035,GOOD COWBOY BOOTCUT JEANS,Good Cowboy Bootcut,42108397813843,197217684205
1836,GCOWB175BS-K354-10,7425324286035,GOOD COWBOY BOOTCUT JEANS,Good Cowboy Bootcut,42108397682771,197217684045
1837,GCOWB175BS-K354-12,7425324286035,GOOD COWBOY BOOTCUT JEANS,Good Cowboy Bootcut,42108398174291,197217684052
1838,GCOWB175BS-K354-14,7425324286035,GOOD COWBOY BOOTCUT JEANS,Good Cowboy Bootcut,42108397650003,197217684069
1839,GCOWB175BS-K354-15,7425324286035,GOOD COWBOY BOOTCUT JEANS,Good Cowboy Bootcut,42108398207059,197217684076
1840,GCOWB175BS-K354-16,7425324286035,GOOD COWBOY BOOTCUT JEANS,Good Cowboy Bootcut,42108397617235,197217684083
1841,GCOWB175BS-K354-18,7425324286035,GOOD COWBOY BOOTCUT JEANS,Good Cowboy Bootcut,42108398010451,197217684090
1842,GCOWB175BS-K354-20,7425324286035,GOOD COWBOY BOOTCUT JEANS,Good Cowboy Bootcut,42108398141523,197217684113
1843,GCOWB175BS-K354-22,7425324286035,GOOD COWBOY BOOTCUT JEANS,Good Cowboy Bootcut,42108397944915,197217684120
1844,GCOWB175BS-K354-24,7425324286035,GOOD COWBOY BOOTCUT JEANS,Good Cowboy Bootcut,42108398108755,197217684137
1845,GCOWB175BS-K354-26,7425324286035,GOOD COWBOY BOOTCUT JEANS,Good Cowboy Bootcut,42108397912147,197217684144
1846,GCOWB175BS-K354-28,7425324286035,GOOD COWBOY BOOTCUT JEANS,Good Cowboy Bootcut,42108398075987,197217684151
1847,GCOWB175BS-K354-30,7425324286035,GOOD COWBOY BOOTCUT JEANS,Good Cowboy Bootcut,42108397879379,197217684168
1848,GCOWB175BS-K354-32,7425324286035,GOOD COWBOY BOOTCUT JEANS,Good Cowboy Bootcut,42108398043219,197217684175
143102,GSTBP828001-I998-00,7509327872083,GOOD COWBOY PETITE BOOTCUT JEANS,Good Cowboy Bootcut,42415016673363,197217796014
143103,GSTBP828001-I998-0,7509327872083,GOOD COWBOY PETITE BOOTCUT JEANS,Good Cowboy Bootcut,42415016575059,197217796007
143104,GSTBP828001-I998-2,7509327872083,GOOD COWBOY PETITE BOOTCUT JEANS,Good Cowboy Bootcut,42415016706131,197217796083
143105,GSTBP828001-I998-4,7509327872083,GOOD COWBOY PETITE BOOTCUT JEANS,Good Cowboy Bootcut,42415016607827,197217796168
143106,GSTBP828001-I998-6,7509327872083,GOOD COWBOY PETITE BOOTCUT JEANS,Good Cowboy Bootcut,42415016738899,197217796175
143107,GSTBP828001-I998-8,7509327872083,GOOD COWBOY PETITE BOOTCUT JEANS,Good Cowboy Bootcut,42415017132115,197217796182
143108,GSTBP828001-I998-10,7509327872083,GOOD COWBOY PETITE BOOTCUT JEANS,Good Cowboy Bootcut,42415016771667,197217796021
143109,GSTBP828001-I998-12,7509327872083,GOOD COWBOY PETITE BOOTCUT JEANS,Good Cowboy Bootcut,42415017164883,197217796038
143110,GSTBP828001-I998-14,7509327872083,GOOD COWBOY PETITE BOOTCUT JEANS,Good Cowboy Bootcut,42415016804435,197217796045
143111,GSTBP828001-I998-15,7509327872083,GOOD COWBOY PETITE BOOTCUT JEANS,Good Cowboy Bootcut,42415016640595,197217796052
143112,GSTBP828001-I998-16,7509327872083,GOOD COWBOY PETITE BOOTCUT JEANS,Good Cowboy Bootcut,42415016837203,197217796069
143113,GSTBP828001-I998-18,7509327872083,GOOD COWBOY PETITE BOOTCUT JEANS,Good Cowboy Bootcut,42415017001043,197217796076
143114,GSTBP828001-I998-20,7509327872083,GOOD COWBOY PETITE BOOTCUT JEANS,Good Cowboy Bootcut,42415016869971,197217796090
143115,GSTBP828001-I998-22,7509327872083,GOOD COWBOY PETITE BOOTCUT JEANS,Good Cowboy Bootcut,42415016968275,197217796106
143116,GSTBP828001-I998-24,7509327872083,GOOD COWBOY PETITE BOOTCUT JEANS,Good Cowboy Bootcut,42415016902739,197217796113
143117,GSTBP828001-I998-26,7509327872083,GOOD COWBOY PETITE BOOTCUT JEANS,Good Cowboy Bootcut,42415017066579,197217796120
143118,GSTBP828001-I998-28,7509327872083,GOOD COWBOY PETITE BOOTCUT JEANS,Good Cowboy Bootcut,42415016935507,197217796137
143119,GSTBP828001-I998-30,7509327872083,GOOD COWBOY PETITE BOOTCUT JEANS,Good Cowboy Bootcut,42415017099347,197217796144
143120,GSTBP828001-I998-32,7509327872083,GOOD COWBOY PETITE BOOTCUT JEANS,Good Cowboy Bootcut,42415017033811,197217796151
2812,GCST960T-I628-00,7084246401107,GOOD CURVE STRAIGHT JEANS,Good Curve Straight,41122609234003,197217417100
2813,GCST960T-I628-0,7084246401107,GOOD CURVE STRAIGHT JEANS,Good Curve Straight,41122609266771,197217416585
2814,GCST960T-I628-2,7084246401107,GOOD CURVE STRAIGHT JEANS,Good Curve Straight,41122609299539,197217420971
2815,GCST960T-I628-4,7084246401107,GOOD CURVE STRAIGHT JEANS,Good Curve Straight,41122609332307,197217425488
2816,GCST960T-I628-6,7084246401107,GOOD CURVE STRAIGHT JEANS,Good Curve Straight,41122609365075,197217426096
2817,GCST960T-I628-8,7084246401107,GOOD CURVE STRAIGHT JEANS,Good Curve Straight,41122609397843,197217426652
2818,GCST960T-I628-10,7084246401107,GOOD CURVE STRAIGHT JEANS,Good Curve Straight,41122609430611,197217417681
2819,GCST960T-I628-12,7084246401107,GOOD CURVE STRAIGHT JEANS,Good Curve Straight,41122609463379,197217418251
2820,GCST960T-I628-14,7084246401107,GOOD CURVE STRAIGHT JEANS,Good Curve Straight,41122609496147,197217418824
2821,GCST960T-I628-15,7084246401107,GOOD CURVE STRAIGHT JEANS,Good Curve Straight,41122609528915,197217419371
2822,GCST960T-I628-16,7084246401107,GOOD CURVE STRAIGHT JEANS,Good Curve Straight,41122609561683,197217419876
2823,GCST960T-I628-18,7084246401107,GOOD CURVE STRAIGHT JEANS,Good Curve Straight,41122609594451,197217420452
2824,GCST960T-I628-20,7084246401107,GOOD CURVE STRAIGHT JEANS,Good Curve Straight,41122609627219,197217421558
2825,GCST960T-I628-22,7084246401107,GOOD CURVE STRAIGHT JEANS,Good Curve Straight,41122609659987,197217422128
2826,GCST960T-I628-24,7084246401107,GOOD CURVE STRAIGHT JEANS,Good Curve Straight,41122609692755,197217422685
2827,GCST960T-I628-26,7084246401107,GOOD CURVE STRAIGHT JEANS,Good Curve Straight,41122609725523,197217423262
2828,GCST960T-I628-28,7084246401107,GOOD CURVE STRAIGHT JEANS,Good Curve Straight,41122609758291,197217423767
2829,GCST960T-I628-30,7084246401107,GOOD CURVE STRAIGHT JEANS,Good Curve Straight,41122609791059,197217424337
2830,GCST960T-I628-32,7084246401107,GOOD CURVE STRAIGHT JEANS,Good Curve Straight,41122609823827,197217424894
1394,GCST014004-I268-00,7524329881683,GOOD CURVE STRAIGHT COMPRESSION JEANS,Good Curve Straight,42460964782163,197217801657
1395,GCST014004-I268-0,7524329881683,GOOD CURVE STRAIGHT COMPRESSION JEANS,Good Curve Straight,42460964814931,197217801640
1396,GCST014004-I268-2,7524329881683,GOOD CURVE STRAIGHT COMPRESSION JEANS,Good Curve Straight,42460964749395,197217801725
1397,GCST014004-I268-4,7524329881683,GOOD CURVE STRAIGHT COMPRESSION JEANS,Good Curve Straight,42460964913235,197217801800
1398,GCST014004-I268-6,7524329881683,GOOD CURVE STRAIGHT COMPRESSION JEANS,Good Curve Straight,42460964716627,197217801817
1399,GCST014004-I268-8,7524329881683,GOOD CURVE STRAIGHT COMPRESSION JEANS,Good Curve Straight,42460964880467,197217801824
1400,GCST014004-I268-10,7524329881683,GOOD CURVE STRAIGHT COMPRESSION JEANS,Good Curve Straight,42460964683859,197217801664
1401,GCST014004-I268-12,7524329881683,GOOD CURVE STRAIGHT COMPRESSION JEANS,Good Curve Straight,42460965077075,197217801671
1402,GCST014004-I268-14,7524329881683,GOOD CURVE STRAIGHT COMPRESSION JEANS,Good Curve Straight,42460964651091,197217801688
1403,GCST014004-I268-15,7524329881683,GOOD CURVE STRAIGHT COMPRESSION JEANS,Good Curve Straight,42460965044307,197217801695
1404,GCST014004-I268-16,7524329881683,GOOD CURVE STRAIGHT COMPRESSION JEANS,Good Curve Straight,42460964618323,197217801701
1405,GCST014004-I268-18,7524329881683,GOOD CURVE STRAIGHT COMPRESSION JEANS,Good Curve Straight,42460965011539,197217801718
1406,GCST014004-I268-20,7524329881683,GOOD CURVE STRAIGHT COMPRESSION JEANS,Good Curve Straight,42460965208147,197217801732
1407,GCST014004-I268-22,7524329881683,GOOD CURVE STRAIGHT COMPRESSION JEANS,Good Curve Straight,42460964978771,197217801749
1408,GCST014004-I268-24,7524329881683,GOOD CURVE STRAIGHT COMPRESSION JEANS,Good Curve Straight,42460965175379,197217801756
1409,GCST014004-I268-26,7524329881683,GOOD CURVE STRAIGHT COMPRESSION JEANS,Good Curve Straight,42460964946003,197217801763
1410,GCST014004-I268-28,7524329881683,GOOD CURVE STRAIGHT COMPRESSION JEANS,Good Curve Straight,42460965142611,197217801770
1411,GCST014004-I268-30,7524329881683,GOOD CURVE STRAIGHT COMPRESSION JEANS,Good Curve Straight,42460964847699,197217801787
1412,GCST014004-I268-32,7524329881683,GOOD CURVE STRAIGHT COMPRESSION JEANS,Good Curve Straight,42460965109843,197217801794
1849,GCSTCS014T-I949-00,7454716985427,GOOD CURVE STRAIGHT COMPRESSION JEANS,Good Curve Straight,42225491476563,197217738649
1850,GCSTCS014T-I949-0,7454716985427,GOOD CURVE STRAIGHT COMPRESSION JEANS,Good Curve Straight,42225491345491,197217738632
1851,GCSTCS014T-I949-2,7454716985427,GOOD CURVE STRAIGHT COMPRESSION JEANS,Good Curve Straight,42225491279955,197217738717
1852,GCSTCS014T-I949-4,7454716985427,GOOD CURVE STRAIGHT COMPRESSION JEANS,Good Curve Straight,42225491542099,197217738793
1853,GCSTCS014T-I949-6,7454716985427,GOOD CURVE STRAIGHT COMPRESSION JEANS,Good Curve Straight,42225491247187,197217738809
1854,GCSTCS014T-I949-8,7454716985427,GOOD CURVE STRAIGHT COMPRESSION JEANS,Good Curve Straight,42225491607635,197217738816
1855,GCSTCS014T-I949-10,7454716985427,GOOD CURVE STRAIGHT COMPRESSION JEANS,Good Curve Straight,42225491837011,197217738656
1856,GCSTCS014T-I949-12,7454716985427,GOOD CURVE STRAIGHT COMPRESSION JEANS,Good Curve Straight,42225491673171,197217738663
1857,GCSTCS014T-I949-14,7454716985427,GOOD CURVE STRAIGHT COMPRESSION JEANS,Good Curve Straight,42225491509331,197217738670
1858,GCSTCS014T-I949-15,7454716985427,GOOD CURVE STRAIGHT COMPRESSION JEANS,Good Curve Straight,42225491705939,197217738687
1859,GCSTCS014T-I949-16,7454716985427,GOOD CURVE STRAIGHT COMPRESSION JEANS,Good Curve Straight,42225491574867,197217738694
1860,GCSTCS014T-I949-18,7454716985427,GOOD CURVE STRAIGHT COMPRESSION JEANS,Good Curve Straight,42225491738707,197217738700
1861,GCSTCS014T-I949-20,7454716985427,GOOD CURVE STRAIGHT COMPRESSION JEANS,Good Curve Straight,42225491640403,197217738724
1862,GCSTCS014T-I949-22,7454716985427,GOOD CURVE STRAIGHT COMPRESSION JEANS,Good Curve Straight,42225491771475,197217738731
1863,GCSTCS014T-I949-24,7454716985427,GOOD CURVE STRAIGHT COMPRESSION JEANS,Good Curve Straight,42225491378259,197217738748
1864,GCSTCS014T-I949-26,7454716985427,GOOD CURVE STRAIGHT COMPRESSION JEANS,Good Curve Straight,42225491804243,197217738755
1865,GCSTCS014T-I949-28,7454716985427,GOOD CURVE STRAIGHT COMPRESSION JEANS,Good Curve Straight,42225491411027,197217738762
1866,GCSTCS014T-I949-30,7454716985427,GOOD CURVE STRAIGHT COMPRESSION JEANS,Good Curve Straight,42225491312723,197217738779
1867,GCSTCS014T-I949-32,7454716985427,GOOD CURVE STRAIGHT COMPRESSION JEANS,Good Curve Straight,42225491443795,197217738786
1074,GCST47SBTE-K001-00,6958505361491,GOOD CURVE STRAIGHT NEVER FADE JEANS,Good Curve Straight,40572843393107,197217084630
1075,GCST47SBTE-K001-0,6958505361491,GOOD CURVE STRAIGHT NEVER FADE JEANS,Good Curve Straight,40572843425875,197217084494
1076,GCST47SBTE-K001-2,6958505361491,GOOD CURVE STRAIGHT NEVER FADE JEANS,Good Curve Straight,40572843458643,197217084500
1077,GCST47SBTE-K001-4,6958505361491,GOOD CURVE STRAIGHT NEVER FADE JEANS,Good Curve Straight,40572843491411,197217084517
1078,GCST47SBTE-K001-6,6958505361491,GOOD CURVE STRAIGHT NEVER FADE JEANS,Good Curve Straight,40572843524179,197217084524
1079,GCST47SBTE-K001-8,6958505361491,GOOD CURVE STRAIGHT NEVER FADE JEANS,Good Curve Straight,40572843556947,197217084531
1080,GCST47SBTE-K001-10,6958505361491,GOOD CURVE STRAIGHT NEVER FADE JEANS,Good Curve Straight,40572843589715,197217084548
1081,GCST47SBTE-K001-12,6958505361491,GOOD CURVE STRAIGHT NEVER FADE JEANS,Good Curve Straight,40572843622483,197217084555
1082,GCST47SBTE-K001-14,6958505361491,GOOD CURVE STRAIGHT NEVER FADE JEANS,Good Curve Straight,40572843655251,197217084562
1083,GCST47SBTE-K001-15,6958505361491,GOOD CURVE STRAIGHT NEVER FADE JEANS,Good Curve Straight,40572843688019,197217084647
1084,GCST47SBTE-K001-16,6958505361491,GOOD CURVE STRAIGHT NEVER FADE JEANS,Good Curve Straight,40572843720787,197217084579
1085,GCST47SBTE-K001-18,6958505361491,GOOD CURVE STRAIGHT NEVER FADE JEANS,Good Curve Straight,40572843753555,197217084586
1086,GCST47SBTE-K001-20,6958505361491,GOOD CURVE STRAIGHT NEVER FADE JEANS,Good Curve Straight,40572843786323,197217084593
1087,GCST47SBTE-K001-22,6958505361491,GOOD CURVE STRAIGHT NEVER FADE JEANS,Good Curve Straight,40572843819091,197217084609
1088,GCST47SBTE-K001-24,6958505361491,GOOD CURVE STRAIGHT NEVER FADE JEANS,Good Curve Straight,40572843851859,197217084616
1089,GCST47SBTE-K001-26,6958505361491,GOOD CURVE STRAIGHT NEVER FADE JEANS,Good Curve Straight,40572843884627,197217084623
1090,GCST47SBTE-K001-28,6958505361491,GOOD CURVE STRAIGHT NEVER FADE JEANS,Good Curve Straight,40572843917395,197217084654
1091,GCST47SBTE-K001-30,6958505361491,GOOD CURVE STRAIGHT NEVER FADE JEANS,Good Curve Straight,40572843950163,197217084661
1092,GCST47SBTE-K001-32,6958505361491,GOOD CURVE STRAIGHT NEVER FADE JEANS,Good Curve Straight,41211044462675,197217321230
1093,GCST47SBTE-K001-35-00,6958505361491,GOOD CURVE STRAIGHT NEVER FADE JEANS,Good Curve Straight,41303530864723,197217468935
1094,GCST47SBTE-K001-35-0,6958505361491,GOOD CURVE STRAIGHT NEVER FADE JEANS,Good Curve Straight,41303530831955,197217468928
1095,GCST47SBTE-K001-35-2,6958505361491,GOOD CURVE STRAIGHT NEVER FADE JEANS,Good Curve Straight,41303531094099,197217469000
1096,GCST47SBTE-K001-35-4,6958505361491,GOOD CURVE STRAIGHT NEVER FADE JEANS,Good Curve Straight,41303531323475,197217469086
1097,GCST47SBTE-K001-35-6,6958505361491,GOOD CURVE STRAIGHT NEVER FADE JEANS,Good Curve Straight,41303531356243,197217469093
1098,GCST47SBTE-K001-35-8,6958505361491,GOOD CURVE STRAIGHT NEVER FADE JEANS,Good Curve Straight,41303531389011,197217469109
1099,GCST47SBTE-K001-35-10,6958505361491,GOOD CURVE STRAIGHT NEVER FADE JEANS,Good Curve Straight,41303530897491,197217468942
1100,GCST47SBTE-K001-35-12,6958505361491,GOOD CURVE STRAIGHT NEVER FADE JEANS,Good Curve Straight,41303530930259,197217468959
1101,GCST47SBTE-K001-35-14,6958505361491,GOOD CURVE STRAIGHT NEVER FADE JEANS,Good Curve Straight,41303530963027,197217468966
1102,GCST47SBTE-K001-35-15,6958505361491,GOOD CURVE STRAIGHT NEVER FADE JEANS,Good Curve Straight,41303530995795,197217468973
1103,GCST47SBTE-K001-35-16,6958505361491,GOOD CURVE STRAIGHT NEVER FADE JEANS,Good Curve Straight,41303531028563,197217468980
1104,GCST47SBTE-K001-35-18,6958505361491,GOOD CURVE STRAIGHT NEVER FADE JEANS,Good Curve Straight,41303531061331,197217468997
1105,GCST47SBTE-K001-35-20,6958505361491,GOOD CURVE STRAIGHT NEVER FADE JEANS,Good Curve Straight,41303531126867,197217469017
1106,GCST47SBTE-K001-35-22,6958505361491,GOOD CURVE STRAIGHT NEVER FADE JEANS,Good Curve Straight,41303531159635,197217469024
1107,GCST47SBTE-K001-35-24,6958505361491,GOOD CURVE STRAIGHT NEVER FADE JEANS,Good Curve Straight,41303531192403,197217469031
1108,GCST47SBTE-K001-35-26,6958505361491,GOOD CURVE STRAIGHT NEVER FADE JEANS,Good Curve Straight,41303531225171,197217469048
1109,GCST47SBTE-K001-35-28,6958505361491,GOOD CURVE STRAIGHT NEVER FADE JEANS,Good Curve Straight,41303531257939,197217469055
1110,GCST47SBTE-K001-35-30,6958505361491,GOOD CURVE STRAIGHT NEVER FADE JEANS,Good Curve Straight,41303531290707,197217469062
1111,GCST47SBTE-K001-35-32,6958505361491,GOOD CURVE STRAIGHT NEVER FADE JEANS,Good Curve Straight,41303531421779,197217469079
3059,GCST47SBTELI-K001-35-00,7180698255443,GOOD CURVE STRAIGHT NEVER FADES LONG,Good Curve Straight,41448956067923,197217615179
3060,GCST47SBTELI-K001-35-0,7180698255443,GOOD CURVE STRAIGHT NEVER FADES LONG,Good Curve Straight,41448956362835,197217615162
3061,GCST47SBTELI-K001-35-2,7180698255443,GOOD CURVE STRAIGHT NEVER FADES LONG,Good Curve Straight,41448956035155,197217615247
3062,GCST47SBTELI-K001-35-4,7180698255443,GOOD CURVE STRAIGHT NEVER FADES LONG,Good Curve Straight,41448956330067,197217615322
3063,GCST47SBTELI-K001-35-6,7180698255443,GOOD CURVE STRAIGHT NEVER FADES LONG,Good Curve Straight,41448956624979,197217615339
3064,GCST47SBTELI-K001-35-8,7180698255443,GOOD CURVE STRAIGHT NEVER FADES LONG,Good Curve Straight,41448956297299,197217615346
3065,GCST47SBTELI-K001-35-10,7180698255443,GOOD CURVE STRAIGHT NEVER FADES LONG,Good Curve Straight,41448956592211,197217615186
3066,GCST47SBTELI-K001-35-12,7180698255443,GOOD CURVE STRAIGHT NEVER FADES LONG,Good Curve Straight,41448956264531,197217615193
3067,GCST47SBTELI-K001-35-14,7180698255443,GOOD CURVE STRAIGHT NEVER FADES LONG,Good Curve Straight,41448956559443,197217615209
3068,GCST47SBTELI-K001-35-15,7180698255443,GOOD CURVE STRAIGHT NEVER FADES LONG,Good Curve Straight,41448956231763,197217615216
3069,GCST47SBTELI-K001-35-16,7180698255443,GOOD CURVE STRAIGHT NEVER FADES LONG,Good Curve Straight,41448956526675,197217615223
3070,GCST47SBTELI-K001-35-18,7180698255443,GOOD CURVE STRAIGHT NEVER FADES LONG,Good Curve Straight,41448956198995,197217615230
3071,GCST47SBTELI-K001-35-20,7180698255443,GOOD CURVE STRAIGHT NEVER FADES LONG,Good Curve Straight,41448956493907,197217615254
3072,GCST47SBTELI-K001-35-22,7180698255443,GOOD CURVE STRAIGHT NEVER FADES LONG,Good Curve Straight,41448956166227,197217615261
3073,GCST47SBTELI-K001-35-24,7180698255443,GOOD CURVE STRAIGHT NEVER FADES LONG,Good Curve Straight,41448956461139,197217615278
3074,GCST47SBTELI-K001-35-26,7180698255443,GOOD CURVE STRAIGHT NEVER FADES LONG,Good Curve Straight,41448956133459,197217615285
3075,GCST47SBTELI-K001-35-28,7180698255443,GOOD CURVE STRAIGHT NEVER FADES LONG,Good Curve Straight,41448956428371,197217615292
3076,GCST47SBTELI-K001-35-30,7180698255443,GOOD CURVE STRAIGHT NEVER FADES LONG,Good Curve Straight,41448956395603,197217615308
3077,GCST47SBTELI-K001-35-32,7180698255443,GOOD CURVE STRAIGHT NEVER FADES LONG,Good Curve Straight,41448956100691,197217615315
153326,GFD439-GLKL-12,7742090707027,GOOD EASE LEOPARD JEANS,Good Ease,43204933877843,199875009703
153327,GFD439-GLKL-8,7742090707027,GOOD EASE LEOPARD JEANS,Good Ease,43204933910611,199875009857
153328,GFD439-GLKL-4,7742090707027,GOOD EASE LEOPARD JEANS,Good Ease,43204933943379,199875009833
153329,GFD439-GLKL-0,7742090707027,GOOD EASE LEOPARD JEANS,Good Ease,43204933976147,199875009673
153330,GFD439-GLKL-14,7742090707027,GOOD EASE LEOPARD JEANS,Good Ease,43204934008915,199875009710
153331,GFD439-GLKL-10,7742090707027,GOOD EASE LEOPARD JEANS,Good Ease,43204934041683,199875009697
153332,GFD439-GLKL-6,7742090707027,GOOD EASE LEOPARD JEANS,Good Ease,43204934074451,199875009840
153333,GFD439-GLKL-2,7742090707027,GOOD EASE LEOPARD JEANS,Good Ease,43204934107219,199875009758
153334,GFD439-GLKL-00,7742090707027,GOOD EASE LEOPARD JEANS,Good Ease,43204934139987,199875009680
960,GEAP384S-I575-00,7246528675923,GOOD EASE PETITE RELAXED JEANS,Good Ease Relaxed,41634786443347,197217620715
961,GEAP384S-I575-0,7246528675923,GOOD EASE PETITE RELAXED JEANS,Good Ease Relaxed,41634786050131,197217620708
962,GEAP384S-I575-2,7246528675923,GOOD EASE PETITE RELAXED JEANS,Good Ease Relaxed,41634786410579,197217620784
963,GEAP384S-I575-4,7246528675923,GOOD EASE PETITE RELAXED JEANS,Good Ease Relaxed,41634786017363,197217620869
964,GEAP384S-I575-6,7246528675923,GOOD EASE PETITE RELAXED JEANS,Good Ease Relaxed,41634786345043,197217620876
965,GEAP384S-I575-8,7246528675923,GOOD EASE PETITE RELAXED JEANS,Good Ease Relaxed,41634785984595,197217620883
966,GEAP384S-I575-10,7246528675923,GOOD EASE PETITE RELAXED JEANS,Good Ease Relaxed,41634786312275,197217620722
967,GEAP384S-I575-12,7246528675923,GOOD EASE PETITE RELAXED JEANS,Good Ease Relaxed,41634786574419,197217620739
968,GEAP384S-I575-14,7246528675923,GOOD EASE PETITE RELAXED JEANS,Good Ease Relaxed,41634786279507,197217620746
969,GEAP384S-I575-15,7246528675923,GOOD EASE PETITE RELAXED JEANS,Good Ease Relaxed,41634786541651,197217620753
970,GEAP384S-I575-16,7246528675923,GOOD EASE PETITE RELAXED JEANS,Good Ease Relaxed,41634786246739,197217620760
971,GEAP384S-I575-18,7246528675923,GOOD EASE PETITE RELAXED JEANS,Good Ease Relaxed,41634786508883,197217620777
972,GEAP384S-I575-20,7246528675923,GOOD EASE PETITE RELAXED JEANS,Good Ease Relaxed,41634786213971,197217620791
973,GEAP384S-I575-22,7246528675923,GOOD EASE PETITE RELAXED JEANS,Good Ease Relaxed,41634786476115,197217620807
974,GEAP384S-I575-24,7246528675923,GOOD EASE PETITE RELAXED JEANS,Good Ease Relaxed,41634786181203,197217620814
975,GEAP384S-I575-26,7246528675923,GOOD EASE PETITE RELAXED JEANS,Good Ease Relaxed,41634786082899,197217620821
976,GEAP384S-I575-28,7246528675923,GOOD EASE PETITE RELAXED JEANS,Good Ease Relaxed,41634786148435,197217620838
977,GEAP384S-I575-30,7246528675923,GOOD EASE PETITE RELAXED JEANS,Good Ease Relaxed,41634786377811,197217620845
978,GEAP384S-I575-32,7246528675923,GOOD EASE PETITE RELAXED JEANS,Good Ease Relaxed,41634786115667,197217620852
567,GRWL384-I575-00,7083779620947,GOOD EASE RELAXED JEANS,Good Ease Relaxed,41121199325267,197217369546
568,GRWL384-I575-0,7083779620947,GOOD EASE RELAXED JEANS,Good Ease Relaxed,41121199358035,197217369324
569,GRWL384-I575-2,7083779620947,GOOD EASE RELAXED JEANS,Good Ease Relaxed,41121199390803,197217370665
570,GRWL384-I575-4,7083779620947,GOOD EASE RELAXED JEANS,Good Ease Relaxed,41121199423571,197217371242
571,GRWL384-I575-6,7083779620947,GOOD EASE RELAXED JEANS,Good Ease Relaxed,41121199456339,197217371402
572,GRWL384-I575-8,7083779620947,GOOD EASE RELAXED JEANS,Good Ease Relaxed,41121199489107,197217371587
573,GRWL384-I575-10,7083779620947,GOOD EASE RELAXED JEANS,Good Ease Relaxed,41121199521875,197217369737
574,GRWL384-I575-12,7083779620947,GOOD EASE RELAXED JEANS,Good Ease Relaxed,41121199554643,197217369935
575,GRWL384-I575-14,7083779620947,GOOD EASE RELAXED JEANS,Good Ease Relaxed,41121199587411,197217370122
576,GRWL384-I575-15,7083779620947,GOOD EASE RELAXED JEANS,Good Ease Relaxed,41121199620179,197217370283
577,GRWL384-I575-16,7083779620947,GOOD EASE RELAXED JEANS,Good Ease Relaxed,41121199652947,197217370436
578,GRWL384-I575-18,7083779620947,GOOD EASE RELAXED JEANS,Good Ease Relaxed,41121199685715,197217370559
579,GRWL384-I575-20,7083779620947,GOOD EASE RELAXED JEANS,Good Ease Relaxed,41121199718483,197217370733
580,GRWL384-I575-22,7083779620947,GOOD EASE RELAXED JEANS,Good Ease Relaxed,41121199751251,197217370788
581,GRWL384-I575-24,7083779620947,GOOD EASE RELAXED JEANS,Good Ease Relaxed,41121199784019,197217370856
582,GRWL384-I575-26,7083779620947,GOOD EASE RELAXED JEANS,Good Ease Relaxed,41121199816787,197217370924
583,GRWL384-I575-28,7083779620947,GOOD EASE RELAXED JEANS,Good Ease Relaxed,41121199849555,197217370986
584,GRWL384-I575-30,7083779620947,GOOD EASE RELAXED JEANS,Good Ease Relaxed,41121199882323,197217371044
585,GRWL384-I575-32,7083779620947,GOOD EASE RELAXED JEANS,Good Ease Relaxed,41121199915091,197217371129
865,GSBAG156BBS-K373-00,7454717804627,GOOD EXTREME BARREL JEANS,Good Extreme Barrel,42225502158931,197217731992
866,GSBAG156BBS-K373-0,7454717804627,GOOD EXTREME BARREL JEANS,Good Extreme Barrel,42225501765715,197217731985
867,GSBAG156BBS-K373-2,7454717804627,GOOD EXTREME BARREL JEANS,Good Extreme Barrel,42225502126163,197217732067
868,GSBAG156BBS-K373-4,7454717804627,GOOD EXTREME BARREL JEANS,Good Extreme Barrel,42225502224467,197217732142
869,GSBAG156BBS-K373-6,7454717804627,GOOD EXTREME BARREL JEANS,Good Extreme Barrel,42225502060627,197217732159
870,GSBAG156BBS-K373-8,7454717804627,GOOD EXTREME BARREL JEANS,Good Extreme Barrel,42225501536339,197217732166
871,GSBAG156BBS-K373-10,7454717804627,GOOD EXTREME BARREL JEANS,Good Extreme Barrel,42225501569107,197217732005
872,GSBAG156BBS-K373-12,7454717804627,GOOD EXTREME BARREL JEANS,Good Extreme Barrel,42225502355539,197217732012
873,GSBAG156BBS-K373-14,7454717804627,GOOD EXTREME BARREL JEANS,Good Extreme Barrel,42225502290003,197217732029
874,GSBAG156BBS-K373-15,7454717804627,GOOD EXTREME BARREL JEANS,Good Extreme Barrel,42225502388307,197217732036
875,GSBAG156BBS-K373-16,7454717804627,GOOD EXTREME BARREL JEANS,Good Extreme Barrel,42225501995091,197217732043
876,GSBAG156BBS-K373-18,7454717804627,GOOD EXTREME BARREL JEANS,Good Extreme Barrel,42225502453843,197217732050
877,GSBAG156BBS-K373-20,7454717804627,GOOD EXTREME BARREL JEANS,Good Extreme Barrel,42225501929555,197217732074
878,GSBAG156BBS-K373-22,7454717804627,GOOD EXTREME BARREL JEANS,Good Extreme Barrel,42225501634643,197217732081
879,GSBAG156BBS-K373-24,7454717804627,GOOD EXTREME BARREL JEANS,Good Extreme Barrel,42225501864019,197217732098
880,GSBAG156BBS-K373-26,7454717804627,GOOD EXTREME BARREL JEANS,Good Extreme Barrel,42225501700179,197217732104
881,GSBAG156BBS-K373-28,7454717804627,GOOD EXTREME BARREL JEANS,Good Extreme Barrel,42225501831251,197217732111
882,GSBAG156BBS-K373-30,7454717804627,GOOD EXTREME BARREL JEANS,Good Extreme Barrel,42225501732947,197217732128
883,GSBAG156BBS-K373-32,7454717804627,GOOD EXTREME BARREL JEANS,Good Extreme Barrel,42225501601875,197217732135
2398,GSBAG156S-I965-00,7454716690515,GOOD EXTREME BARREL JEANS,Good Extreme Barrel,42225487872083,197217732371
2399,GSBAG156S-I965-0,7454716690515,GOOD EXTREME BARREL JEANS,Good Extreme Barrel,42225487511635,197217732364
2400,GSBAG156S-I965-2,7454716690515,GOOD EXTREME BARREL JEANS,Good Extreme Barrel,42225487839315,197217732449
2401,GSBAG156S-I965-4,7454716690515,GOOD EXTREME BARREL JEANS,Good Extreme Barrel,42225487446099,197217732524
2402,GSBAG156S-I965-6,7454716690515,GOOD EXTREME BARREL JEANS,Good Extreme Barrel,42225487806547,197217732531
2403,GSBAG156S-I965-8,7454716690515,GOOD EXTREME BARREL JEANS,Good Extreme Barrel,42225487413331,197217732548
2404,GSBAG156S-I965-10,7454716690515,GOOD EXTREME BARREL JEANS,Good Extreme Barrel,42225487478867,197217732388
2405,GSBAG156S-I965-12,7454716690515,GOOD EXTREME BARREL JEANS,Good Extreme Barrel,42225487577171,197217732395
2406,GSBAG156S-I965-14,7454716690515,GOOD EXTREME BARREL JEANS,Good Extreme Barrel,42225487544403,197217732401
2407,GSBAG156S-I965-15,7454716690515,GOOD EXTREME BARREL JEANS,Good Extreme Barrel,42225487773779,197217732418
2408,GSBAG156S-I965-16,7454716690515,GOOD EXTREME BARREL JEANS,Good Extreme Barrel,42225487904851,197217732425
2409,GSBAG156S-I965-18,7454716690515,GOOD EXTREME BARREL JEANS,Good Extreme Barrel,42225487741011,197217732432
2410,GSBAG156S-I965-20,7454716690515,GOOD EXTREME BARREL JEANS,Good Extreme Barrel,42225487609939,197217732456
2411,GSBAG156S-I965-22,7454716690515,GOOD EXTREME BARREL JEANS,Good Extreme Barrel,42225487380563,197217732463
2412,GSBAG156S-I965-24,7454716690515,GOOD EXTREME BARREL JEANS,Good Extreme Barrel,42225487642707,197217732470
2413,GSBAG156S-I965-26,7454716690515,GOOD EXTREME BARREL JEANS,Good Extreme Barrel,42225487347795,197217732487
2414,GSBAG156S-I965-28,7454716690515,GOOD EXTREME BARREL JEANS,Good Extreme Barrel,42225487675475,197217732494
2415,GSBAG156S-I965-30,7454716690515,GOOD EXTREME BARREL JEANS,Good Extreme Barrel,42225487315027,197217732500
2416,GSBAG156S-I965-32,7454716690515,GOOD EXTREME BARREL JEANS,Good Extreme Barrel,42225487708243,197217732517
754,GSBAGPSE024S-I966-00,7454717870163,GOOD EXTREME BARREL JEANS,Good Extreme Barrel,42225502814291,197217732180
755,GSBAGPSE024S-I966-0,7454717870163,GOOD EXTREME BARREL JEANS,Good Extreme Barrel,42225503043667,197217732173
756,GSBAGPSE024S-I966-2,7454717870163,GOOD EXTREME BARREL JEANS,Good Extreme Barrel,42225502781523,197217732258
757,GSBAGPSE024S-I966-4,7454717870163,GOOD EXTREME BARREL JEANS,Good Extreme Barrel,42225503076435,197217732333
758,GSBAGPSE024S-I966-6,7454717870163,GOOD EXTREME BARREL JEANS,Good Extreme Barrel,42225503371347,197217732340
759,GSBAGPSE024S-I966-8,7454717870163,GOOD EXTREME BARREL JEANS,Good Extreme Barrel,42225503109203,197217732357
760,GSBAGPSE024S-I966-10,7454717870163,GOOD EXTREME BARREL JEANS,Good Extreme Barrel,42225503338579,197217732197
761,GSBAGPSE024S-I966-12,7454717870163,GOOD EXTREME BARREL JEANS,Good Extreme Barrel,42225502978131,197217732203
762,GSBAGPSE024S-I966-14,7454717870163,GOOD EXTREME BARREL JEANS,Good Extreme Barrel,42225503305811,197217732210
763,GSBAGPSE024S-I966-15,7454717870163,GOOD EXTREME BARREL JEANS,Good Extreme Barrel,42225503010899,197217732227
764,GSBAGPSE024S-I966-16,7454717870163,GOOD EXTREME BARREL JEANS,Good Extreme Barrel,42225503273043,197217732234
765,GSBAGPSE024S-I966-18,7454717870163,GOOD EXTREME BARREL JEANS,Good Extreme Barrel,42225502912595,197217732241
766,GSBAGPSE024S-I966-20,7454717870163,GOOD EXTREME BARREL JEANS,Good Extreme Barrel,42225503240275,197217732265
767,GSBAGPSE024S-I966-22,7454717870163,GOOD EXTREME BARREL JEANS,Good Extreme Barrel,42225502879827,197217732272
768,GSBAGPSE024S-I966-24,7454717870163,GOOD EXTREME BARREL JEANS,Good Extreme Barrel,42225503207507,197217732289
769,GSBAGPSE024S-I966-26,7454717870163,GOOD EXTREME BARREL JEANS,Good Extreme Barrel,42225502847059,197217732296
770,GSBAGPSE024S-I966-28,7454717870163,GOOD EXTREME BARREL JEANS,Good Extreme Barrel,42225503174739,197217732302
771,GSBAGPSE024S-I966-30,7454717870163,GOOD EXTREME BARREL JEANS,Good Extreme Barrel,42225502945363,197217732319
772,GSBAGPSE024S-I966-32,7454717870163,GOOD EXTREME BARREL JEANS,Good Extreme Barrel,42225503141971,197217732326
154202,GGFSCU235T-I1109-00,REMOVE FROM ALL TABLES,REMOVE FROM ALL TABLES,REMOVE FROM ALL TABLES,REMOVE FROM ALL TABLES,REMOVE FROM ALL TABLES
154203,GGFSCU235T-I1109-0,REMOVE FROM ALL TABLES,REMOVE FROM ALL TABLES,REMOVE FROM ALL TABLES,REMOVE FROM ALL TABLES,REMOVE FROM ALL TABLES
154204,GGFSCU235T-I1109-2,REMOVE FROM ALL TABLES,REMOVE FROM ALL TABLES,REMOVE FROM ALL TABLES,REMOVE FROM ALL TABLES,REMOVE FROM ALL TABLES
154205,GGFSCU235T-I1109-4,REMOVE FROM ALL TABLES,REMOVE FROM ALL TABLES,REMOVE FROM ALL TABLES,REMOVE FROM ALL TABLES,REMOVE FROM ALL TABLES
154206,GGFSCU235T-I1109-6,REMOVE FROM ALL TABLES,REMOVE FROM ALL TABLES,REMOVE FROM ALL TABLES,REMOVE FROM ALL TABLES,REMOVE FROM ALL TABLES
154207,GGFSCU235T-I1109-8,REMOVE FROM ALL TABLES,REMOVE FROM ALL TABLES,REMOVE FROM ALL TABLES,REMOVE FROM ALL TABLES,REMOVE FROM ALL TABLES
154208,GGFSCU235T-I1109-10,REMOVE FROM ALL TABLES,REMOVE FROM ALL TABLES,REMOVE FROM ALL TABLES,REMOVE FROM ALL TABLES,REMOVE FROM ALL TABLES
154209,GGFSCU235T-I1109-12,REMOVE FROM ALL TABLES,REMOVE FROM ALL TABLES,REMOVE FROM ALL TABLES,REMOVE FROM ALL TABLES,REMOVE FROM ALL TABLES
154210,GGFSCU235T-I1109-14,REMOVE FROM ALL TABLES,REMOVE FROM ALL TABLES,REMOVE FROM ALL TABLES,REMOVE FROM ALL TABLES,REMOVE FROM ALL TABLES
154211,GGFSCU235T-I1109-15,REMOVE FROM ALL TABLES,REMOVE FROM ALL TABLES,REMOVE FROM ALL TABLES,REMOVE FROM ALL TABLES,REMOVE FROM ALL TABLES
154212,GGFSCU235T-I1109-16,REMOVE FROM ALL TABLES,REMOVE FROM ALL TABLES,REMOVE FROM ALL TABLES,REMOVE FROM ALL TABLES,REMOVE FROM ALL TABLES
154213,GGFSCU235T-I1109-18,REMOVE FROM ALL TABLES,REMOVE FROM ALL TABLES,REMOVE FROM ALL TABLES,REMOVE FROM ALL TABLES,REMOVE FROM ALL TABLES
154214,GGFSCU235T-I1109-20,REMOVE FROM ALL TABLES,REMOVE FROM ALL TABLES,REMOVE FROM ALL TABLES,REMOVE FROM ALL TABLES,REMOVE FROM ALL TABLES
154215,GGFSCU235T-I1109-22,REMOVE FROM ALL TABLES,REMOVE FROM ALL TABLES,REMOVE FROM ALL TABLES,REMOVE FROM ALL TABLES,REMOVE FROM ALL TABLES
154216,GGFSCU235T-I1109-24,REMOVE FROM ALL TABLES,REMOVE FROM ALL TABLES,REMOVE FROM ALL TABLES,REMOVE FROM ALL TABLES,REMOVE FROM ALL TABLES
154217,GGFSCU235T-I1109-26,REMOVE FROM ALL TABLES,REMOVE FROM ALL TABLES,REMOVE FROM ALL TABLES,REMOVE FROM ALL TABLES,REMOVE FROM ALL TABLES
154218,GGFSCU235T-I1109-28,REMOVE FROM ALL TABLES,REMOVE FROM ALL TABLES,REMOVE FROM ALL TABLES,REMOVE FROM ALL TABLES,REMOVE FROM ALL TABLES
154219,GGFSCU235T-I1109-30,REMOVE FROM ALL TABLES,REMOVE FROM ALL TABLES,REMOVE FROM ALL TABLES,REMOVE FROM ALL TABLES,REMOVE FROM ALL TABLES
154220,GGFSCU235T-I1109-32,REMOVE FROM ALL TABLES,REMOVE FROM ALL TABLES,REMOVE FROM ALL TABLES,REMOVE FROM ALL TABLES,REMOVE FROM ALL TABLES
154164,GWB0262-W001-00,REMOVE FROM ALL TABLES,REMOVE FROM ALL TABLES,REMOVE FROM ALL TABLES,REMOVE FROM ALL TABLES,REMOVE FROM ALL TABLES
154165,GWB0262-W001-0,REMOVE FROM ALL TABLES,REMOVE FROM ALL TABLES,REMOVE FROM ALL TABLES,REMOVE FROM ALL TABLES,REMOVE FROM ALL TABLES
154166,GWB0262-W001-2,REMOVE FROM ALL TABLES,REMOVE FROM ALL TABLES,REMOVE FROM ALL TABLES,REMOVE FROM ALL TABLES,REMOVE FROM ALL TABLES
154167,GWB0262-W001-4,REMOVE FROM ALL TABLES,REMOVE FROM ALL TABLES,REMOVE FROM ALL TABLES,REMOVE FROM ALL TABLES,REMOVE FROM ALL TABLES
154168,GWB0262-W001-6,REMOVE FROM ALL TABLES,REMOVE FROM ALL TABLES,REMOVE FROM ALL TABLES,REMOVE FROM ALL TABLES,REMOVE FROM ALL TABLES
154169,GWB0262-W001-8,REMOVE FROM ALL TABLES,REMOVE FROM ALL TABLES,REMOVE FROM ALL TABLES,REMOVE FROM ALL TABLES,REMOVE FROM ALL TABLES
154170,GWB0262-W001-10,REMOVE FROM ALL TABLES,REMOVE FROM ALL TABLES,REMOVE FROM ALL TABLES,REMOVE FROM ALL TABLES,REMOVE FROM ALL TABLES
154171,GWB0262-W001-12,REMOVE FROM ALL TABLES,REMOVE FROM ALL TABLES,REMOVE FROM ALL TABLES,REMOVE FROM ALL TABLES,REMOVE FROM ALL TABLES
154172,GWB0262-W001-14,REMOVE FROM ALL TABLES,REMOVE FROM ALL TABLES,REMOVE FROM ALL TABLES,REMOVE FROM ALL TABLES,REMOVE FROM ALL TABLES
154173,GWB0262-W001-15,REMOVE FROM ALL TABLES,REMOVE FROM ALL TABLES,REMOVE FROM ALL TABLES,REMOVE FROM ALL TABLES,REMOVE FROM ALL TABLES
154174,GWB0262-W001-16,REMOVE FROM ALL TABLES,REMOVE FROM ALL TABLES,REMOVE FROM ALL TABLES,REMOVE FROM ALL TABLES,REMOVE FROM ALL TABLES
154175,GWB0262-W001-18,REMOVE FROM ALL TABLES,REMOVE FROM ALL TABLES,REMOVE FROM ALL TABLES,REMOVE FROM ALL TABLES,REMOVE FROM ALL TABLES
154176,GWB0262-W001-20,REMOVE FROM ALL TABLES,REMOVE FROM ALL TABLES,REMOVE FROM ALL TABLES,REMOVE FROM ALL TABLES,REMOVE FROM ALL TABLES
154177,GWB0262-W001-22,REMOVE FROM ALL TABLES,REMOVE FROM ALL TABLES,REMOVE FROM ALL TABLES,REMOVE FROM ALL TABLES,REMOVE FROM ALL TABLES
154178,GWB0262-W001-24,REMOVE FROM ALL TABLES,REMOVE FROM ALL TABLES,REMOVE FROM ALL TABLES,REMOVE FROM ALL TABLES,REMOVE FROM ALL TABLES
154179,GWB0262-W001-26,REMOVE FROM ALL TABLES,REMOVE FROM ALL TABLES,REMOVE FROM ALL TABLES,REMOVE FROM ALL TABLES,REMOVE FROM ALL TABLES
154180,GWB0262-W001-28,REMOVE FROM ALL TABLES,REMOVE FROM ALL TABLES,REMOVE FROM ALL TABLES,REMOVE FROM ALL TABLES,REMOVE FROM ALL TABLES
154181,GWB0262-W001-30,REMOVE FROM ALL TABLES,REMOVE FROM ALL TABLES,REMOVE FROM ALL TABLES,REMOVE FROM ALL TABLES,REMOVE FROM ALL TABLES
154182,GWB0262-W001-32,REMOVE FROM ALL TABLES,REMOVE FROM ALL TABLES,REMOVE FROM ALL TABLES,REMOVE FROM ALL TABLES,REMOVE FROM ALL TABLES
143823,GIL000T-BK03-00,7160361386067,GOOD ICON FAUX LEATHER PANTS,Good Icon,41393346216019,197217569137
143824,GIL000T-BK03-0,7160361386067,GOOD ICON FAUX LEATHER PANTS,Good Icon,41393346248787,197217569120
143825,GIL000T-BK03-2,7160361386067,GOOD ICON FAUX LEATHER PANTS,Good Icon,41393346281555,197217569236
143826,GIL000T-BK03-4,7160361386067,GOOD ICON FAUX LEATHER PANTS,Good Icon,41393346314323,197217569328
143827,GIL000T-BK03-6,7160361386067,GOOD ICON FAUX LEATHER PANTS,Good Icon,41393346347091,197217569342
143828,GIL000T-BK03-8,7160361386067,GOOD ICON FAUX LEATHER PANTS,Good Icon,41393346379859,197217569366
143829,GIL000T-BK03-10,7160361386067,GOOD ICON FAUX LEATHER PANTS,Good Icon,41393346412627,197217569151
143830,GIL000T-BK03-12,7160361386067,GOOD ICON FAUX LEATHER PANTS,Good Icon,41393346445395,197217569175
143831,GIL000T-BK03-14,7160361386067,GOOD ICON FAUX LEATHER PANTS,Good Icon,41393346478163,197217569199
143832,GIL000T-BK03-15,7160361386067,GOOD ICON FAUX LEATHER PANTS,Good Icon,41393346510931,197217569205
143833,GIL000T-BK03-16,7160361386067,GOOD ICON FAUX LEATHER PANTS,Good Icon,41393346543699,197217569212
143834,GIL000T-BK03-18,7160361386067,GOOD ICON FAUX LEATHER PANTS,Good Icon,41393346576467,197217569229
143835,GIL000T-BK03-20,7160361386067,GOOD ICON FAUX LEATHER PANTS,Good Icon,41393346609235,197217569243
143836,GIL000T-BK03-22,7160361386067,GOOD ICON FAUX LEATHER PANTS,Good Icon,41393346642003,197217569250
143837,GIL000T-BK03-24,7160361386067,GOOD ICON FAUX LEATHER PANTS,Good Icon,41393346674771,197217569267
143838,GIL000T-BK03-26,7160361386067,GOOD ICON FAUX LEATHER PANTS,Good Icon,41393346707539,197217569274
143839,GIL000T-BK03-28,7160361386067,GOOD ICON FAUX LEATHER PANTS,Good Icon,41393346740307,197217569281
143840,GIL000T-BK03-30,7160361386067,GOOD ICON FAUX LEATHER PANTS,Good Icon,41393346773075,197217569298
143841,GIL000T-BK03-32,7160361386067,GOOD ICON FAUX LEATHER PANTS,Good Icon,41393346805843,197217569304
1537,GICA395B002-K404-00,7509323153491,GOOD ICON STRAIGHT ANKLE JEANS,Good Icon Straight Ankle,42414958444627,197217794379
1538,GICA395B002-K404-0,7509323153491,GOOD ICON STRAIGHT ANKLE JEANS,Good Icon Straight Ankle,42414958346323,197217794362
1539,GICA395B002-K404-2,7509323153491,GOOD ICON STRAIGHT ANKLE JEANS,Good Icon Straight Ankle,42414958051411,197217794447
1540,GICA395B002-K404-4,7509323153491,GOOD ICON STRAIGHT ANKLE JEANS,Good Icon Straight Ankle,42414958313555,197217794522
1541,GICA395B002-K404-6,7509323153491,GOOD ICON STRAIGHT ANKLE JEANS,Good Icon Straight Ankle,42414958018643,197217794539
1542,GICA395B002-K404-8,7509323153491,GOOD ICON STRAIGHT ANKLE JEANS,Good Icon Straight Ankle,42414958280787,197217794546
1543,GICA395B002-K404-10,7509323153491,GOOD ICON STRAIGHT ANKLE JEANS,Good Icon Straight Ankle,42414958608467,197217794386
1544,GICA395B002-K404-12,7509323153491,GOOD ICON STRAIGHT ANKLE JEANS,Good Icon Straight Ankle,42414958248019,197217794393
1545,GICA395B002-K404-14,7509323153491,GOOD ICON STRAIGHT ANKLE JEANS,Good Icon Straight Ankle,42414958575699,197217794409
1546,GICA395B002-K404-15,7509323153491,GOOD ICON STRAIGHT ANKLE JEANS,Good Icon Straight Ankle,42414958215251,197217794416
1547,GICA395B002-K404-16,7509323153491,GOOD ICON STRAIGHT ANKLE JEANS,Good Icon Straight Ankle,42414958542931,197217794423
1548,GICA395B002-K404-18,7509323153491,GOOD ICON STRAIGHT ANKLE JEANS,Good Icon Straight Ankle,42414958182483,197217794430
1549,GICA395B002-K404-20,7509323153491,GOOD ICON STRAIGHT ANKLE JEANS,Good Icon Straight Ankle,42414958510163,197217794454
1550,GICA395B002-K404-22,7509323153491,GOOD ICON STRAIGHT ANKLE JEANS,Good Icon Straight Ankle,42414958149715,197217794461
1551,GICA395B002-K404-24,7509323153491,GOOD ICON STRAIGHT ANKLE JEANS,Good Icon Straight Ankle,42414958477395,197217794478
1552,GICA395B002-K404-26,7509323153491,GOOD ICON STRAIGHT ANKLE JEANS,Good Icon Straight Ankle,42414958116947,197217794485
1553,GICA395B002-K404-28,7509323153491,GOOD ICON STRAIGHT ANKLE JEANS,Good Icon Straight Ankle,42414958379091,197217794492
1554,GICA395B002-K404-30,7509323153491,GOOD ICON STRAIGHT ANKLE JEANS,Good Icon Straight Ankle,42414958084179,197217794508
1555,GICA395B002-K404-32,7509323153491,GOOD ICON STRAIGHT ANKLE JEANS,Good Icon Straight Ankle,42414958411859,197217794515
1792,GICA395001-I1078-00,7509327282259,GOOD ICON STRAIGHT ANKLE JEANS,Good Icon Straight Ankle,42415009071187,197217793990
1793,GICA395001-I1078-0,7509327282259,GOOD ICON STRAIGHT ANKLE JEANS,Good Icon Straight Ankle,42415009398867,197217793983
1794,GICA395001-I1078-2,7509327282259,GOOD ICON STRAIGHT ANKLE JEANS,Good Icon Straight Ankle,42415009103955,197217794065
1795,GICA395001-I1078-4,7509327282259,GOOD ICON STRAIGHT ANKLE JEANS,Good Icon Straight Ankle,42415009366099,197217794140
1796,GICA395001-I1078-6,7509327282259,GOOD ICON STRAIGHT ANKLE JEANS,Good Icon Straight Ankle,42415009136723,197217794157
1797,GICA395001-I1078-8,7509327282259,GOOD ICON STRAIGHT ANKLE JEANS,Good Icon Straight Ankle,42415009464403,197217794164
1798,GICA395001-I1078-10,7509327282259,GOOD ICON STRAIGHT ANKLE JEANS,Good Icon Straight Ankle,42415009169491,197217794003
1799,GICA395001-I1078-12,7509327282259,GOOD ICON STRAIGHT ANKLE JEANS,Good Icon Straight Ankle,42415009497171,197217794010
1800,GICA395001-I1078-14,7509327282259,GOOD ICON STRAIGHT ANKLE JEANS,Good Icon Straight Ankle,42415009202259,197217794027
1801,GICA395001-I1078-15,7509327282259,GOOD ICON STRAIGHT ANKLE JEANS,Good Icon Straight Ankle,42415008907347,197217794034
1802,GICA395001-I1078-16,7509327282259,GOOD ICON STRAIGHT ANKLE JEANS,Good Icon Straight Ankle,42415009235027,197217794041
1803,GICA395001-I1078-18,7509327282259,GOOD ICON STRAIGHT ANKLE JEANS,Good Icon Straight Ankle,42415008940115,197217794058
1804,GICA395001-I1078-20,7509327282259,GOOD ICON STRAIGHT ANKLE JEANS,Good Icon Straight Ankle,42415009267795,197217794072
1805,GICA395001-I1078-22,7509327282259,GOOD ICON STRAIGHT ANKLE JEANS,Good Icon Straight Ankle,42415008972883,197217794089
1806,GICA395001-I1078-24,7509327282259,GOOD ICON STRAIGHT ANKLE JEANS,Good Icon Straight Ankle,42415009300563,197217794096
1807,GICA395001-I1078-26,7509327282259,GOOD ICON STRAIGHT ANKLE JEANS,Good Icon Straight Ankle,42415009005651,197217794102
1808,GICA395001-I1078-28,7509327282259,GOOD ICON STRAIGHT ANKLE JEANS,Good Icon Straight Ankle,42415009333331,197217794119
1809,GICA395001-I1078-30,7509327282259,GOOD ICON STRAIGHT ANKLE JEANS,Good Icon Straight Ankle,42415009038419,197217794126
1810,GICA395001-I1078-32,7509327282259,GOOD ICON STRAIGHT ANKLE JEANS,Good Icon Straight Ankle,42415009431635,197217794133
1518,GICA395001-I1082-00,7509327020115,GOOD ICON STRAIGHT ANKLE JEANS,Good Icon Straight Ankle,42415006580819,197217794188
1519,GICA395001-I1082-0,7509327020115,GOOD ICON STRAIGHT ANKLE JEANS,Good Icon Straight Ankle,42415006220371,197217794171
1520,GICA395001-I1082-2,7509327020115,GOOD ICON STRAIGHT ANKLE JEANS,Good Icon Straight Ankle,42415006548051,197217794256
1521,GICA395001-I1082-4,7509327020115,GOOD ICON STRAIGHT ANKLE JEANS,Good Icon Straight Ankle,42415006253139,197217794331
1522,GICA395001-I1082-6,7509327020115,GOOD ICON STRAIGHT ANKLE JEANS,Good Icon Straight Ankle,42415006515283,197217794348
1523,GICA395001-I1082-8,7509327020115,GOOD ICON STRAIGHT ANKLE JEANS,Good Icon Straight Ankle,42415006187603,197217794355
1524,GICA395001-I1082-10,7509327020115,GOOD ICON STRAIGHT ANKLE JEANS,Good Icon Straight Ankle,42415006482515,197217794195
1525,GICA395001-I1082-12,7509327020115,GOOD ICON STRAIGHT ANKLE JEANS,Good Icon Straight Ankle,42415006154835,197217794201
1526,GICA395001-I1082-14,7509327020115,GOOD ICON STRAIGHT ANKLE JEANS,Good Icon Straight Ankle,42415006449747,197217794218
1527,GICA395001-I1082-15,7509327020115,GOOD ICON STRAIGHT ANKLE JEANS,Good Icon Straight Ankle,42415006744659,197217794225
1528,GICA395001-I1082-16,7509327020115,GOOD ICON STRAIGHT ANKLE JEANS,Good Icon Straight Ankle,42415006416979,197217794232
1529,GICA395001-I1082-18,7509327020115,GOOD ICON STRAIGHT ANKLE JEANS,Good Icon Straight Ankle,42415006711891,197217794249
1530,GICA395001-I1082-20,7509327020115,GOOD ICON STRAIGHT ANKLE JEANS,Good Icon Straight Ankle,42415006384211,197217794263
1531,GICA395001-I1082-22,7509327020115,GOOD ICON STRAIGHT ANKLE JEANS,Good Icon Straight Ankle,42415006679123,197217794270
1532,GICA395001-I1082-24,7509327020115,GOOD ICON STRAIGHT ANKLE JEANS,Good Icon Straight Ankle,42415006351443,197217794287
1533,GICA395001-I1082-26,7509327020115,GOOD ICON STRAIGHT ANKLE JEANS,Good Icon Straight Ankle,42415006646355,197217794294
1534,GICA395001-I1082-28,7509327020115,GOOD ICON STRAIGHT ANKLE JEANS,Good Icon Straight Ankle,42415006318675,197217794300
1535,GICA395001-I1082-30,7509327020115,GOOD ICON STRAIGHT ANKLE JEANS,Good Icon Straight Ankle,42415006613587,197217794317
1536,GICA395001-I1082-32,7509327020115,GOOD ICON STRAIGHT ANKLE JEANS,Good Icon Straight Ankle,42415006285907,197217794324
154183,GICCEM235S-I1186-00,7652496867411,GOOD ICON STRAIGHT ANKLE PEARL JEANS,Good Icon Straight Pearl Ankle,42904141332563,197217898459
154184,GICCEM235S-I1186-0,7652496867411,GOOD ICON STRAIGHT ANKLE PEARL JEANS,Good Icon Straight Pearl Ankle,42904141299795,197217898442
154185,GICCEM235S-I1186-2,7652496867411,GOOD ICON STRAIGHT ANKLE PEARL JEANS,Good Icon Straight Pearl Ankle,42904141267027,197217898527
154186,GICCEM235S-I1186-4,7652496867411,GOOD ICON STRAIGHT ANKLE PEARL JEANS,Good Icon Straight Pearl Ankle,42904141234259,197217898602
154187,GICCEM235S-I1186-6,7652496867411,GOOD ICON STRAIGHT ANKLE PEARL JEANS,Good Icon Straight Pearl Ankle,42904141201491,197217898619
154188,GICCEM235S-I1186-8,7652496867411,GOOD ICON STRAIGHT ANKLE PEARL JEANS,Good Icon Straight Pearl Ankle,42904141168723,197217898626
154189,GICCEM235S-I1186-10,7652496867411,GOOD ICON STRAIGHT ANKLE PEARL JEANS,Good Icon Straight Pearl Ankle,42904141135955,197217898466
154190,GICCEM235S-I1186-12,7652496867411,GOOD ICON STRAIGHT ANKLE PEARL JEANS,Good Icon Straight Pearl Ankle,42904141103187,197217898473
154191,GICCEM235S-I1186-14,7652496867411,GOOD ICON STRAIGHT ANKLE PEARL JEANS,Good Icon Straight Pearl Ankle,42904141627475,197217898480
154192,GICCEM235S-I1186-15,7652496867411,GOOD ICON STRAIGHT ANKLE PEARL JEANS,Good Icon Straight Pearl Ankle,42904141660243,197217898497
154193,GICCEM235S-I1186-16,7652496867411,GOOD ICON STRAIGHT ANKLE PEARL JEANS,Good Icon Straight Pearl Ankle,42904141693011,197217898503
154194,GICCEM235S-I1186-18,7652496867411,GOOD ICON STRAIGHT ANKLE PEARL JEANS,Good Icon Straight Pearl Ankle,42904141594707,197217898510
154195,GICCEM235S-I1186-20,7652496867411,GOOD ICON STRAIGHT ANKLE PEARL JEANS,Good Icon Straight Pearl Ankle,42904141561939,197217898534
154196,GICCEM235S-I1186-22,7652496867411,GOOD ICON STRAIGHT ANKLE PEARL JEANS,Good Icon Straight Pearl Ankle,42904141529171,197217898541
154197,GICCEM235S-I1186-24,7652496867411,GOOD ICON STRAIGHT ANKLE PEARL JEANS,Good Icon Straight Pearl Ankle,42904141496403,197217898558
154198,GICCEM235S-I1186-26,7652496867411,GOOD ICON STRAIGHT ANKLE PEARL JEANS,Good Icon Straight Pearl Ankle,42904141463635,197217898565
154199,GICCEM235S-I1186-28,7652496867411,GOOD ICON STRAIGHT ANKLE PEARL JEANS,Good Icon Straight Pearl Ankle,42904141430867,197217898572
154200,GICCEM235S-I1186-30,7652496867411,GOOD ICON STRAIGHT ANKLE PEARL JEANS,Good Icon Straight Pearl Ankle,42904141398099,197217898589
154201,GICCEM235S-I1186-32,7652496867411,GOOD ICON STRAIGHT ANKLE PEARL JEANS,Good Icon Straight Pearl Ankle,42904141365331,197217898596
154221,GICCEM235PS-W001-00,7652496506963,GOOD ICON STRAIGHT ANKLE PEARL JEANS,Good Icon Straight Pearl Ankle,42904137760851,197217899784
154222,GICCEM235PS-W001-0,7652496506963,GOOD ICON STRAIGHT ANKLE PEARL JEANS,Good Icon Straight Pearl Ankle,42904137564243,197217899777
154223,GICCEM235PS-W001-2,7652496506963,GOOD ICON STRAIGHT ANKLE PEARL JEANS,Good Icon Straight Pearl Ankle,42904137891923,197217899852
154224,GICCEM235PS-W001-4,7652496506963,GOOD ICON STRAIGHT ANKLE PEARL JEANS,Good Icon Straight Pearl Ankle,42904379424851,197217899937
154225,GICCEM235PS-W001-6,7652496506963,GOOD ICON STRAIGHT ANKLE PEARL JEANS,Good Icon Straight Pearl Ankle,42904137859155,197217899944
154226,GICCEM235PS-W001-8,7652496506963,GOOD ICON STRAIGHT ANKLE PEARL JEANS,Good Icon Straight Pearl Ankle,42904137433171,197217899951
154227,GICCEM235PS-W001-10,7652496506963,GOOD ICON STRAIGHT ANKLE PEARL JEANS,Good Icon Straight Pearl Ankle,42904137826387,197217899791
154228,GICCEM235PS-W001-12,7652496506963,GOOD ICON STRAIGHT ANKLE PEARL JEANS,Good Icon Straight Pearl Ankle,42904137465939,197217899807
154229,GICCEM235PS-W001-14,7652496506963,GOOD ICON STRAIGHT ANKLE PEARL JEANS,Good Icon Straight Pearl Ankle,42904137793619,197217899814
154230,GICCEM235PS-W001-15,7652496506963,GOOD ICON STRAIGHT ANKLE PEARL JEANS,Good Icon Straight Pearl Ankle,42904137531475,197217899821
154231,GICCEM235PS-W001-16,7652496506963,GOOD ICON STRAIGHT ANKLE PEARL JEANS,Good Icon Straight Pearl Ankle,42904137728083,197217899838
154232,GICCEM235PS-W001-18,7652496506963,GOOD ICON STRAIGHT ANKLE PEARL JEANS,Good Icon Straight Pearl Ankle,42904137498707,197217899845
154233,GICCEM235PS-W001-20,7652496506963,GOOD ICON STRAIGHT ANKLE PEARL JEANS,Good Icon Straight Pearl Ankle,42904137695315,197217899869
154234,GICCEM235PS-W001-22,7652496506963,GOOD ICON STRAIGHT ANKLE PEARL JEANS,Good Icon Straight Pearl Ankle,42904137990227,197217899876
154235,GICCEM235PS-W001-24,7652496506963,GOOD ICON STRAIGHT ANKLE PEARL JEANS,Good Icon Straight Pearl Ankle,42904137662547,197217899883
154236,GICCEM235PS-W001-26,7652496506963,GOOD ICON STRAIGHT ANKLE PEARL JEANS,Good Icon Straight Pearl Ankle,42904137957459,197217899890
154237,GICCEM235PS-W001-28,7652496506963,GOOD ICON STRAIGHT ANKLE PEARL JEANS,Good Icon Straight Pearl Ankle,42904137629779,197217899906
154238,GICCEM235PS-W001-30,7652496506963,GOOD ICON STRAIGHT ANKLE PEARL JEANS,Good Icon Straight Pearl Ankle,42904137924691,197217899913
154239,GICCEM235PS-W001-32,7652496506963,GOOD ICON STRAIGHT ANKLE PEARL JEANS,Good Icon Straight Pearl Ankle,42904137597011,197217899920
316,GFD150B-K376-00,7246574485587,GOOD ICON STRAIGHT DIAMOND JEANS,Good Icon Straight Diamond,41634926133331,197217628988
317,GFD150B-K376-0,7246574485587,GOOD ICON STRAIGHT DIAMOND JEANS,Good Icon Straight Diamond,41634926493779,197217628971
318,GFD150B-K376-2,7246574485587,GOOD ICON STRAIGHT DIAMOND JEANS,Good Icon Straight Diamond,41634926231635,197217629053
319,GFD150B-K376-4,7246574485587,GOOD ICON STRAIGHT DIAMOND JEANS,Good Icon Straight Diamond,41634926526547,197217629138
320,GFD150B-K376-6,7246574485587,GOOD ICON STRAIGHT DIAMOND JEANS,Good Icon Straight Diamond,41634926297171,197217629145
321,GFD150B-K376-8,7246574485587,GOOD ICON STRAIGHT DIAMOND JEANS,Good Icon Straight Diamond,41634926559315,197217629152
322,GFD150B-K376-10,7246574485587,GOOD ICON STRAIGHT DIAMOND JEANS,Good Icon Straight Diamond,41634926362707,197217628995
323,GFD150B-K376-12,7246574485587,GOOD ICON STRAIGHT DIAMOND JEANS,Good Icon Straight Diamond,41634926592083,197217629008
324,GFD150B-K376-14,7246574485587,GOOD ICON STRAIGHT DIAMOND JEANS,Good Icon Straight Diamond,41634926657619,197217629015
325,GFD150B-K376-15,7246574485587,GOOD ICON STRAIGHT DIAMOND JEANS,Good Icon Straight Diamond,41634926624851,197217629022
326,GFD150B-K376-16,7246574485587,GOOD ICON STRAIGHT DIAMOND JEANS,Good Icon Straight Diamond,41634926690387,197217629039
327,GFD150B-K376-18,7246574485587,GOOD ICON STRAIGHT DIAMOND JEANS,Good Icon Straight Diamond,41634926919763,197217629046
328,GFD150B-K376-20,7246574485587,GOOD ICON STRAIGHT DIAMOND JEANS,Good Icon Straight Diamond,41634926723155,197217629060
329,GFD150B-K376-22,7246574485587,GOOD ICON STRAIGHT DIAMOND JEANS,Good Icon Straight Diamond,41634926395475,197217629077
330,GFD150B-K376-24,7246574485587,GOOD ICON STRAIGHT DIAMOND JEANS,Good Icon Straight Diamond,41634926755923,197217629084
331,GFD150B-K376-26,7246574485587,GOOD ICON STRAIGHT DIAMOND JEANS,Good Icon Straight Diamond,41634926428243,197217629091
332,GFD150B-K376-28,7246574485587,GOOD ICON STRAIGHT DIAMOND JEANS,Good Icon Straight Diamond,41634926788691,197217629107
333,GFD150B-K376-30,7246574485587,GOOD ICON STRAIGHT DIAMOND JEANS,Good Icon Straight Diamond,41634926461011,197217629114
334,GFD150B-K376-32,7246574485587,GOOD ICON STRAIGHT DIAMOND JEANS,Good Icon Straight Diamond,41634926854227,197217629121
484,GFD150-I357-00,7173988712531,GOOD ICON STRAIGHT DIAMOND JEANS,Good Icon Straight Diamond,41434561609811,197217526031
485,GFD150-I357-0,7173988712531,GOOD ICON STRAIGHT DIAMOND JEANS,Good Icon Straight Diamond,41434561642579,197217525881
486,GFD150-I357-2,7173988712531,GOOD ICON STRAIGHT DIAMOND JEANS,Good Icon Straight Diamond,41434561675347,197217527304
487,GFD150-I357-4,7173988712531,GOOD ICON STRAIGHT DIAMOND JEANS,Good Icon Straight Diamond,41434561708115,197217528288
488,GFD150-I357-6,7173988712531,GOOD ICON STRAIGHT DIAMOND JEANS,Good Icon Straight Diamond,41434561740883,197217528417
489,GFD150-I357-8,7173988712531,GOOD ICON STRAIGHT DIAMOND JEANS,Good Icon Straight Diamond,41434561773651,197217528523
490,GFD150-I357-10,7173988712531,GOOD ICON STRAIGHT DIAMOND JEANS,Good Icon Straight Diamond,41434561806419,197217526178
491,GFD150-I357-12,7173988712531,GOOD ICON STRAIGHT DIAMOND JEANS,Good Icon Straight Diamond,41434561839187,197217526352
492,GFD150-I357-14,7173988712531,GOOD ICON STRAIGHT DIAMOND JEANS,Good Icon Straight Diamond,41434561871955,197217526567
493,GFD150-I357-15,7173988712531,GOOD ICON STRAIGHT DIAMOND JEANS,Good Icon Straight Diamond,41434561904723,197217526758
494,GFD150-I357-16,7173988712531,GOOD ICON STRAIGHT DIAMOND JEANS,Good Icon Straight Diamond,41434561937491,197217526949
495,GFD150-I357-18,7173988712531,GOOD ICON STRAIGHT DIAMOND JEANS,Good Icon Straight Diamond,41434561970259,197217527168
496,GFD150-I357-20,7173988712531,GOOD ICON STRAIGHT DIAMOND JEANS,Good Icon Straight Diamond,41434562003027,197217527434
497,GFD150-I357-22,7173988712531,GOOD ICON STRAIGHT DIAMOND JEANS,Good Icon Straight Diamond,41434562035795,197217527564
498,GFD150-I357-24,7173988712531,GOOD ICON STRAIGHT DIAMOND JEANS,Good Icon Straight Diamond,41434562068563,197217527670
499,GFD150-I357-26,7173988712531,GOOD ICON STRAIGHT DIAMOND JEANS,Good Icon Straight Diamond,41434562101331,197217527786
500,GFD150-I357-28,7173988712531,GOOD ICON STRAIGHT DIAMOND JEANS,Good Icon Straight Diamond,41434562134099,197217527892
501,GFD150-I357-30,7173988712531,GOOD ICON STRAIGHT DIAMOND JEANS,Good Icon Straight Diamond,41434562166867,197217528028
502,GFD150-I357-32,7173988712531,GOOD ICON STRAIGHT DIAMOND JEANS,Good Icon Straight Diamond,41434562199635,197217528158
527,GICNF395T-I605-00,7084004540499,GOOD ICON STRAIGHT JEANS,Good Icon Straight,41121513799763,197217427673
528,GICNF395T-I605-0,7084004540499,GOOD ICON STRAIGHT JEANS,Good Icon Straight,41121513832531,197217427529
529,GICNF395T-I605-2,7084004540499,GOOD ICON STRAIGHT JEANS,Good Icon Straight,41121513865299,197217428830
530,GICNF395T-I605-4,7084004540499,GOOD ICON STRAIGHT JEANS,Good Icon Straight,41121513898067,197217430284
531,GICNF395T-I605-6,7084004540499,GOOD ICON STRAIGHT JEANS,Good Icon Straight,41121513930835,197217430482
532,GICNF395T-I605-8,7084004540499,GOOD ICON STRAIGHT JEANS,Good Icon Straight,41121513963603,197217430659
533,GICNF395T-I605-10,7084004540499,GOOD ICON STRAIGHT JEANS,Good Icon Straight,41121513996371,197217427833
534,GICNF395T-I605-12,7084004540499,GOOD ICON STRAIGHT JEANS,Good Icon Straight,41121514029139,197217428014
535,GICNF395T-I605-14,7084004540499,GOOD ICON STRAIGHT JEANS,Good Icon Straight,41121514061907,197217428182
536,GICNF395T-I605-15,7084004540499,GOOD ICON STRAIGHT JEANS,Good Icon Straight,41121514094675,197217428342
537,GICNF395T-I605-16,7084004540499,GOOD ICON STRAIGHT JEANS,Good Icon Straight,41121514127443,197217428496
538,GICNF395T-I605-18,7084004540499,GOOD ICON STRAIGHT JEANS,Good Icon Straight,41121514160211,197217428656
539,GICNF395T-I605-20,7084004540499,GOOD ICON STRAIGHT JEANS,Good Icon Straight,41121514192979,197217429028
540,GICNF395T-I605-22,7084004540499,GOOD ICON STRAIGHT JEANS,Good Icon Straight,41121514225747,197217429226
541,GICNF395T-I605-24,7084004540499,GOOD ICON STRAIGHT JEANS,Good Icon Straight,41121514258515,197217429400
542,GICNF395T-I605-26,7084004540499,GOOD ICON STRAIGHT JEANS,Good Icon Straight,41121514291283,197217429578
543,GICNF395T-I605-28,7084004540499,GOOD ICON STRAIGHT JEANS,Good Icon Straight,41121514324051,197217429707
544,GICNF395T-I605-30,7084004540499,GOOD ICON STRAIGHT JEANS,Good Icon Straight,41121514356819,197217429899
545,GICNF395T-I605-32,7084004540499,GOOD ICON STRAIGHT JEANS,Good Icon Straight,41121514389587,197217430093
1432,GICSE235T-I912-00,7509327413331,GOOD ICON STRAIGHT JEANS,Good Icon Straight,42415011627091,197217791989
1433,GICSE235T-I912-0,7509327413331,GOOD ICON STRAIGHT JEANS,Good Icon Straight,42415011233875,197217791972
1434,GICSE235T-I912-2,7509327413331,GOOD ICON STRAIGHT JEANS,Good Icon Straight,42415011266643,197217792054
1435,GICSE235T-I912-4,7509327413331,GOOD ICON STRAIGHT JEANS,Good Icon Straight,42415011659859,197217792139
1436,GICSE235T-I912-6,7509327413331,GOOD ICON STRAIGHT JEANS,Good Icon Straight,42415011364947,197217792146
1437,GICSE235T-I912-8,7509327413331,GOOD ICON STRAIGHT JEANS,Good Icon Straight,42415011692627,197217792153
1438,GICSE235T-I912-10,7509327413331,GOOD ICON STRAIGHT JEANS,Good Icon Straight,42415011397715,197217791996
1439,GICSE235T-I912-12,7509327413331,GOOD ICON STRAIGHT JEANS,Good Icon Straight,42415011102803,197217792009
1440,GICSE235T-I912-14,7509327413331,GOOD ICON STRAIGHT JEANS,Good Icon Straight,42415011430483,197217792016
1441,GICSE235T-I912-15,7509327413331,GOOD ICON STRAIGHT JEANS,Good Icon Straight,42415011135571,197217792023
1442,GICSE235T-I912-16,7509327413331,GOOD ICON STRAIGHT JEANS,Good Icon Straight,42415011463251,197217792030
1443,GICSE235T-I912-18,7509327413331,GOOD ICON STRAIGHT JEANS,Good Icon Straight,42415011168339,197217792047
1444,GICSE235T-I912-20,7509327413331,GOOD ICON STRAIGHT JEANS,Good Icon Straight,42415011496019,197217792061
1445,GICSE235T-I912-22,7509327413331,GOOD ICON STRAIGHT JEANS,Good Icon Straight,42415011201107,197217792078
1446,GICSE235T-I912-24,7509327413331,GOOD ICON STRAIGHT JEANS,Good Icon Straight,42415011528787,197217792085
1447,GICSE235T-I912-26,7509327413331,GOOD ICON STRAIGHT JEANS,Good Icon Straight,42415011299411,197217792092
1448,GICSE235T-I912-28,7509327413331,GOOD ICON STRAIGHT JEANS,Good Icon Straight,42415011561555,197217792108
1449,GICSE235T-I912-30,7509327413331,GOOD ICON STRAIGHT JEANS,Good Icon Straight,42415011332179,197217792115
1450,GICSE235T-I912-32,7509327413331,GOOD ICON STRAIGHT JEANS,Good Icon Straight,42415011594323,197217792122
143140,GFD442-I939-00,7509323120723,GOOD ICON STRAIGHT FLOCKED DENIM JEANS,Good Icon Straight Flocked Denim,42414957953107,197217778898
143141,GFD442-I939-0,7509323120723,GOOD ICON STRAIGHT FLOCKED DENIM JEANS,Good Icon Straight Flocked Denim,42414957559891,197217778881
143142,GFD442-I939-2,7509323120723,GOOD ICON STRAIGHT FLOCKED DENIM JEANS,Good Icon Straight Flocked Denim,42414957920339,197217778966
143143,GFD442-I939-4,7509323120723,GOOD ICON STRAIGHT FLOCKED DENIM JEANS,Good Icon Straight Flocked Denim,42414957527123,197217779048
143144,GFD442-I939-6,7509323120723,GOOD ICON STRAIGHT FLOCKED DENIM JEANS,Good Icon Straight Flocked Denim,42414957887571,197217779055
143145,GFD442-I939-8,7509323120723,GOOD ICON STRAIGHT FLOCKED DENIM JEANS,Good Icon Straight Flocked Denim,42414957494355,197217779062
143146,GFD442-I939-10,7509323120723,GOOD ICON STRAIGHT FLOCKED DENIM JEANS,Good Icon Straight Flocked Denim,42414957854803,197217778904
143147,GFD442-I939-12,7509323120723,GOOD ICON STRAIGHT FLOCKED DENIM JEANS,Good Icon Straight Flocked Denim,42414957985875,197217778911
143148,GFD442-I939-14,7509323120723,GOOD ICON STRAIGHT FLOCKED DENIM JEANS,Good Icon Straight Flocked Denim,42414957822035,197217778928
143149,GFD442-I939-15,7509323120723,GOOD ICON STRAIGHT FLOCKED DENIM JEANS,Good Icon Straight Flocked Denim,42414957396051,197217778935
143150,GFD442-I939-16,7509323120723,GOOD ICON STRAIGHT FLOCKED DENIM JEANS,Good Icon Straight Flocked Denim,42414957461587,197217778942
143151,GFD442-I939-18,7509323120723,GOOD ICON STRAIGHT FLOCKED DENIM JEANS,Good Icon Straight Flocked Denim,42414957428819,197217778959
143152,GFD442-I939-20,7509323120723,GOOD ICON STRAIGHT FLOCKED DENIM JEANS,Good Icon Straight Flocked Denim,42414957690963,197217778973
143153,GFD442-I939-22,7509323120723,GOOD ICON STRAIGHT FLOCKED DENIM JEANS,Good Icon Straight Flocked Denim,42414957789267,197217778980
143154,GFD442-I939-24,7509323120723,GOOD ICON STRAIGHT FLOCKED DENIM JEANS,Good Icon Straight Flocked Denim,42414957658195,197217778997
143155,GFD442-I939-26,7509323120723,GOOD ICON STRAIGHT FLOCKED DENIM JEANS,Good Icon Straight Flocked Denim,42414957756499,197217779000
143156,GFD442-I939-28,7509323120723,GOOD ICON STRAIGHT FLOCKED DENIM JEANS,Good Icon Straight Flocked Denim,42414957625427,197217779017
143157,GFD442-I939-30,7509323120723,GOOD ICON STRAIGHT FLOCKED DENIM JEANS,Good Icon Straight Flocked Denim,42414957723731,197217779024
143158,GFD442-I939-32,7509323120723,GOOD ICON STRAIGHT FLOCKED DENIM JEANS,Good Icon Straight Flocked Denim,42414957592659,197217779031
697,GAGL873CE-B004-00,6957855047763,GOOD LEGS SKINNY JEANS,Good Legs Skinny,42566611468371,197217064687
698,GAGL873CE-B004-0,6957855047763,GOOD LEGS SKINNY JEANS,Good Legs Skinny,42566611238995,197217064540
699,GAGL873CE-B004-2,6957855047763,GOOD LEGS SKINNY JEANS,Good Legs Skinny,42566611304531,197217064557
700,GAGL873CE-B004-4,6957855047763,GOOD LEGS SKINNY JEANS,Good Legs Skinny,42566611402835,197217064564
701,GAGL873CE-B004-6,6957855047763,GOOD LEGS SKINNY JEANS,Good Legs Skinny,42566611599443,197217064571
702,GAGL873CE-B004-8,6957855047763,GOOD LEGS SKINNY JEANS,Good Legs Skinny,42566611435603,197217064588
703,GAGL873CE-B004-10,6957855047763,GOOD LEGS SKINNY JEANS,Good Legs Skinny,42566611173459,197217064595
704,GAGL873CE-B004-12,6957855047763,GOOD LEGS SKINNY JEANS,Good Legs Skinny,42566611632211,197217064601
705,GAGL873CE-B004-14,6957855047763,GOOD LEGS SKINNY JEANS,Good Legs Skinny,42566611501139,197217064618
706,GAGL873CE-B004-15,6957855047763,GOOD LEGS SKINNY JEANS,Good Legs Skinny,42566611533907,197217064694
707,GAGL873CE-B004-16,6957855047763,GOOD LEGS SKINNY JEANS,Good Legs Skinny,42566611271763,197217064625
708,GAGL873CE-B004-18,6957855047763,GOOD LEGS SKINNY JEANS,Good Legs Skinny,42566611566675,197217064632
709,GAGL873CE-B004-20,6957855047763,GOOD LEGS SKINNY JEANS,Good Legs Skinny,42566611370067,197217064649
710,GAGL873CE-B004-22,6957855047763,GOOD LEGS SKINNY JEANS,Good Legs Skinny,42566611337299,197217064656
711,GAGL873CE-B004-24,6957855047763,GOOD LEGS SKINNY JEANS,Good Legs Skinny,42566611206227,197217064663
712,GAGL873CE-B004-26,6957855047763,GOOD LEGS SKINNY JEANS,Good Legs Skinny,42566611664979,197217064670
713,GAGL873CE-B004-28,6957855047763,GOOD LEGS SKINNY JEANS,Good Legs Skinny,42566611697747,197217080359
714,GAGL873CE-B004-30,6957855047763,GOOD LEGS SKINNY JEANS,Good Legs Skinny,42566611730515,197217080366
715,GAGL873CE-B004-32,6957855047763,GOOD LEGS SKINNY JEANS,Good Legs Skinny,41423913254995,197217468478
716,GAGL873CE-B004-35-00,6957855047763,GOOD LEGS SKINNY JEANS,Good Legs Skinny,41150849089619,197217088867
717,GAGL873CE-B004-35-0,6957855047763,GOOD LEGS SKINNY JEANS,Good Legs Skinny,41423913287763,197217477753
718,GAGL873CE-B004-35-2,6957855047763,GOOD LEGS SKINNY JEANS,Good Legs Skinny,41150848925779,197217088874
719,GAGL873CE-B004-35-4,6957855047763,GOOD LEGS SKINNY JEANS,Good Legs Skinny,41150849024083,197217088881
720,GAGL873CE-B004-35-6,6957855047763,GOOD LEGS SKINNY JEANS,Good Legs Skinny,41150849220691,197217088898
721,GAGL873CE-B004-35-8,6957855047763,GOOD LEGS SKINNY JEANS,Good Legs Skinny,41150849056851,197217088904
722,GAGL873CE-B004-35-10,6957855047763,GOOD LEGS SKINNY JEANS,Good Legs Skinny,41150848827475,197217088911
723,GAGL873CE-B004-35-12,6957855047763,GOOD LEGS SKINNY JEANS,Good Legs Skinny,41150849253459,197217088928
724,GAGL873CE-B004-35-14,6957855047763,GOOD LEGS SKINNY JEANS,Good Legs Skinny,41150849122387,197217088935
725,GAGL873CE-B004-35-15,6957855047763,GOOD LEGS SKINNY JEANS,Good Legs Skinny,41150849155155,197217089017
726,GAGL873CE-B004-35-16,6957855047763,GOOD LEGS SKINNY JEANS,Good Legs Skinny,41150848893011,197217088942
727,GAGL873CE-B004-35-18,6957855047763,GOOD LEGS SKINNY JEANS,Good Legs Skinny,41150849187923,197217088959
728,GAGL873CE-B004-35-20,6957855047763,GOOD LEGS SKINNY JEANS,Good Legs Skinny,41150848991315,197217088966
729,GAGL873CE-B004-35-22,6957855047763,GOOD LEGS SKINNY JEANS,Good Legs Skinny,41150848958547,197217088973
730,GAGL873CE-B004-35-24,6957855047763,GOOD LEGS SKINNY JEANS,Good Legs Skinny,41150848860243,197217088980
731,GAGL873CE-B004-35-26,6957855047763,GOOD LEGS SKINNY JEANS,Good Legs Skinny,41150849286227,197217088997
732,GAGL873CE-B004-35-28,6957855047763,GOOD LEGS SKINNY JEANS,Good Legs Skinny,41150849318995,197217089024
733,GAGL873CE-B004-35-30,6957855047763,GOOD LEGS SKINNY JEANS,Good Legs Skinny,41150849351763,197217089031
734,GAGL873CE-B004-35-32,6957855047763,GOOD LEGS SKINNY JEANS,Good Legs Skinny,41423913320531,197217468461
735,GAGL873CE-B004-26-00,6957855047763,GOOD LEGS SKINNY JEANS,Good Legs Skinny,41150856757331,197217088829
736,GAGL873CE-B004-26-0,6957855047763,GOOD LEGS SKINNY JEANS,Good Legs Skinny,41150856527955,197217088683
737,GAGL873CE-B004-26-2,6957855047763,GOOD LEGS SKINNY JEANS,Good Legs Skinny,41150856593491,197217088690
738,GAGL873CE-B004-26-4,6957855047763,GOOD LEGS SKINNY JEANS,Good Legs Skinny,41150856691795,197217088706
739,GAGL873CE-B004-26-6,6957855047763,GOOD LEGS SKINNY JEANS,Good Legs Skinny,41150856888403,197217088713
740,GAGL873CE-B004-26-8,6957855047763,GOOD LEGS SKINNY JEANS,Good Legs Skinny,41150856724563,197217088720
741,GAGL873CE-B004-26-10,6957855047763,GOOD LEGS SKINNY JEANS,Good Legs Skinny,41150856462419,197217088737
742,GAGL873CE-B004-26-12,6957855047763,GOOD LEGS SKINNY JEANS,Good Legs Skinny,41150856921171,197217088744
743,GAGL873CE-B004-26-14,6957855047763,GOOD LEGS SKINNY JEANS,Good Legs Skinny,41150856790099,197217088751
744,GAGL873CE-B004-26-15,6957855047763,GOOD LEGS SKINNY JEANS,Good Legs Skinny,41150856822867,197217088836
745,GAGL873CE-B004-26-16,6957855047763,GOOD LEGS SKINNY JEANS,Good Legs Skinny,41150856560723,197217088768
746,GAGL873CE-B004-26-18,6957855047763,GOOD LEGS SKINNY JEANS,Good Legs Skinny,41150856855635,197217088775
747,GAGL873CE-B004-26-20,6957855047763,GOOD LEGS SKINNY JEANS,Good Legs Skinny,41150856659027,197217088782
748,GAGL873CE-B004-26-22,6957855047763,GOOD LEGS SKINNY JEANS,Good Legs Skinny,41150856626259,197217088799
749,GAGL873CE-B004-26-24,6957855047763,GOOD LEGS SKINNY JEANS,Good Legs Skinny,41150856495187,197217088805
750,GAGL873CE-B004-26-26,6957855047763,GOOD LEGS SKINNY JEANS,Good Legs Skinny,41150856953939,197217088812
751,GAGL873CE-B004-26-28,6957855047763,GOOD LEGS SKINNY JEANS,Good Legs Skinny,41150856986707,197217088843
752,GAGL873CE-B004-26-30,6957855047763,GOOD LEGS SKINNY JEANS,Good Legs Skinny,41150857019475,197217088850
753,GAGL873CE-B004-26-32,6957855047763,GOOD LEGS SKINNY JEANS,Good Legs Skinny,41150846795859,197217089000
2115,GLCB160TEE-B670-00,7120696279123,GOOD LEGS CROP MINI BOOT JEANS,Good Legs Mini Boot Crop,41230532313171,197217083435
2116,GLCB160TEE-B670-0,7120696279123,GOOD LEGS CROP MINI BOOT JEANS,Good Legs Mini Boot Crop,41230532345939,197217083299
2117,GLCB160TEE-B670-2,7120696279123,GOOD LEGS CROP MINI BOOT JEANS,Good Legs Mini Boot Crop,41230532378707,197217083305
2118,GLCB160TEE-B670-4,7120696279123,GOOD LEGS CROP MINI BOOT JEANS,Good Legs Mini Boot Crop,41230532411475,197217083312
2119,GLCB160TEE-B670-6,7120696279123,GOOD LEGS CROP MINI BOOT JEANS,Good Legs Mini Boot Crop,41230532444243,197217083329
2120,GLCB160TEE-B670-8,7120696279123,GOOD LEGS CROP MINI BOOT JEANS,Good Legs Mini Boot Crop,41230532477011,197217083336
2121,GLCB160TEE-B670-10,7120696279123,GOOD LEGS CROP MINI BOOT JEANS,Good Legs Mini Boot Crop,41230532509779,197217083343
2122,GLCB160TEE-B670-12,7120696279123,GOOD LEGS CROP MINI BOOT JEANS,Good Legs Mini Boot Crop,41230532542547,197217083350
2123,GLCB160TEE-B670-14,7120696279123,GOOD LEGS CROP MINI BOOT JEANS,Good Legs Mini Boot Crop,41230532575315,197217083367
2124,GLCB160TEE-B670-15,7120696279123,GOOD LEGS CROP MINI BOOT JEANS,Good Legs Mini Boot Crop,41230532608083,197217083442
2125,GLCB160TEE-B670-16,7120696279123,GOOD LEGS CROP MINI BOOT JEANS,Good Legs Mini Boot Crop,41230532640851,197217083374
2126,GLCB160TEE-B670-18,7120696279123,GOOD LEGS CROP MINI BOOT JEANS,Good Legs Mini Boot Crop,41230532673619,197217083381
2127,GLCB160TEE-B670-20,7120696279123,GOOD LEGS CROP MINI BOOT JEANS,Good Legs Mini Boot Crop,41230532706387,197217083398
2128,GLCB160TEE-B670-22,7120696279123,GOOD LEGS CROP MINI BOOT JEANS,Good Legs Mini Boot Crop,41230532739155,197217083404
2129,GLCB160TEE-B670-24,7120696279123,GOOD LEGS CROP MINI BOOT JEANS,Good Legs Mini Boot Crop,41230532771923,197217083411
2130,GLCB160TEE-B670-26,7120696279123,GOOD LEGS CROP MINI BOOT JEANS,Good Legs Mini Boot Crop,41230532804691,197217083428
2131,GLCB160TEE-B670-28,7120696279123,GOOD LEGS CROP MINI BOOT JEANS,Good Legs Mini Boot Crop,42112546013267,197217707089
2132,GLCB160TEE-B670-30,7120696279123,GOOD LEGS CROP MINI BOOT JEANS,Good Legs Mini Boot Crop,42112545947731,197217707096
2133,GLCB160TEE-B670-32,7120696279123,GOOD LEGS CROP MINI BOOT JEANS,Good Legs Mini Boot Crop,42112545980499,197217707102
153179,GLCMBR960T-I1214-00,7652496834643,SOFT TECH GOOD LEGS CROP MINI BOOT JEANS,Good Legs Mini Boot Crop,42904141070419,197217886838
153180,GLCMBR960T-I1214-0,7652496834643,SOFT TECH GOOD LEGS CROP MINI BOOT JEANS,Good Legs Mini Boot Crop,42904140775507,197217886821
153181,GLCMBR960T-I1214-2,7652496834643,SOFT TECH GOOD LEGS CROP MINI BOOT JEANS,Good Legs Mini Boot Crop,42904140644435,197217886906
153182,GLCMBR960T-I1214-4,7652496834643,SOFT TECH GOOD LEGS CROP MINI BOOT JEANS,Good Legs Mini Boot Crop,42904140611667,197217886982
153183,GLCMBR960T-I1214-6,7652496834643,SOFT TECH GOOD LEGS CROP MINI BOOT JEANS,Good Legs Mini Boot Crop,42904140677203,197217886999
153184,GLCMBR960T-I1214-8,7652496834643,SOFT TECH GOOD LEGS CROP MINI BOOT JEANS,Good Legs Mini Boot Crop,42904140841043,197217887002
153185,GLCMBR960T-I1214-10,7652496834643,SOFT TECH GOOD LEGS CROP MINI BOOT JEANS,Good Legs Mini Boot Crop,42904140709971,197217886845
153186,GLCMBR960T-I1214-12,7652496834643,SOFT TECH GOOD LEGS CROP MINI BOOT JEANS,Good Legs Mini Boot Crop,42904140873811,197217886852
153187,GLCMBR960T-I1214-14,7652496834643,SOFT TECH GOOD LEGS CROP MINI BOOT JEANS,Good Legs Mini Boot Crop,42904140742739,197217886869
153188,GLCMBR960T-I1214-15,7652496834643,SOFT TECH GOOD LEGS CROP MINI BOOT JEANS,Good Legs Mini Boot Crop,42904140906579,197217886876
153189,GLCMBR960T-I1214-16,7652496834643,SOFT TECH GOOD LEGS CROP MINI BOOT JEANS,Good Legs Mini Boot Crop,42904140480595,197217886883
153190,GLCMBR960T-I1214-18,7652496834643,SOFT TECH GOOD LEGS CROP MINI BOOT JEANS,Good Legs Mini Boot Crop,42904140939347,197217886890
153191,GLCMBR960T-I1214-20,7652496834643,SOFT TECH GOOD LEGS CROP MINI BOOT JEANS,Good Legs Mini Boot Crop,42904140513363,197217886913
153192,GLCMBR960T-I1214-22,7652496834643,SOFT TECH GOOD LEGS CROP MINI BOOT JEANS,Good Legs Mini Boot Crop,42904140972115,197217886920
153193,GLCMBR960T-I1214-24,7652496834643,SOFT TECH GOOD LEGS CROP MINI BOOT JEANS,Good Legs Mini Boot Crop,42904140546131,197217886937
153194,GLCMBR960T-I1214-26,7652496834643,SOFT TECH GOOD LEGS CROP MINI BOOT JEANS,Good Legs Mini Boot Crop,42904141004883,197217886944
153195,GLCMBR960T-I1214-28,7652496834643,SOFT TECH GOOD LEGS CROP MINI BOOT JEANS,Good Legs Mini Boot Crop,42904140578899,197217886951
153196,GLCMBR960T-I1214-30,7652496834643,SOFT TECH GOOD LEGS CROP MINI BOOT JEANS,Good Legs Mini Boot Crop,42904141037651,197217886968
153197,GLCMBR960T-I1214-32,7652496834643,SOFT TECH GOOD LEGS CROP MINI BOOT JEANS,Good Legs Mini Boot Crop,42904140808275,197217886975
2869,GLCMBTS960T-I743-00,7246575108179,SOFT-TECH GOOD LEGS CROP MINI BOOT JEANS,Good Legs Mini Boot Crop,41634933309523,197217625642
2870,GLCMBTS960T-I743-0,7246575108179,SOFT-TECH GOOD LEGS CROP MINI BOOT JEANS,Good Legs Mini Boot Crop,41634932883539,197217625635
2871,GLCMBTS960T-I743-2,7246575108179,SOFT-TECH GOOD LEGS CROP MINI BOOT JEANS,Good Legs Mini Boot Crop,41634933276755,197217625710
2872,GLCMBTS960T-I743-4,7246575108179,SOFT-TECH GOOD LEGS CROP MINI BOOT JEANS,Good Legs Mini Boot Crop,41634932916307,197217625796
2873,GLCMBTS960T-I743-6,7246575108179,SOFT-TECH GOOD LEGS CROP MINI BOOT JEANS,Good Legs Mini Boot Crop,41634933243987,197217625802
2874,GLCMBTS960T-I743-8,7246575108179,SOFT-TECH GOOD LEGS CROP MINI BOOT JEANS,Good Legs Mini Boot Crop,41634932949075,197217625819
2875,GLCMBTS960T-I743-10,7246575108179,SOFT-TECH GOOD LEGS CROP MINI BOOT JEANS,Good Legs Mini Boot Crop,41634933211219,197217625659
2876,GLCMBTS960T-I743-12,7246575108179,SOFT-TECH GOOD LEGS CROP MINI BOOT JEANS,Good Legs Mini Boot Crop,41634932981843,197217625666
2877,GLCMBTS960T-I743-14,7246575108179,SOFT-TECH GOOD LEGS CROP MINI BOOT JEANS,Good Legs Mini Boot Crop,41634933112915,197217625673
2878,GLCMBTS960T-I743-15,7246575108179,SOFT-TECH GOOD LEGS CROP MINI BOOT JEANS,Good Legs Mini Boot Crop,41634933014611,197217625680
2879,GLCMBTS960T-I743-16,7246575108179,SOFT-TECH GOOD LEGS CROP MINI BOOT JEANS,Good Legs Mini Boot Crop,41634933342291,197217625697
2880,GLCMBTS960T-I743-18,7246575108179,SOFT-TECH GOOD LEGS CROP MINI BOOT JEANS,Good Legs Mini Boot Crop,41634933047379,197217625703
2881,GLCMBTS960T-I743-20,7246575108179,SOFT-TECH GOOD LEGS CROP MINI BOOT JEANS,Good Legs Mini Boot Crop,41634932752467,197217625727
2882,GLCMBTS960T-I743-22,7246575108179,SOFT-TECH GOOD LEGS CROP MINI BOOT JEANS,Good Legs Mini Boot Crop,41634933080147,197217625734
2883,GLCMBTS960T-I743-24,7246575108179,SOFT-TECH GOOD LEGS CROP MINI BOOT JEANS,Good Legs Mini Boot Crop,41634932785235,197217625741
2884,GLCMBTS960T-I743-26,7246575108179,SOFT-TECH GOOD LEGS CROP MINI BOOT JEANS,Good Legs Mini Boot Crop,41634933178451,197217625758
2885,GLCMBTS960T-I743-28,7246575108179,SOFT-TECH GOOD LEGS CROP MINI BOOT JEANS,Good Legs Mini Boot Crop,41634932818003,197217625765
2886,GLCMBTS960T-I743-30,7246575108179,SOFT-TECH GOOD LEGS CROP MINI BOOT JEANS,Good Legs Mini Boot Crop,41634933145683,197217625772
2887,GLCMBTS960T-I743-32,7246575108179,SOFT-TECH GOOD LEGS CROP MINI BOOT JEANS,Good Legs Mini Boot Crop,41634932850771,197217625789
2163,GLCMBIOSG900T-I917-00,7509324496979,GOOD LEGS CROPPED MINI BOOT JEANS,Good Legs Mini Boot Crop,42414976041043,197217769872
2164,GLCMBIOSG900T-I917-0,7509324496979,GOOD LEGS CROPPED MINI BOOT JEANS,Good Legs Mini Boot Crop,42414975778899,197217769865
2165,GLCMBIOSG900T-I917-2,7509324496979,GOOD LEGS CROPPED MINI BOOT JEANS,Good Legs Mini Boot Crop,42414976073811,197217769940
2166,GLCMBIOSG900T-I917-4,7509324496979,GOOD LEGS CROPPED MINI BOOT JEANS,Good Legs Mini Boot Crop,42414975746131,197217770021
2167,GLCMBIOSG900T-I917-6,7509324496979,GOOD LEGS CROPPED MINI BOOT JEANS,Good Legs Mini Boot Crop,42414976008275,197217770038
2168,GLCMBIOSG900T-I917-8,7509324496979,GOOD LEGS CROPPED MINI BOOT JEANS,Good Legs Mini Boot Crop,42414975713363,197217770045
2169,GLCMBIOSG900T-I917-10,7509324496979,GOOD LEGS CROPPED MINI BOOT JEANS,Good Legs Mini Boot Crop,42414975975507,197217769889
2170,GLCMBIOSG900T-I917-12,7509324496979,GOOD LEGS CROPPED MINI BOOT JEANS,Good Legs Mini Boot Crop,42414975680595,197217769896
2171,GLCMBIOSG900T-I917-14,7509324496979,GOOD LEGS CROPPED MINI BOOT JEANS,Good Legs Mini Boot Crop,42414975942739,197217769902
2172,GLCMBIOSG900T-I917-15,7509324496979,GOOD LEGS CROPPED MINI BOOT JEANS,Good Legs Mini Boot Crop,42414975647827,197217769919
2173,GLCMBIOSG900T-I917-16,7509324496979,GOOD LEGS CROPPED MINI BOOT JEANS,Good Legs Mini Boot Crop,42414975909971,197217769926
2174,GLCMBIOSG900T-I917-18,7509324496979,GOOD LEGS CROPPED MINI BOOT JEANS,Good Legs Mini Boot Crop,42414975615059,197217769933
2175,GLCMBIOSG900T-I917-20,7509324496979,GOOD LEGS CROPPED MINI BOOT JEANS,Good Legs Mini Boot Crop,42414975877203,197217769957
2176,GLCMBIOSG900T-I917-22,7509324496979,GOOD LEGS CROPPED MINI BOOT JEANS,Good Legs Mini Boot Crop,42414975582291,197217769964
2177,GLCMBIOSG900T-I917-24,7509324496979,GOOD LEGS CROPPED MINI BOOT JEANS,Good Legs Mini Boot Crop,42414975844435,197217769971
2178,GLCMBIOSG900T-I917-26,7509324496979,GOOD LEGS CROPPED MINI BOOT JEANS,Good Legs Mini Boot Crop,42414976172115,197217769988
2179,GLCMBIOSG900T-I917-28,7509324496979,GOOD LEGS CROPPED MINI BOOT JEANS,Good Legs Mini Boot Crop,42414975811667,197217769995
2180,GLCMBIOSG900T-I917-30,7509324496979,GOOD LEGS CROPPED MINI BOOT JEANS,Good Legs Mini Boot Crop,42414976139347,197217770007
2181,GLCMBIOSG900T-I917-32,7509324496979,GOOD LEGS CROPPED MINI BOOT JEANS,Good Legs Mini Boot Crop,42414976106579,197217770014
2655,GLDV873CET-B609-00,6946542420051,GOOD LEGS SKINNY JEANS,Good Legs Skinny,42566618120275,197217033843
2656,GLDV873CET-B609-0,6946542420051,GOOD LEGS SKINNY JEANS,Good Legs Skinny,42566617890899,197217033706
2657,GLDV873CET-B609-2,6946542420051,GOOD LEGS SKINNY JEANS,Good Legs Skinny,42566617628755,197217033713
2658,GLDV873CET-B609-4,6946542420051,GOOD LEGS SKINNY JEANS,Good Legs Skinny,42566617989203,197217033720
2659,GLDV873CET-B609-6,6946542420051,GOOD LEGS SKINNY JEANS,Good Legs Skinny,42566618054739,197217033737
2660,GLDV873CET-B609-8,6946542420051,GOOD LEGS SKINNY JEANS,Good Legs Skinny,42566617759827,197217033744
2661,GLDV873CET-B609-10,6946542420051,GOOD LEGS SKINNY JEANS,Good Legs Skinny,42566617858131,197217033751
2662,GLDV873CET-B609-12,6946542420051,GOOD LEGS SKINNY JEANS,Good Legs Skinny,42566617825363,197217033768
2663,GLDV873CET-B609-14,6946542420051,GOOD LEGS SKINNY JEANS,Good Legs Skinny,42566617563219,197217033775
2664,GLDV873CET-B609-15,6946542420051,GOOD LEGS SKINNY JEANS,Good Legs Skinny,42566617727059,197217033850
2665,GLDV873CET-B609-16,6946542420051,GOOD LEGS SKINNY JEANS,Good Legs Skinny,42566617956435,197217033782
2666,GLDV873CET-B609-18,6946542420051,GOOD LEGS SKINNY JEANS,Good Legs Skinny,42566618087507,197217033799
2667,GLDV873CET-B609-20,6946542420051,GOOD LEGS SKINNY JEANS,Good Legs Skinny,42566617792595,197217033805
2668,GLDV873CET-B609-22,6946542420051,GOOD LEGS SKINNY JEANS,Good Legs Skinny,42566618021971,197217033812
2669,GLDV873CET-B609-24,6946542420051,GOOD LEGS SKINNY JEANS,Good Legs Skinny,42566617595987,197217033829
2670,GLDV873CET-B609-26,6946542420051,GOOD LEGS SKINNY JEANS,Good Legs Skinny,42566617694291,197217033836
2671,GLDV873CET-B609-28,6946542420051,GOOD LEGS SKINNY JEANS,Good Legs Skinny,42566617923667,197217033867
2672,GLDV873CET-B609-30,6946542420051,GOOD LEGS SKINNY JEANS,Good Legs Skinny,42566617661523,197217033874
2673,GLDV873CET-B609-32,6946542420051,GOOD LEGS SKINNY JEANS,Good Legs Skinny,41445130469459,197217475476
2674,GLDV873CET-B609-27-00,6946542420051,GOOD LEGS SKINNY JEANS,Good Legs Skinny,41350064472147,197217566952
2675,GLDV873CET-B609-27-0,6946542420051,GOOD LEGS SKINNY JEANS,Good Legs Skinny,41350105038931,197217566945
2676,GLDV873CET-B609-27-2,6946542420051,GOOD LEGS SKINNY JEANS,Good Legs Skinny,41350104776787,197217567034
2677,GLDV873CET-B609-27-4,6946542420051,GOOD LEGS SKINNY JEANS,Good Legs Skinny,41350105137235,197217567119
2678,GLDV873CET-B609-27-6,6946542420051,GOOD LEGS SKINNY JEANS,Good Legs Skinny,41350105202771,197217567126
2679,GLDV873CET-B609-27-8,6946542420051,GOOD LEGS SKINNY JEANS,Good Legs Skinny,41350104907859,197217567133
2680,GLDV873CET-B609-27-10,6946542420051,GOOD LEGS SKINNY JEANS,Good Legs Skinny,41350105006163,197217566969
2681,GLDV873CET-B609-27-12,6946542420051,GOOD LEGS SKINNY JEANS,Good Legs Skinny,41350104973395,197217566976
2682,GLDV873CET-B609-27-14,6946542420051,GOOD LEGS SKINNY JEANS,Good Legs Skinny,41350104711251,197217566983
2683,GLDV873CET-B609-27-15,6946542420051,GOOD LEGS SKINNY JEANS,Good Legs Skinny,41350104875091,197217566990
2684,GLDV873CET-B609-27-16,6946542420051,GOOD LEGS SKINNY JEANS,Good Legs Skinny,41350105104467,197217567010
2685,GLDV873CET-B609-27-18,6946542420051,GOOD LEGS SKINNY JEANS,Good Legs Skinny,41350105235539,197217567027
2686,GLDV873CET-B609-27-20,6946542420051,GOOD LEGS SKINNY JEANS,Good Legs Skinny,41350104940627,197217567041
2687,GLDV873CET-B609-27-22,6946542420051,GOOD LEGS SKINNY JEANS,Good Legs Skinny,41350105170003,197217567058
2688,GLDV873CET-B609-27-24,6946542420051,GOOD LEGS SKINNY JEANS,Good Legs Skinny,41350104744019,197217567065
2689,GLDV873CET-B609-27-26,6946542420051,GOOD LEGS SKINNY JEANS,Good Legs Skinny,41350104842323,197217567072
2690,GLDV873CET-B609-27-28,6946542420051,GOOD LEGS SKINNY JEANS,Good Legs Skinny,41350105071699,197217567089
2691,GLDV873CET-B609-27-30,6946542420051,GOOD LEGS SKINNY JEANS,Good Legs Skinny,41350104809555,197217567096
2692,GLDV873CET-B609-27-32,6946542420051,GOOD LEGS SKINNY JEANS,Good Legs Skinny,42893644300371,197217567102
148351,GLFTH014T-I1150-00,7588752228435,GOOD LEGS FLARE COMPRESSION JEANS,Good Legs Flare,42655515017299,197217812875
148352,GLFTH014T-I1150-0,7588752228435,GOOD LEGS FLARE COMPRESSION JEANS,Good Legs Flare,42655514525779,197217812868
148353,GLFTH014T-I1150-2,7588752228435,GOOD LEGS FLARE COMPRESSION JEANS,Good Legs Flare,42655514984531,197217812943
148354,GLFTH014T-I1150-4,7588752228435,GOOD LEGS FLARE COMPRESSION JEANS,Good Legs Flare,42655514558547,197217813025
148355,GLFTH014T-I1150-6,7588752228435,GOOD LEGS FLARE COMPRESSION JEANS,Good Legs Flare,42655514951763,197217813032
148356,GLFTH014T-I1150-8,7588752228435,GOOD LEGS FLARE COMPRESSION JEANS,Good Legs Flare,42655514493011,197217813049
148357,GLFTH014T-I1150-10,7588752228435,GOOD LEGS FLARE COMPRESSION JEANS,Good Legs Flare,42655514918995,197217812882
148358,GLFTH014T-I1150-12,7588752228435,GOOD LEGS FLARE COMPRESSION JEANS,Good Legs Flare,42655514460243,197217812899
148359,GLFTH014T-I1150-14,7588752228435,GOOD LEGS FLARE COMPRESSION JEANS,Good Legs Flare,42655514886227,197217812905
148360,GLFTH014T-I1150-15,7588752228435,GOOD LEGS FLARE COMPRESSION JEANS,Good Legs Flare,42655514427475,197217812912
148361,GLFTH014T-I1150-16,7588752228435,GOOD LEGS FLARE COMPRESSION JEANS,Good Legs Flare,42655514853459,197217812929
148362,GLFTH014T-I1150-18,7588752228435,GOOD LEGS FLARE COMPRESSION JEANS,Good Legs Flare,42655514689619,197217812936
148363,GLFTH014T-I1150-20,7588752228435,GOOD LEGS FLARE COMPRESSION JEANS,Good Legs Flare,42655514820691,197217812950
148364,GLFTH014T-I1150-22,7588752228435,GOOD LEGS FLARE COMPRESSION JEANS,Good Legs Flare,42655514656851,197217812967
148365,GLFTH014T-I1150-24,7588752228435,GOOD LEGS FLARE COMPRESSION JEANS,Good Legs Flare,42655514787923,197217812974
148366,GLFTH014T-I1150-26,7588752228435,GOOD LEGS FLARE COMPRESSION JEANS,Good Legs Flare,42655514624083,197217812981
148367,GLFTH014T-I1150-28,7588752228435,GOOD LEGS FLARE COMPRESSION JEANS,Good Legs Flare,42655514755155,197217812998
148368,GLFTH014T-I1150-30,7588752228435,GOOD LEGS FLARE COMPRESSION JEANS,Good Legs Flare,42655514591315,197217813001
148369,GLFTH014T-I1150-32,7588752228435,GOOD LEGS FLARE COMPRESSION JEANS,Good Legs Flare,42655514722387,197217813018
508,GLFCH873TE-B004-00,7557894733907,GOOD LEGS FLARE JEANS,Good Legs Flare,42537053978707,197217704507
509,GLFCH873TE-B004-0,7557894733907,GOOD LEGS FLARE JEANS,Good Legs Flare,42537054011475,197217704477
510,GLFCH873TE-B004-2,7557894733907,GOOD LEGS FLARE JEANS,Good Legs Flare,42537053683795,197217704712
511,GLFCH873TE-B004-4,7557894733907,GOOD LEGS FLARE JEANS,Good Legs Flare,42537054044243,197217704958
512,GLFCH873TE-B004-6,7557894733907,GOOD LEGS FLARE JEANS,Good Legs Flare,42537054273619,197217704989
513,GLFCH873TE-B004-8,7557894733907,GOOD LEGS FLARE JEANS,Good Legs Flare,42537054077011,197217705016
514,GLFCH873TE-B004-10,7557894733907,GOOD LEGS FLARE JEANS,Good Legs Flare,42537053749331,197217704538
515,GLFCH873TE-B004-12,7557894733907,GOOD LEGS FLARE JEANS,Good Legs Flare,42537054109779,197217704569
516,GLFCH873TE-B004-14,7557894733907,GOOD LEGS FLARE JEANS,Good Legs Flare,42537053782099,197217704590
517,GLFCH873TE-B004-15,7557894733907,GOOD LEGS FLARE JEANS,Good Legs Flare,42537054142547,197217704620
518,GLFCH873TE-B004-16,7557894733907,GOOD LEGS FLARE JEANS,Good Legs Flare,42537053814867,197217704651
519,GLFCH873TE-B004-18,7557894733907,GOOD LEGS FLARE JEANS,Good Legs Flare,42537054175315,197217704682
520,GLFCH873TE-B004-20,7557894733907,GOOD LEGS FLARE JEANS,Good Legs Flare,42537053847635,197217704743
521,GLFCH873TE-B004-22,7557894733907,GOOD LEGS FLARE JEANS,Good Legs Flare,42537054208083,197217704774
522,GLFCH873TE-B004-24,7557894733907,GOOD LEGS FLARE JEANS,Good Legs Flare,42537053880403,197217704804
523,GLFCH873TE-B004-26,7557894733907,GOOD LEGS FLARE JEANS,Good Legs Flare,42537054240851,197217704835
524,GLFCH873TE-B004-28,7557894733907,GOOD LEGS FLARE JEANS,Good Legs Flare,42537053913171,197217704866
525,GLFCH873TE-B004-30,7557894733907,GOOD LEGS FLARE JEANS,Good Legs Flare,42537053716563,197217704897
526,GLFCH873TE-B004-32,7557894733907,GOOD LEGS FLARE JEANS,Good Legs Flare,42537053945939,197217704927
152316,GLF873TE-B004-00,7136488652883,GOOD LEGS FLARE JEANS,Good Legs Flare,41308339109971,197217471560
152317,GLF873TE-B004-0,7136488652883,GOOD LEGS FLARE JEANS,Good Legs Flare,41308339142739,197217471546
152318,GLF873TE-B004-2,7136488652883,GOOD LEGS FLARE JEANS,Good Legs Flare,41308339175507,197217471706
152319,GLF873TE-B004-4,7136488652883,GOOD LEGS FLARE JEANS,Good Legs Flare,41308339208275,197217471867
152320,GLF873TE-B004-6,7136488652883,GOOD LEGS FLARE JEANS,Good Legs Flare,41308339241043,197217471881
152321,GLF873TE-B004-8,7136488652883,GOOD LEGS FLARE JEANS,Good Legs Flare,41308339273811,197217471904
152322,GLF873TE-B004-10,7136488652883,GOOD LEGS FLARE JEANS,Good Legs Flare,41308339306579,197217471584
152323,GLF873TE-B004-12,7136488652883,GOOD LEGS FLARE JEANS,Good Legs Flare,41308339339347,197217471607
152324,GLF873TE-B004-14,7136488652883,GOOD LEGS FLARE JEANS,Good Legs Flare,41308339372115,197217471621
152325,GLF873TE-B004-15,7136488652883,GOOD LEGS FLARE JEANS,Good Legs Flare,41308339404883,197217471645
152326,GLF873TE-B004-16,7136488652883,GOOD LEGS FLARE JEANS,Good Legs Flare,41308339437651,197217471669
152327,GLF873TE-B004-18,7136488652883,GOOD LEGS FLARE JEANS,Good Legs Flare,41308339470419,197217471683
152328,GLF873TE-B004-20,7136488652883,GOOD LEGS FLARE JEANS,Good Legs Flare,41308339503187,197217471720
152329,GLF873TE-B004-22,7136488652883,GOOD LEGS FLARE JEANS,Good Legs Flare,41308339535955,197217471744
152330,GLF873TE-B004-24,7136488652883,GOOD LEGS FLARE JEANS,Good Legs Flare,41308339568723,197217471768
152331,GLF873TE-B004-26,7136488652883,GOOD LEGS FLARE JEANS,Good Legs Flare,41308339601491,197217471782
152332,GLF873TE-B004-28,7136488652883,GOOD LEGS FLARE JEANS,Good Legs Flare,41308339634259,197217471805
152333,GLF873TE-B004-30,7136488652883,GOOD LEGS FLARE JEANS,Good Legs Flare,41308339667027,197217471829
152334,GLF873TE-B004-32,7136488652883,GOOD LEGS FLARE JEANS,Good Legs Flare,41308339699795,197217471843
152335,GLF873TE-B004-37-00,7136488652883,GOOD LEGS FLARE JEANS,Good Legs Flare,41308339732563,197217480661
152336,GLF873TE-B004-37-0,7136488652883,GOOD LEGS FLARE JEANS,Good Legs Flare,41308339765331,197217480654
152337,GLF873TE-B004-37-2,7136488652883,GOOD LEGS FLARE JEANS,Good Legs Flare,41308339798099,197217480739
152338,GLF873TE-B004-37-4,7136488652883,GOOD LEGS FLARE JEANS,Good Legs Flare,41308339830867,197217480814
152339,GLF873TE-B004-37-6,7136488652883,GOOD LEGS FLARE JEANS,Good Legs Flare,41308339863635,197217480821
152340,GLF873TE-B004-37-8,7136488652883,GOOD LEGS FLARE JEANS,Good Legs Flare,41308339896403,197217480838
152341,GLF873TE-B004-37-10,7136488652883,GOOD LEGS FLARE JEANS,Good Legs Flare,41308339929171,197217480678
152342,GLF873TE-B004-37-12,7136488652883,GOOD LEGS FLARE JEANS,Good Legs Flare,41308339961939,197217480685
152343,GLF873TE-B004-37-14,7136488652883,GOOD LEGS FLARE JEANS,Good Legs Flare,41308339994707,197217480692
152344,GLF873TE-B004-37-15,7136488652883,GOOD LEGS FLARE JEANS,Good Legs Flare,41308340027475,197217480708
152345,GLF873TE-B004-37-16,7136488652883,GOOD LEGS FLARE JEANS,Good Legs Flare,41308340060243,197217480715
152346,GLF873TE-B004-37-18,7136488652883,GOOD LEGS FLARE JEANS,Good Legs Flare,41308340093011,197217480722
152347,GLF873TE-B004-37-20,7136488652883,GOOD LEGS FLARE JEANS,Good Legs Flare,41308340125779,197217480746
152348,GLF873TE-B004-37-22,7136488652883,GOOD LEGS FLARE JEANS,Good Legs Flare,41308340158547,197217480753
152349,GLF873TE-B004-37-24,7136488652883,GOOD LEGS FLARE JEANS,Good Legs Flare,41308340191315,197217480760
152350,GLF873TE-B004-37-26,7136488652883,GOOD LEGS FLARE JEANS,Good Legs Flare,41308340224083,197217480777
152351,GLF873TE-B004-37-28,7136488652883,GOOD LEGS FLARE JEANS,Good Legs Flare,41308340256851,197217480784
152352,GLF873TE-B004-37-30,7136488652883,GOOD LEGS FLARE JEANS,Good Legs Flare,41308340289619,197217480791
152353,GLF873TE-B004-37-32,7136488652883,GOOD LEGS FLARE JEANS,Good Legs Flare,41308340322387,197217480807
1624,GLFCH873TELI-B004-37-00,7558038683731,GOOD LEGS FLARE JEANS LONG,Good Legs Flare,42537793060947,197217705030
1625,GLFCH873TELI-B004-37-0,7558038683731,GOOD LEGS FLARE JEANS LONG,Good Legs Flare,42537793388627,197217705023
1626,GLFCH873TELI-B004-37-2,7558038683731,GOOD LEGS FLARE JEANS LONG,Good Legs Flare,42537793028179,197217705108
1627,GLFCH873TELI-B004-37-4,7558038683731,GOOD LEGS FLARE JEANS LONG,Good Legs Flare,42537793355859,197217705184
1628,GLFCH873TELI-B004-37-6,7558038683731,GOOD LEGS FLARE JEANS LONG,Good Legs Flare,42537792995411,197217705191
1629,GLFCH873TELI-B004-37-8,7558038683731,GOOD LEGS FLARE JEANS LONG,Good Legs Flare,42537793323091,197217705207
1630,GLFCH873TELI-B004-37-10,7558038683731,GOOD LEGS FLARE JEANS LONG,Good Legs Flare,42537792962643,197217705047
1631,GLFCH873TELI-B004-37-12,7558038683731,GOOD LEGS FLARE JEANS LONG,Good Legs Flare,42537793290323,197217705054
1632,GLFCH873TELI-B004-37-14,7558038683731,GOOD LEGS FLARE JEANS LONG,Good Legs Flare,42537792929875,197217705061
1633,GLFCH873TELI-B004-37-15,7558038683731,GOOD LEGS FLARE JEANS LONG,Good Legs Flare,42537793257555,197217705078
1634,GLFCH873TELI-B004-37-16,7558038683731,GOOD LEGS FLARE JEANS LONG,Good Legs Flare,42537792897107,197217705085
1635,GLFCH873TELI-B004-37-18,7558038683731,GOOD LEGS FLARE JEANS LONG,Good Legs Flare,42537793224787,197217705092
1636,GLFCH873TELI-B004-37-20,7558038683731,GOOD LEGS FLARE JEANS LONG,Good Legs Flare,42537792864339,197217705115
1637,GLFCH873TELI-B004-37-22,7558038683731,GOOD LEGS FLARE JEANS LONG,Good Legs Flare,42537793192019,197217705122
1638,GLFCH873TELI-B004-37-24,7558038683731,GOOD LEGS FLARE JEANS LONG,Good Legs Flare,42537792831571,197217705139
1639,GLFCH873TELI-B004-37-26,7558038683731,GOOD LEGS FLARE JEANS LONG,Good Legs Flare,42537793159251,197217705146
1640,GLFCH873TELI-B004-37-28,7558038683731,GOOD LEGS FLARE JEANS LONG,Good Legs Flare,42537792798803,197217705153
1641,GLFCH873TELI-B004-37-30,7558038683731,GOOD LEGS FLARE JEANS LONG,Good Legs Flare,42537793126483,197217705160
1642,GLFCH873TELI-B004-37-32,7558038683731,GOOD LEGS FLARE JEANS LONG,Good Legs Flare,42537793093715,197217705177
152191,GLFPP900T-I1149-00,7588752195667,GOOD LEGS FLARE JEANS,Good Legs Flare,42655514230867,197217808403
152192,GLFPP900T-I1149-0,7588752195667,GOOD LEGS FLARE JEANS,Good Legs Flare,42655514263635,197217808335
152193,GLFPP900T-I1149-2,7588752195667,GOOD LEGS FLARE JEANS,Good Legs Flare,42655514198099,197217808847
152194,GLFPP900T-I1149-4,7588752195667,GOOD LEGS FLARE JEANS,Good Legs Flare,42655513837651,197217809370
152195,GLFPP900T-I1149-6,7588752195667,GOOD LEGS FLARE JEANS,Good Legs Flare,42655514165331,197217809448
152196,GLFPP900T-I1149-8,7588752195667,GOOD LEGS FLARE JEANS,Good Legs Flare,42655514067027,197217809516
152197,GLFPP900T-I1149-10,7588752195667,GOOD LEGS FLARE JEANS,Good Legs Flare,42655513870419,197217808472
152198,GLFPP900T-I1149-12,7588752195667,GOOD LEGS FLARE JEANS,Good Legs Flare,42655514034259,197217808540
152199,GLFPP900T-I1149-14,7588752195667,GOOD LEGS FLARE JEANS,Good Legs Flare,42655514132563,197217808601
152200,GLFPP900T-I1149-15,7588752195667,GOOD LEGS FLARE JEANS,Good Legs Flare,42655514001491,197217808663
152201,GLFPP900T-I1149-16,7588752195667,GOOD LEGS FLARE JEANS,Good Legs Flare,42655513804883,197217808724
152202,GLFPP900T-I1149-18,7588752195667,GOOD LEGS FLARE JEANS,Good Legs Flare,42655513968723,197217808786
152203,GLFPP900T-I1149-20,7588752195667,GOOD LEGS FLARE JEANS,Good Legs Flare,42655514296403,197217808908
152204,GLFPP900T-I1149-22,7588752195667,GOOD LEGS FLARE JEANS,Good Legs Flare,42655514394707,197217808977
152205,GLFPP900T-I1149-24,7588752195667,GOOD LEGS FLARE JEANS,Good Legs Flare,42655513903187,197217809042
152206,GLFPP900T-I1149-26,7588752195667,GOOD LEGS FLARE JEANS,Good Legs Flare,42655514361939,197217809110
152207,GLFPP900T-I1149-28,7588752195667,GOOD LEGS FLARE JEANS,Good Legs Flare,42655514329171,197217809189
152208,GLFPP900T-I1149-30,7588752195667,GOOD LEGS FLARE JEANS,Good Legs Flare,42655513935955,197217809257
152209,GLFPP900T-I1149-32,7588752195667,GOOD LEGS FLARE JEANS,Good Legs Flare,42655514099795,197217809318
154031,GLF5603T-I1153-00,7652520165459,GOOD LEGS FLARE JEANS,Good Legs Flare,42904389845075,197217945177
154032,GLF5603T-I1153-0,7652520165459,GOOD LEGS FLARE JEANS,Good Legs Flare,42911794102355,197217945160
154033,GLF5603T-I1153-2,7652520165459,GOOD LEGS FLARE JEANS,Good Legs Flare,42904389910611,197217945245
154034,GLF5603T-I1153-4,7652520165459,GOOD LEGS FLARE JEANS,Good Legs Flare,42911794135123,197217945320
154035,GLF5603T-I1153-6,7652520165459,GOOD LEGS FLARE JEANS,Good Legs Flare,42904389419091,197217945337
154036,GLF5603T-I1153-8,7652520165459,GOOD LEGS FLARE JEANS,Good Legs Flare,42904389877843,197217945344
154037,GLF5603T-I1153-10,7652520165459,GOOD LEGS FLARE JEANS,Good Legs Flare,42904389451859,197217945184
154038,GLF5603T-I1153-12,7652520165459,GOOD LEGS FLARE JEANS,Good Legs Flare,42904389648467,197217945191
154039,GLF5603T-I1153-14,7652520165459,GOOD LEGS FLARE JEANS,Good Legs Flare,42904389484627,197217945207
154040,GLF5603T-I1153-15,7652520165459,GOOD LEGS FLARE JEANS,Good Legs Flare,42904389681235,197217945214
154041,GLF5603T-I1153-16,7652520165459,GOOD LEGS FLARE JEANS,Good Legs Flare,42904389517395,197217945221
154042,GLF5603T-I1153-18,7652520165459,GOOD LEGS FLARE JEANS,Good Legs Flare,42904389714003,197217945238
154043,GLF5603T-I1153-20,7652520165459,GOOD LEGS FLARE JEANS,Good Legs Flare,42904389550163,197217945252
154044,GLF5603T-I1153-22,7652520165459,GOOD LEGS FLARE JEANS,Good Legs Flare,42904389746771,197217945269
154045,GLF5603T-I1153-24,7652520165459,GOOD LEGS FLARE JEANS,Good Legs Flare,42904389582931,197217945276
154046,GLF5603T-I1153-26,7652520165459,GOOD LEGS FLARE JEANS,Good Legs Flare,42904389779539,197217945283
154047,GLF5603T-I1153-28,7652520165459,GOOD LEGS FLARE JEANS,Good Legs Flare,42904389615699,197217945290
154048,GLF5603T-I1153-30,7652520165459,GOOD LEGS FLARE JEANS,Good Legs Flare,42904389812307,197217945306
154049,GLF5603T-I1153-32,7652520165459,GOOD LEGS FLARE JEANS,Good Legs Flare,42904389943379,197217945313
153442,GLF5602T-I1154-00,7588752162899,GOOD LEGS FLARE JEANS,Good Legs Flare,42694775570515,197217819232
153443,GLF5602T-I1154-0,7588752162899,GOOD LEGS FLARE JEANS,Good Legs Flare,42694775472211,197217819164
153444,GLF5602T-I1154-2,7588752162899,GOOD LEGS FLARE JEANS,Good Legs Flare,42694775406675,197217819676
153445,GLF5602T-I1154-4,7588752162899,GOOD LEGS FLARE JEANS,Good Legs Flare,42694775504979,197217820207
153446,GLF5602T-I1154-6,7588752162899,GOOD LEGS FLARE JEANS,Good Legs Flare,42694775439443,197217820276
153447,GLF5602T-I1154-8,7588752162899,GOOD LEGS FLARE JEANS,Good Legs Flare,42694775537747,197217820344
153448,GLF5602T-I1154-10,7588752162899,GOOD LEGS FLARE JEANS,Good Legs Flare,42655513575507,197217819300
153449,GLF5602T-I1154-12,7588752162899,GOOD LEGS FLARE JEANS,Good Legs Flare,42694775373907,197217819379
153450,GLF5602T-I1154-14,7588752162899,GOOD LEGS FLARE JEANS,Good Legs Flare,42655513608275,197217819430
153451,GLF5602T-I1154-15,7588752162899,GOOD LEGS FLARE JEANS,Good Legs Flare,42694775210067,197217819492
153452,GLF5602T-I1154-16,7588752162899,GOOD LEGS FLARE JEANS,Good Legs Flare,42655513641043,197217819553
153453,GLF5602T-I1154-18,7588752162899,GOOD LEGS FLARE JEANS,Good Legs Flare,42694775242835,197217819614
153454,GLF5602T-I1154-20,7588752162899,GOOD LEGS FLARE JEANS,Good Legs Flare,42655513673811,197217819737
153455,GLF5602T-I1154-22,7588752162899,GOOD LEGS FLARE JEANS,Good Legs Flare,42694775275603,197217819805
153456,GLF5602T-I1154-24,7588752162899,GOOD LEGS FLARE JEANS,Good Legs Flare,42655513706579,197217819874
153457,GLF5602T-I1154-26,7588752162899,GOOD LEGS FLARE JEANS,Good Legs Flare,42694775308371,197217819942
153458,GLF5602T-I1154-28,7588752162899,GOOD LEGS FLARE JEANS,Good Legs Flare,42655513739347,197217820016
153459,GLF5602T-I1154-30,7588752162899,GOOD LEGS FLARE JEANS,Good Legs Flare,42694775341139,197217820085
153460,GLF5602T-I1154-32,7588752162899,GOOD LEGS FLARE JEANS,Good Legs Flare,42655513772115,197217820146
2293,GLFPIN900T-I983-00,7509324398675,GOOD LEGS FLARE JEANS,Good Legs Flare,42414974369875,197217769681
2294,GLFPIN900T-I983-0,7509324398675,GOOD LEGS FLARE JEANS,Good Legs Flare,42414974337107,197217769674
2295,GLFPIN900T-I983-2,7509324398675,GOOD LEGS FLARE JEANS,Good Legs Flare,42414974402643,197217769759
2296,GLFPIN900T-I983-4,7509324398675,GOOD LEGS FLARE JEANS,Good Legs Flare,42414974304339,197217769834
2297,GLFPIN900T-I983-6,7509324398675,GOOD LEGS FLARE JEANS,Good Legs Flare,42414974435411,197217769841
2298,GLFPIN900T-I983-8,7509324398675,GOOD LEGS FLARE JEANS,Good Legs Flare,42414974271571,197217769858
2299,GLFPIN900T-I983-10,7509324398675,GOOD LEGS FLARE JEANS,Good Legs Flare,42414974468179,197217769698
2300,GLFPIN900T-I983-12,7509324398675,GOOD LEGS FLARE JEANS,Good Legs Flare,42414974238803,197217769704
2301,GLFPIN900T-I983-14,7509324398675,GOOD LEGS FLARE JEANS,Good Legs Flare,42414974500947,197217769711
2302,GLFPIN900T-I983-15,7509324398675,GOOD LEGS FLARE JEANS,Good Legs Flare,42414974206035,197217769728
2303,GLFPIN900T-I983-16,7509324398675,GOOD LEGS FLARE JEANS,Good Legs Flare,42414974533715,197217769735
2304,GLFPIN900T-I983-18,7509324398675,GOOD LEGS FLARE JEANS,Good Legs Flare,42414974107731,197217769742
2305,GLFPIN900T-I983-20,7509324398675,GOOD LEGS FLARE JEANS,Good Legs Flare,42414974566483,197217769766
2306,GLFPIN900T-I983-22,7509324398675,GOOD LEGS FLARE JEANS,Good Legs Flare,42414974074963,197217769773
2307,GLFPIN900T-I983-24,7509324398675,GOOD LEGS FLARE JEANS,Good Legs Flare,42414974599251,197217769780
2308,GLFPIN900T-I983-26,7509324398675,GOOD LEGS FLARE JEANS,Good Legs Flare,42414974173267,197217769797
2309,GLFPIN900T-I983-28,7509324398675,GOOD LEGS FLARE JEANS,Good Legs Flare,42414974009427,197217769803
2310,GLFPIN900T-I983-30,7509324398675,GOOD LEGS FLARE JEANS,Good Legs Flare,42414974140499,197217769810
2311,GLFPIN900T-I983-32,7509324398675,GOOD LEGS FLARE JEANS,Good Legs Flare,42414974042195,197217769827
2360,GLF47SBTE-K001-00,7051112480851,GOOD LEGS FLARE NEVER FADE JEANS,Good Legs Flare,41029208080467,197217353514
2361,GLF47SBTE-K001-0,7051112480851,GOOD LEGS FLARE NEVER FADE JEANS,Good Legs Flare,41029208113235,197217353507
2362,GLF47SBTE-K001-2,7051112480851,GOOD LEGS FLARE NEVER FADE JEANS,Good Legs Flare,41029208146003,197217353583
2363,GLF47SBTE-K001-4,7051112480851,GOOD LEGS FLARE NEVER FADE JEANS,Good Legs Flare,41029208178771,197217353668
2364,GLF47SBTE-K001-6,7051112480851,GOOD LEGS FLARE NEVER FADE JEANS,Good Legs Flare,41029208211539,197217353675
2365,GLF47SBTE-K001-8,7051112480851,GOOD LEGS FLARE NEVER FADE JEANS,Good Legs Flare,41029208244307,197217353682
2366,GLF47SBTE-K001-10,7051112480851,GOOD LEGS FLARE NEVER FADE JEANS,Good Legs Flare,41029208277075,197217353521
2367,GLF47SBTE-K001-12,7051112480851,GOOD LEGS FLARE NEVER FADE JEANS,Good Legs Flare,41029208309843,197217353538
2368,GLF47SBTE-K001-14,7051112480851,GOOD LEGS FLARE NEVER FADE JEANS,Good Legs Flare,41029208342611,197217353545
2369,GLF47SBTE-K001-15,7051112480851,GOOD LEGS FLARE NEVER FADE JEANS,Good Legs Flare,41029208375379,197217353552
2370,GLF47SBTE-K001-16,7051112480851,GOOD LEGS FLARE NEVER FADE JEANS,Good Legs Flare,41029208408147,197217353569
2371,GLF47SBTE-K001-18,7051112480851,GOOD LEGS FLARE NEVER FADE JEANS,Good Legs Flare,41029208440915,197217353576
2372,GLF47SBTE-K001-20,7051112480851,GOOD LEGS FLARE NEVER FADE JEANS,Good Legs Flare,41029208473683,197217353590
2373,GLF47SBTE-K001-22,7051112480851,GOOD LEGS FLARE NEVER FADE JEANS,Good Legs Flare,41029208506451,197217353606
2374,GLF47SBTE-K001-24,7051112480851,GOOD LEGS FLARE NEVER FADE JEANS,Good Legs Flare,41029208539219,197217353613
2375,GLF47SBTE-K001-26,7051112480851,GOOD LEGS FLARE NEVER FADE JEANS,Good Legs Flare,41029208571987,197217353620
2376,GLF47SBTE-K001-28,7051112480851,GOOD LEGS FLARE NEVER FADE JEANS,Good Legs Flare,41029208604755,197217353637
2377,GLF47SBTE-K001-30,7051112480851,GOOD LEGS FLARE NEVER FADE JEANS,Good Legs Flare,41029208637523,197217353644
2378,GLF47SBTE-K001-32,7051112480851,GOOD LEGS FLARE NEVER FADE JEANS,Good Legs Flare,41029208670291,197217353651
2379,GLF47SBTE-K001-35-00,7051112480851,GOOD LEGS FLARE NEVER FADE JEANS,Good Legs Flare,41379820077139,197217468744
2380,GLF47SBTE-K001-35-0,7051112480851,GOOD LEGS FLARE NEVER FADE JEANS,Good Legs Flare,41379820109907,197217468737
2381,GLF47SBTE-K001-35-2,7051112480851,GOOD LEGS FLARE NEVER FADE JEANS,Good Legs Flare,41379820142675,197217468812
2382,GLF47SBTE-K001-35-4,7051112480851,GOOD LEGS FLARE NEVER FADE JEANS,Good Legs Flare,41379820175443,197217468898
2383,GLF47SBTE-K001-35-6,7051112480851,GOOD LEGS FLARE NEVER FADE JEANS,Good Legs Flare,41379820208211,197217468904
2384,GLF47SBTE-K001-35-8,7051112480851,GOOD LEGS FLARE NEVER FADE JEANS,Good Legs Flare,41379820240979,197217468911
2385,GLF47SBTE-K001-35-10,7051112480851,GOOD LEGS FLARE NEVER FADE JEANS,Good Legs Flare,41379820273747,197217468751
2386,GLF47SBTE-K001-35-12,7051112480851,GOOD LEGS FLARE NEVER FADE JEANS,Good Legs Flare,41379820306515,197217468768
2387,GLF47SBTE-K001-35-14,7051112480851,GOOD LEGS FLARE NEVER FADE JEANS,Good Legs Flare,41379820339283,197217468775
2388,GLF47SBTE-K001-35-15,7051112480851,GOOD LEGS FLARE NEVER FADE JEANS,Good Legs Flare,41379820372051,197217468782
2389,GLF47SBTE-K001-35-16,7051112480851,GOOD LEGS FLARE NEVER FADE JEANS,Good Legs Flare,41379820404819,197217468799
2390,GLF47SBTE-K001-35-18,7051112480851,GOOD LEGS FLARE NEVER FADE JEANS,Good Legs Flare,41379820437587,197217468805
2391,GLF47SBTE-K001-35-20,7051112480851,GOOD LEGS FLARE NEVER FADE JEANS,Good Legs Flare,41379820470355,197217468829
2392,GLF47SBTE-K001-35-22,7051112480851,GOOD LEGS FLARE NEVER FADE JEANS,Good Legs Flare,41379820503123,197217468836
2393,GLF47SBTE-K001-35-24,7051112480851,GOOD LEGS FLARE NEVER FADE JEANS,Good Legs Flare,41379820535891,197217468843
2394,GLF47SBTE-K001-35-26,7051112480851,GOOD LEGS FLARE NEVER FADE JEANS,Good Legs Flare,41379820568659,197217468850
2395,GLF47SBTE-K001-35-28,7051112480851,GOOD LEGS FLARE NEVER FADE JEANS,Good Legs Flare,41379820601427,197217468867
2396,GLF47SBTE-K001-35-30,7051112480851,GOOD LEGS FLARE NEVER FADE JEANS,Good Legs Flare,41379820634195,197217468874
2397,GLF47SBTE-K001-35-32,7051112480851,GOOD LEGS FLARE NEVER FADE JEANS,Good Legs Flare,41379820666963,197217468881
1280,GL47SBT-K001-00,7155464274003,GOOD LEGS SKINNY JEANS,Good Legs Skinny,41379851337811,197217474790
1281,GL47SBT-K001-0,7155464274003,GOOD LEGS SKINNY JEANS,Good Legs Skinny,41379851370579,197217474783
1282,GL47SBT-K001-2,7155464274003,GOOD LEGS SKINNY JEANS,Good Legs Skinny,41379851403347,197217474868
1283,GL47SBT-K001-4,7155464274003,GOOD LEGS SKINNY JEANS,Good Legs Skinny,41379851436115,197217474943
1284,GL47SBT-K001-6,7155464274003,GOOD LEGS SKINNY JEANS,Good Legs Skinny,41379851468883,197217474950
1285,GL47SBT-K001-8,7155464274003,GOOD LEGS SKINNY JEANS,Good Legs Skinny,41379851501651,197217474967
1286,GL47SBT-K001-10,7155464274003,GOOD LEGS SKINNY JEANS,Good Legs Skinny,41379851534419,197217474806
1287,GL47SBT-K001-12,7155464274003,GOOD LEGS SKINNY JEANS,Good Legs Skinny,41379851567187,197217474813
1288,GL47SBT-K001-14,7155464274003,GOOD LEGS SKINNY JEANS,Good Legs Skinny,41379851599955,197217474820
1289,GL47SBT-K001-15,7155464274003,GOOD LEGS SKINNY JEANS,Good Legs Skinny,41379851632723,197217474837
1290,GL47SBT-K001-16,7155464274003,GOOD LEGS SKINNY JEANS,Good Legs Skinny,41379851665491,197217474844
1291,GL47SBT-K001-18,7155464274003,GOOD LEGS SKINNY JEANS,Good Legs Skinny,41379851698259,197217474851
1292,GL47SBT-K001-20,7155464274003,GOOD LEGS SKINNY JEANS,Good Legs Skinny,41379851731027,197217474875
1293,GL47SBT-K001-22,7155464274003,GOOD LEGS SKINNY JEANS,Good Legs Skinny,41379851763795,197217474882
1294,GL47SBT-K001-24,7155464274003,GOOD LEGS SKINNY JEANS,Good Legs Skinny,41379851796563,197217474899
1295,GL47SBT-K001-26,7155464274003,GOOD LEGS SKINNY JEANS,Good Legs Skinny,41379851829331,197217474905
1296,GL47SBT-K001-28,7155464274003,GOOD LEGS SKINNY JEANS,Good Legs Skinny,41379851862099,197217474912
1297,GL47SBT-K001-30,7155464274003,GOOD LEGS SKINNY JEANS,Good Legs Skinny,41379851894867,197217474929
1298,GL47SBT-K001-32,7155464274003,GOOD LEGS SKINNY JEANS,Good Legs Skinny,41379851927635,197217474936
1299,GL47SBT-K001-35-00,7155464274003,GOOD LEGS SKINNY JEANS,Good Legs Skinny,41379851960403,197217470457
1300,GL47SBT-K001-35-0,7155464274003,GOOD LEGS SKINNY JEANS,Good Legs Skinny,41379851993171,197217470440
1301,GL47SBT-K001-35-2,7155464274003,GOOD LEGS SKINNY JEANS,Good Legs Skinny,41379852025939,197217470525
1302,GL47SBT-K001-35-4,7155464274003,GOOD LEGS SKINNY JEANS,Good Legs Skinny,41379852058707,197217470600
1303,GL47SBT-K001-35-6,7155464274003,GOOD LEGS SKINNY JEANS,Good Legs Skinny,41379852091475,197217470617
1304,GL47SBT-K001-35-8,7155464274003,GOOD LEGS SKINNY JEANS,Good Legs Skinny,41379852124243,197217470624
1305,GL47SBT-K001-35-10,7155464274003,GOOD LEGS SKINNY JEANS,Good Legs Skinny,41379852157011,197217470464
1306,GL47SBT-K001-35-12,7155464274003,GOOD LEGS SKINNY JEANS,Good Legs Skinny,41379852189779,197217470471
1307,GL47SBT-K001-35-14,7155464274003,GOOD LEGS SKINNY JEANS,Good Legs Skinny,41379852222547,197217470488
1308,GL47SBT-K001-35-15,7155464274003,GOOD LEGS SKINNY JEANS,Good Legs Skinny,41379852255315,197217470495
1309,GL47SBT-K001-35-16,7155464274003,GOOD LEGS SKINNY JEANS,Good Legs Skinny,41379852288083,197217470501
1310,GL47SBT-K001-35-18,7155464274003,GOOD LEGS SKINNY JEANS,Good Legs Skinny,41379852320851,197217470518
1311,GL47SBT-K001-35-20,7155464274003,GOOD LEGS SKINNY JEANS,Good Legs Skinny,41379852353619,197217470532
1312,GL47SBT-K001-35-22,7155464274003,GOOD LEGS SKINNY JEANS,Good Legs Skinny,41379852386387,197217470549
1313,GL47SBT-K001-35-24,7155464274003,GOOD LEGS SKINNY JEANS,Good Legs Skinny,41379852419155,197217470556
1314,GL47SBT-K001-35-26,7155464274003,GOOD LEGS SKINNY JEANS,Good Legs Skinny,41379852451923,197217470563
1315,GL47SBT-K001-35-28,7155464274003,GOOD LEGS SKINNY JEANS,Good Legs Skinny,41379852484691,197217470570
1316,GL47SBT-K001-35-30,7155464274003,GOOD LEGS SKINNY JEANS,Good Legs Skinny,41379852517459,197217470587
1317,GL47SBT-K001-35-32,7155464274003,GOOD LEGS SKINNY JEANS,Good Legs Skinny,41379852550227,197217470594
143273,GL873CET-B224-00,6946542321747,GOOD LEGS SKINNY JEANS,Good Legs Skinny,42566612254803,197217064847
143274,GL873CET-B224-0,6946542321747,GOOD LEGS SKINNY JEANS,Good Legs Skinny,42566611959891,197217064700
143275,GL873CET-B224-2,6946542321747,GOOD LEGS SKINNY JEANS,Good Legs Skinny,42566612058195,197217064717
143276,GL873CET-B224-4,6946542321747,GOOD LEGS SKINNY JEANS,Good Legs Skinny,42566611992659,197217064724
143277,GL873CET-B224-6,6946542321747,GOOD LEGS SKINNY JEANS,Good Legs Skinny,42566612222035,197217064731
143278,GL873CET-B224-8,6946542321747,GOOD LEGS SKINNY JEANS,Good Legs Skinny,42566612123731,197217064748
143279,GL873CET-B224-10,6946542321747,GOOD LEGS SKINNY JEANS,Good Legs Skinny,42566611796051,197217064755
143280,GL873CET-B224-12,6946542321747,GOOD LEGS SKINNY JEANS,Good Legs Skinny,42566611861587,197217064762
143281,GL873CET-B224-14,6946542321747,GOOD LEGS SKINNY JEANS,Good Legs Skinny,42566611927123,197217064779
143282,GL873CET-B224-15,6946542321747,GOOD LEGS SKINNY JEANS,Good Legs Skinny,42566612025427,197217064854
143283,GL873CET-B224-16,6946542321747,GOOD LEGS SKINNY JEANS,Good Legs Skinny,42566611763283,197217064786
143284,GL873CET-B224-18,6946542321747,GOOD LEGS SKINNY JEANS,Good Legs Skinny,42566612090963,197217064793
143285,GL873CET-B224-20,6946542321747,GOOD LEGS SKINNY JEANS,Good Legs Skinny,42566612287571,197217064809
143286,GL873CET-B224-22,6946542321747,GOOD LEGS SKINNY JEANS,Good Legs Skinny,42566611828819,197217064816
143287,GL873CET-B224-24,6946542321747,GOOD LEGS SKINNY JEANS,Good Legs Skinny,42566612189267,197217064823
143288,GL873CET-B224-26,6946542321747,GOOD LEGS SKINNY JEANS,Good Legs Skinny,42566612156499,197217064830
143289,GL873CET-B224-28,6946542321747,GOOD LEGS SKINNY JEANS,Good Legs Skinny,42566611894355,197217064861
143290,GL873CET-B224-30,6946542321747,GOOD LEGS SKINNY JEANS,Good Legs Skinny,42566612320339,197217080526
143291,GL873CET-B224-32,6946542321747,GOOD LEGS SKINNY JEANS,Good Legs Skinny,41303531454547,197217475070
143292,GL873CET-B224-35-00,6946542321747,GOOD LEGS SKINNY JEANS,Good Legs Skinny,41303531978835,197217470655
143293,GL873CET-B224-35-0,6946542321747,GOOD LEGS SKINNY JEANS,Good Legs Skinny,41303531683923,197217470631
143294,GL873CET-B224-35-2,6946542321747,GOOD LEGS SKINNY JEANS,Good Legs Skinny,41303531782227,197217470754
143295,GL873CET-B224-35-4,6946542321747,GOOD LEGS SKINNY JEANS,Good Legs Skinny,41303531716691,197217470846
143296,GL873CET-B224-35-6,6946542321747,GOOD LEGS SKINNY JEANS,Good Legs Skinny,41303531946067,197217470860
143297,GL873CET-B224-35-8,6946542321747,GOOD LEGS SKINNY JEANS,Good Legs Skinny,41303531847763,197217470884
143298,GL873CET-B224-35-10,6946542321747,GOOD LEGS SKINNY JEANS,Good Legs Skinny,41303531520083,197217470679
143299,GL873CET-B224-35-12,6946542321747,GOOD LEGS SKINNY JEANS,Good Legs Skinny,41303531585619,197217470693
143300,GL873CET-B224-35-14,6946542321747,GOOD LEGS SKINNY JEANS,Good Legs Skinny,41303531651155,197217470716
143301,GL873CET-B224-35-15,6946542321747,GOOD LEGS SKINNY JEANS,Good Legs Skinny,41303531749459,197217470723
143302,GL873CET-B224-35-16,6946542321747,GOOD LEGS SKINNY JEANS,Good Legs Skinny,41303531487315,197217470730
143303,GL873CET-B224-35-18,6946542321747,GOOD LEGS SKINNY JEANS,Good Legs Skinny,41303531814995,197217470747
143304,GL873CET-B224-35-20,6946542321747,GOOD LEGS SKINNY JEANS,Good Legs Skinny,41303532011603,197217470778
143305,GL873CET-B224-35-22,6946542321747,GOOD LEGS SKINNY JEANS,Good Legs Skinny,41303531552851,197217470785
143306,GL873CET-B224-35-24,6946542321747,GOOD LEGS SKINNY JEANS,Good Legs Skinny,41303531913299,197217470792
143307,GL873CET-B224-35-26,6946542321747,GOOD LEGS SKINNY JEANS,Good Legs Skinny,41303531880531,197217470808
143308,GL873CET-B224-35-28,6946542321747,GOOD LEGS SKINNY JEANS,Good Legs Skinny,41303531618387,197217470815
143309,GL873CET-B224-35-30,6946542321747,GOOD LEGS SKINNY JEANS,Good Legs Skinny,41303532044371,197217470822
143310,GL873CET-B224-35-32,6946542321747,GOOD LEGS SKINNY JEANS,Good Legs Skinny,41303532077139,197217470839
1643,GLRH941CET-B866-00,6946544451667,GOOD LEGS SKINNY JEANS,Good Legs Skinny,42566616940627,197217066292
1644,GLRH941CET-B866-0,6946544451667,GOOD LEGS SKINNY JEANS,Good Legs Skinny,42566617038931,197217066155
1645,GLRH941CET-B866-2,6946544451667,GOOD LEGS SKINNY JEANS,Good Legs Skinny,42566617235539,197217066162
1646,GLRH941CET-B866-4,6946544451667,GOOD LEGS SKINNY JEANS,Good Legs Skinny,42566616809555,197217066179
1647,GLRH941CET-B866-6,6946544451667,GOOD LEGS SKINNY JEANS,Good Legs Skinny,42566616744019,197217066186
1648,GLRH941CET-B866-8,6946544451667,GOOD LEGS SKINNY JEANS,Good Legs Skinny,42566616842323,197217066193
1649,GLRH941CET-B866-10,6946544451667,GOOD LEGS SKINNY JEANS,Good Legs Skinny,42566616907859,197217066209
1650,GLRH941CET-B866-12,6946544451667,GOOD LEGS SKINNY JEANS,Good Legs Skinny,42566616973395,197217066216
1651,GLRH941CET-B866-14,6946544451667,GOOD LEGS SKINNY JEANS,Good Legs Skinny,42566616875091,197217066223
1652,GLRH941CET-B866-15,6946544451667,GOOD LEGS SKINNY JEANS,Good Legs Skinny,42566617071699,197217066308
1653,GLRH941CET-B866-16,6946544451667,GOOD LEGS SKINNY JEANS,Good Legs Skinny,42566616776787,197217066230
1654,GLRH941CET-B866-18,6946544451667,GOOD LEGS SKINNY JEANS,Good Legs Skinny,42566617137235,197217066247
1655,GLRH941CET-B866-20,6946544451667,GOOD LEGS SKINNY JEANS,Good Legs Skinny,42566617104467,197217066254
1656,GLRH941CET-B866-22,6946544451667,GOOD LEGS SKINNY JEANS,Good Legs Skinny,42566617006163,197217066261
1657,GLRH941CET-B866-24,6946544451667,GOOD LEGS SKINNY JEANS,Good Legs Skinny,42566617202771,197217066278
1658,GLRH941CET-B866-26,6946544451667,GOOD LEGS SKINNY JEANS,Good Legs Skinny,42566617170003,197217066285
1659,GLRH941CET-B866-28,6946544451667,GOOD LEGS SKINNY JEANS,Good Legs Skinny,41247164104787,197217088638
1660,GLRH941CET-B866-30,6946544451667,GOOD LEGS SKINNY JEANS,Good Legs Skinny,41247164137555,197217088645
1661,GLRH941CET-B866-32,6946544451667,GOOD LEGS SKINNY JEANS,Good Legs Skinny,41410575794259,197217475858
154069,GLSK5601T-I1153-00,7588752261203,GOOD LEGS SKINNY JEANS,Good Legs Skinny,42655515574355,197217823086
154070,GLSK5601T-I1153-0,7588752261203,GOOD LEGS SKINNY JEANS,Good Legs Skinny,42655515541587,197217823017
154071,GLSK5601T-I1153-2,7588752261203,GOOD LEGS SKINNY JEANS,Good Legs Skinny,42655515607123,197217823529
154072,GLSK5601T-I1153-4,7588752261203,GOOD LEGS SKINNY JEANS,Good Legs Skinny,42655515508819,197217824052
154073,GLSK5601T-I1153-6,7588752261203,GOOD LEGS SKINNY JEANS,Good Legs Skinny,42655515639891,197217824120
154074,GLSK5601T-I1153-8,7588752261203,GOOD LEGS SKINNY JEANS,Good Legs Skinny,42655515476051,197217824199
154075,GLSK5601T-I1153-10,7588752261203,GOOD LEGS SKINNY JEANS,Good Legs Skinny,42655515050067,197217823154
154076,GLSK5601T-I1153-12,7588752261203,GOOD LEGS SKINNY JEANS,Good Legs Skinny,42655515443283,197217823222
154077,GLSK5601T-I1153-14,7588752261203,GOOD LEGS SKINNY JEANS,Good Legs Skinny,42655515082835,197217823284
154078,GLSK5601T-I1153-15,7588752261203,GOOD LEGS SKINNY JEANS,Good Legs Skinny,42655515410515,197217823345
154079,GLSK5601T-I1153-16,7588752261203,GOOD LEGS SKINNY JEANS,Good Legs Skinny,42655515115603,197217823406
154080,GLSK5601T-I1153-18,7588752261203,GOOD LEGS SKINNY JEANS,Good Legs Skinny,42655515344979,197217823468
154081,GLSK5601T-I1153-20,7588752261203,GOOD LEGS SKINNY JEANS,Good Legs Skinny,42655515148371,197217823581
154082,GLSK5601T-I1153-22,7588752261203,GOOD LEGS SKINNY JEANS,Good Legs Skinny,42655515312211,197217823659
154083,GLSK5601T-I1153-24,7588752261203,GOOD LEGS SKINNY JEANS,Good Legs Skinny,42655515213907,197217823727
154084,GLSK5601T-I1153-26,7588752261203,GOOD LEGS SKINNY JEANS,Good Legs Skinny,42655515279443,197217823796
154085,GLSK5601T-I1153-28,7588752261203,GOOD LEGS SKINNY JEANS,Good Legs Skinny,42655515181139,197217823864
154086,GLSK5601T-I1153-30,7588752261203,GOOD LEGS SKINNY JEANS,Good Legs Skinny,42655515246675,197217823932
154087,GLSK5601T-I1153-32,7588752261203,GOOD LEGS SKINNY JEANS,Good Legs Skinny,42655515377747,197217823994
155559,GLSK5602T-I1154-00,7588751114323,GOOD LEGS SKINNY JEANS,Good Legs Skinny,42655497158739,197217821839
155560,GLSK5602T-I1154-0,7588751114323,GOOD LEGS SKINNY JEANS,Good Legs Skinny,42718042554451,197217821761
155561,GLSK5602T-I1154-2,7588751114323,GOOD LEGS SKINNY JEANS,Good Legs Skinny,42718042816595,197217822270
155562,GLSK5602T-I1154-4,7588751114323,GOOD LEGS SKINNY JEANS,Good Legs Skinny,42655497125971,197217822805
155563,GLSK5602T-I1154-6,7588751114323,GOOD LEGS SKINNY JEANS,Good Legs Skinny,42718042849363,197217822874
155564,GLSK5602T-I1154-8,7588751114323,GOOD LEGS SKINNY JEANS,Good Legs Skinny,42655497093203,197217822942
155565,GLSK5602T-I1154-10,7588751114323,GOOD LEGS SKINNY JEANS,Good Legs Skinny,42718042882131,197217821907
155566,GLSK5602T-I1154-12,7588751114323,GOOD LEGS SKINNY JEANS,Good Legs Skinny,42718042619987,197217821976
155567,GLSK5602T-I1154-14,7588751114323,GOOD LEGS SKINNY JEANS,Good Legs Skinny,42718042914899,197217822034
155568,GLSK5602T-I1154-15,7588751114323,GOOD LEGS SKINNY JEANS,Good Legs Skinny,42718042652755,197217822096
155569,GLSK5602T-I1154-16,7588751114323,GOOD LEGS SKINNY JEANS,Good Legs Skinny,42718042947667,197217822157
155570,GLSK5602T-I1154-18,7588751114323,GOOD LEGS SKINNY JEANS,Good Legs Skinny,42718042685523,197217822218
155571,GLSK5602T-I1154-20,7588751114323,GOOD LEGS SKINNY JEANS,Good Legs Skinny,42718042980435,197217822331
155572,GLSK5602T-I1154-22,7588751114323,GOOD LEGS SKINNY JEANS,Good Legs Skinny,42718042718291,197217822409
155573,GLSK5602T-I1154-24,7588751114323,GOOD LEGS SKINNY JEANS,Good Legs Skinny,42718043013203,197217822478
155574,GLSK5602T-I1154-26,7588751114323,GOOD LEGS SKINNY JEANS,Good Legs Skinny,42718042751059,197217822546
155575,GLSK5602T-I1154-28,7588751114323,GOOD LEGS SKINNY JEANS,Good Legs Skinny,42718043045971,197217822614
155576,GLSK5602T-I1154-30,7588751114323,GOOD LEGS SKINNY JEANS,Good Legs Skinny,42718042783827,197217822683
155577,GLSK5602T-I1154-32,7588751114323,GOOD LEGS SKINNY JEANS,Good Legs Skinny,42718042587219,197217822744
2077,GLSK014002-I380-00,7524329914451,GOOD LEGS SKINNY COMPRESSION JEANS,Good Legs Skinny,42460965437523,197217801855
2078,GLSK014002-I380-0,7524329914451,GOOD LEGS SKINNY COMPRESSION JEANS,Good Legs Skinny,42460965765203,197217801848
2079,GLSK014002-I380-2,7524329914451,GOOD LEGS SKINNY COMPRESSION JEANS,Good Legs Skinny,42460965404755,197217801923
2080,GLSK014002-I380-4,7524329914451,GOOD LEGS SKINNY COMPRESSION JEANS,Good Legs Skinny,42460965797971,197217802005
2081,GLSK014002-I380-6,7524329914451,GOOD LEGS SKINNY COMPRESSION JEANS,Good Legs Skinny,42460965371987,197217802012
2082,GLSK014002-I380-8,7524329914451,GOOD LEGS SKINNY COMPRESSION JEANS,Good Legs Skinny,42460965830739,197217802029
2083,GLSK014002-I380-10,7524329914451,GOOD LEGS SKINNY COMPRESSION JEANS,Good Legs Skinny,42460965339219,197217801862
2084,GLSK014002-I380-12,7524329914451,GOOD LEGS SKINNY COMPRESSION JEANS,Good Legs Skinny,42460965240915,197217801879
2085,GLSK014002-I380-14,7524329914451,GOOD LEGS SKINNY COMPRESSION JEANS,Good Legs Skinny,42460965306451,197217801886
2086,GLSK014002-I380-15,7524329914451,GOOD LEGS SKINNY COMPRESSION JEANS,Good Legs Skinny,42460965273683,197217801893
2087,GLSK014002-I380-16,7524329914451,GOOD LEGS SKINNY COMPRESSION JEANS,Good Legs Skinny,42460965634131,197217801909
2088,GLSK014002-I380-18,7524329914451,GOOD LEGS SKINNY COMPRESSION JEANS,Good Legs Skinny,42460965470291,197217801916
2089,GLSK014002-I380-20,7524329914451,GOOD LEGS SKINNY COMPRESSION JEANS,Good Legs Skinny,42460965568595,197217801930
2090,GLSK014002-I380-22,7524329914451,GOOD LEGS SKINNY COMPRESSION JEANS,Good Legs Skinny,42460965535827,197217801947
2091,GLSK014002-I380-24,7524329914451,GOOD LEGS SKINNY COMPRESSION JEANS,Good Legs Skinny,42460965503059,197217801954
2092,GLSK014002-I380-26,7524329914451,GOOD LEGS SKINNY COMPRESSION JEANS,Good Legs Skinny,42460965732435,197217801961
2093,GLSK014002-I380-28,7524329914451,GOOD LEGS SKINNY COMPRESSION JEANS,Good Legs Skinny,42460965666899,197217801978
2094,GLSK014002-I380-30,7524329914451,GOOD LEGS SKINNY COMPRESSION JEANS,Good Legs Skinny,42460965699667,197217801985
2095,GLSK014002-I380-32,7524329914451,GOOD LEGS SKINNY COMPRESSION JEANS,Good Legs Skinny,42460965601363,197217801992
2717,GLRHH419CET-K184-00,7407784296531,GOOD LEGS SKINNY,Good Legs Skinny,42050978381907,197217473069
2718,GLRHH419CET-K184-0,7407784296531,GOOD LEGS SKINNY,Good Legs Skinny,42050978414675,197217473052
2719,GLRHH419CET-K184-2,7407784296531,GOOD LEGS SKINNY,Good Legs Skinny,42050978447443,197217473137
2720,GLRHH419CET-K184-4,7407784296531,GOOD LEGS SKINNY,Good Legs Skinny,42050978480211,197217473212
2721,GLRHH419CET-K184-6,7407784296531,GOOD LEGS SKINNY,Good Legs Skinny,42050978512979,197217473229
2722,GLRHH419CET-K184-8,7407784296531,GOOD LEGS SKINNY,Good Legs Skinny,42050978545747,197217473236
2723,GLRHH419CET-K184-10,7407784296531,GOOD LEGS SKINNY,Good Legs Skinny,42050978578515,197217473076
2724,GLRHH419CET-K184-12,7407784296531,GOOD LEGS SKINNY,Good Legs Skinny,42050978611283,197217473083
2725,GLRHH419CET-K184-14,7407784296531,GOOD LEGS SKINNY,Good Legs Skinny,42050978644051,197217473090
2726,GLRHH419CET-K184-15,7407784296531,GOOD LEGS SKINNY,Good Legs Skinny,42050978676819,197217473106
2727,GLRHH419CET-K184-16,7407784296531,GOOD LEGS SKINNY,Good Legs Skinny,42050978709587,197217473113
2728,GLRHH419CET-K184-18,7407784296531,GOOD LEGS SKINNY,Good Legs Skinny,42050978742355,197217473120
2729,GLRHH419CET-K184-20,7407784296531,GOOD LEGS SKINNY,Good Legs Skinny,42050978775123,197217473144
2730,GLRHH419CET-K184-22,7407784296531,GOOD LEGS SKINNY,Good Legs Skinny,42050978807891,197217473151
2731,GLRHH419CET-K184-24,7407784296531,GOOD LEGS SKINNY,Good Legs Skinny,42050978840659,197217473168
2732,GLRHH419CET-K184-26,7407784296531,GOOD LEGS SKINNY,Good Legs Skinny,42050978873427,197217473175
2733,GLRHH419CET-K184-28,7407784296531,GOOD LEGS SKINNY,Good Legs Skinny,42050978906195,197217473182
2734,GLRHH419CET-K184-30,7407784296531,GOOD LEGS SKINNY,Good Legs Skinny,42050978938963,197217473199
2735,GLRHH419CET-K184-32,7407784296531,GOOD LEGS SKINNY,Good Legs Skinny,42050978971731,197217473205
1982,GLSE47SBTPK-K001-00,7426031648851,NEVER FADES GOOD LEGS STRAIGHT JEANS,Good Legs Straight,42112551059539,197217707126
1983,GLSE47SBTPK-K001-0,7426031648851,NEVER FADES GOOD LEGS STRAIGHT JEANS,Good Legs Straight,42112550699091,197217707119
1984,GLSE47SBTPK-K001-2,7426031648851,NEVER FADES GOOD LEGS STRAIGHT JEANS,Good Legs Straight,42112551026771,197217707195
1985,GLSE47SBTPK-K001-4,7426031648851,NEVER FADES GOOD LEGS STRAIGHT JEANS,Good Legs Straight,42112550830163,197217707270
1986,GLSE47SBTPK-K001-6,7426031648851,NEVER FADES GOOD LEGS STRAIGHT JEANS,Good Legs Straight,42112550994003,197217707287
1987,GLSE47SBTPK-K001-8,7426031648851,NEVER FADES GOOD LEGS STRAIGHT JEANS,Good Legs Straight,42112550535251,197217707294
1988,GLSE47SBTPK-K001-10,7426031648851,NEVER FADES GOOD LEGS STRAIGHT JEANS,Good Legs Straight,42112550961235,197217707133
1989,GLSE47SBTPK-K001-12,7426031648851,NEVER FADES GOOD LEGS STRAIGHT JEANS,Good Legs Straight,42112550568019,197217707140
1990,GLSE47SBTPK-K001-14,7426031648851,NEVER FADES GOOD LEGS STRAIGHT JEANS,Good Legs Straight,42112550928467,197217707157
1991,GLSE47SBTPK-K001-15,7426031648851,NEVER FADES GOOD LEGS STRAIGHT JEANS,Good Legs Straight,42112550600787,197217707164
1992,GLSE47SBTPK-K001-16,7426031648851,NEVER FADES GOOD LEGS STRAIGHT JEANS,Good Legs Straight,42112550895699,197217707171
1993,GLSE47SBTPK-K001-18,7426031648851,NEVER FADES GOOD LEGS STRAIGHT JEANS,Good Legs Straight,42112550633555,197217707188
1994,GLSE47SBTPK-K001-20,7426031648851,NEVER FADES GOOD LEGS STRAIGHT JEANS,Good Legs Straight,42112550862931,197217707201
1995,GLSE47SBTPK-K001-22,7426031648851,NEVER FADES GOOD LEGS STRAIGHT JEANS,Good Legs Straight,42112550797395,197217707218
1996,GLSE47SBTPK-K001-24,7426031648851,NEVER FADES GOOD LEGS STRAIGHT JEANS,Good Legs Straight,42112550469715,197217707225
1997,GLSE47SBTPK-K001-26,7426031648851,NEVER FADES GOOD LEGS STRAIGHT JEANS,Good Legs Straight,42112550764627,197217707232
1998,GLSE47SBTPK-K001-28,7426031648851,NEVER FADES GOOD LEGS STRAIGHT JEANS,Good Legs Straight,42112550502483,197217707249
1999,GLSE47SBTPK-K001-30,7426031648851,NEVER FADES GOOD LEGS STRAIGHT JEANS,Good Legs Straight,42112550731859,197217707256
2000,GLSE47SBTPK-K001-32,7426031648851,NEVER FADES GOOD LEGS STRAIGHT JEANS,Good Legs Straight,42112550666323,197217707263
143368,GFD453-K411-00,7509327216723,GOOD LEGS STRAIGHT DIAMOND JEANS,Good Legs Straight Diamond,42458635796563,197217801169
143369,GFD453-K411-0,7509327216723,GOOD LEGS STRAIGHT DIAMOND JEANS,Good Legs Straight Diamond,42458635567187,197217801152
143370,GFD453-K411-2,7509327216723,GOOD LEGS STRAIGHT DIAMOND JEANS,Good Legs Straight Diamond,42458635272275,197217801237
143371,GFD453-K411-4,7509327216723,GOOD LEGS STRAIGHT DIAMOND JEANS,Good Legs Straight Diamond,42458635599955,197217801312
143372,GFD453-K411-6,7509327216723,GOOD LEGS STRAIGHT DIAMOND JEANS,Good Legs Straight Diamond,42458635305043,197217801329
143373,GFD453-K411-8,7509327216723,GOOD LEGS STRAIGHT DIAMOND JEANS,Good Legs Straight Diamond,42458635632723,197217801336
143374,GFD453-K411-10,7509327216723,GOOD LEGS STRAIGHT DIAMOND JEANS,Good Legs Straight Diamond,42458635337811,197217801176
143375,GFD453-K411-12,7509327216723,GOOD LEGS STRAIGHT DIAMOND JEANS,Good Legs Straight Diamond,42458635665491,197217801183
143376,GFD453-K411-14,7509327216723,GOOD LEGS STRAIGHT DIAMOND JEANS,Good Legs Straight Diamond,42458635370579,197217801190
143377,GFD453-K411-15,7509327216723,GOOD LEGS STRAIGHT DIAMOND JEANS,Good Legs Straight Diamond,42458635698259,197217801206
143378,GFD453-K411-16,7509327216723,GOOD LEGS STRAIGHT DIAMOND JEANS,Good Legs Straight Diamond,42458635403347,197217801213
143379,GFD453-K411-18,7509327216723,GOOD LEGS STRAIGHT DIAMOND JEANS,Good Legs Straight Diamond,42458635731027,197217801220
143380,GFD453-K411-20,7509327216723,GOOD LEGS STRAIGHT DIAMOND JEANS,Good Legs Straight Diamond,42458635436115,197217801244
143381,GFD453-K411-22,7509327216723,GOOD LEGS STRAIGHT DIAMOND JEANS,Good Legs Straight Diamond,42458635763795,197217801251
143382,GFD453-K411-24,7509327216723,GOOD LEGS STRAIGHT DIAMOND JEANS,Good Legs Straight Diamond,42458635468883,197217801268
143383,GFD453-K411-26,7509327216723,GOOD LEGS STRAIGHT DIAMOND JEANS,Good Legs Straight Diamond,42458635239507,197217801275
143384,GFD453-K411-28,7509327216723,GOOD LEGS STRAIGHT DIAMOND JEANS,Good Legs Straight Diamond,42458635501651,197217801282
143385,GFD453-K411-30,7509327216723,GOOD LEGS STRAIGHT DIAMOND JEANS,Good Legs Straight Diamond,42458635206739,197217801299
143386,GFD453-K411-32,7509327216723,GOOD LEGS STRAIGHT DIAMOND JEANS,Good Legs Straight Diamond,42458635534419,197217801305
143387,GFD453-K411-XS,7512345043511,GOOD LEGS STRAIGHT DIAMOND JEANS,Good Legs Straight Diamond,42458635000001,197217800001
143388,GFD453-K411-S,7512345043511,GOOD LEGS STRAIGHT DIAMOND JEANS,Good Legs Straight Diamond,42458635000002,197217800002
143389,GFD453-K411-M,7512345043511,GOOD LEGS STRAIGHT DIAMOND JEANS,Good Legs Straight Diamond,42458635000003,197217800003
143390,GFD453-K411-L,7512345043511,GOOD LEGS STRAIGHT DIAMOND JEANS,Good Legs Straight Diamond,42458635000004,197217800004
143391,GFD453-K411-XL,7512345043511,GOOD LEGS STRAIGHT DIAMOND JEANS,Good Legs Straight Diamond,42458635000005,197217800005
143392,GFD453-K411-1XL,7512345043511,GOOD LEGS STRAIGHT DIAMOND JEANS,Good Legs Straight Diamond,42458635000006,197217800006
143393,GFD453-K411-2XL,7512345043511,GOOD LEGS STRAIGHT DIAMOND JEANS,Good Legs Straight Diamond,42458635000007,197217800007
143394,GFD453-K411-3XL,7512345043511,GOOD LEGS STRAIGHT DIAMOND JEANS,Good Legs Straight Diamond,42458635000008,197217800008
143395,GFD453-K411-4XL,7512345043511,GOOD LEGS STRAIGHT DIAMOND JEANS,Good Legs Straight Diamond,42458635000009,197217800009
143396,GFD453-K411-5XL,7512345043511,GOOD LEGS STRAIGHT DIAMOND JEANS,Good Legs Straight Diamond,42458635000010,197217800010
773,GLS873T-B004-00,7136808730707,GOOD LEGS STRAIGHT JEANS,Good Legs Straight,41310033608787,197217472321
774,GLS873T-B004-0,7136808730707,GOOD LEGS STRAIGHT JEANS,Good Legs Straight,41310033641555,197217472307
775,GLS873T-B004-2,7136808730707,GOOD LEGS STRAIGHT JEANS,Good Legs Straight,41310033674323,197217472468
776,GLS873T-B004-4,7136808730707,GOOD LEGS STRAIGHT JEANS,Good Legs Straight,41310033707091,197217472628
777,GLS873T-B004-6,7136808730707,GOOD LEGS STRAIGHT JEANS,Good Legs Straight,41310033739859,197217472642
778,GLS873T-B004-8,7136808730707,GOOD LEGS STRAIGHT JEANS,Good Legs Straight,41310033772627,197217472666
779,GLS873T-B004-10,7136808730707,GOOD LEGS STRAIGHT JEANS,Good Legs Straight,41310033805395,197217472345
780,GLS873T-B004-12,7136808730707,GOOD LEGS STRAIGHT JEANS,Good Legs Straight,41310033838163,197217472369
781,GLS873T-B004-14,7136808730707,GOOD LEGS STRAIGHT JEANS,Good Legs Straight,41310033870931,197217472383
782,GLS873T-B004-15,7136808730707,GOOD LEGS STRAIGHT JEANS,Good Legs Straight,41310033903699,197217472406
783,GLS873T-B004-16,7136808730707,GOOD LEGS STRAIGHT JEANS,Good Legs Straight,41310033936467,197217472420
784,GLS873T-B004-18,7136808730707,GOOD LEGS STRAIGHT JEANS,Good Legs Straight,41310033969235,197217472444
785,GLS873T-B004-20,7136808730707,GOOD LEGS STRAIGHT JEANS,Good Legs Straight,41310034002003,197217472482
786,GLS873T-B004-22,7136808730707,GOOD LEGS STRAIGHT JEANS,Good Legs Straight,41310034034771,197217472505
787,GLS873T-B004-24,7136808730707,GOOD LEGS STRAIGHT JEANS,Good Legs Straight,41310034067539,197217472529
788,GLS873T-B004-26,7136808730707,GOOD LEGS STRAIGHT JEANS,Good Legs Straight,41310034100307,197217472543
789,GLS873T-B004-28,7136808730707,GOOD LEGS STRAIGHT JEANS,Good Legs Straight,41310034133075,197217472567
790,GLS873T-B004-30,7136808730707,GOOD LEGS STRAIGHT JEANS,Good Legs Straight,41310034165843,197217472581
791,GLS873T-B004-32,7136808730707,GOOD LEGS STRAIGHT JEANS,Good Legs Straight,41310034198611,197217472604
2341,GLS873TLI-B004-32-00,7558038356051,GOOD LEGS STRAIGHT JEANS LONG,Good Legs Straight,42537791520851,197217616312
2342,GLS873TLI-B004-32-0,7558038356051,GOOD LEGS STRAIGHT JEANS LONG,Good Legs Straight,42537791553619,197217616305
2343,GLS873TLI-B004-32-2,7558038356051,GOOD LEGS STRAIGHT JEANS LONG,Good Legs Straight,42537791586387,197217616374
2344,GLS873TLI-B004-32-4,7558038356051,GOOD LEGS STRAIGHT JEANS LONG,Good Legs Straight,42537791619155,197217616459
2345,GLS873TLI-B004-32-6,7558038356051,GOOD LEGS STRAIGHT JEANS LONG,Good Legs Straight,42537791651923,197217616466
2346,GLS873TLI-B004-32-8,7558038356051,GOOD LEGS STRAIGHT JEANS LONG,Good Legs Straight,42537791684691,197217616473
2347,GLS873TLI-B004-32-10,7558038356051,GOOD LEGS STRAIGHT JEANS LONG,Good Legs Straight,42537791717459,197217616329
2348,GLS873TLI-B004-32-12,7558038356051,GOOD LEGS STRAIGHT JEANS LONG,Good Legs Straight,42537791750227,197217616336
2349,GLS873TLI-B004-32-14,7558038356051,GOOD LEGS STRAIGHT JEANS LONG,Good Legs Straight,42537791782995,197217616343
2350,GLS873TLI-B004-32-15,7558038356051,GOOD LEGS STRAIGHT JEANS LONG,Good Legs Straight,42537791815763,197217661046
2351,GLS873TLI-B004-32-16,7558038356051,GOOD LEGS STRAIGHT JEANS LONG,Good Legs Straight,42537791848531,197217616350
2352,GLS873TLI-B004-32-18,7558038356051,GOOD LEGS STRAIGHT JEANS LONG,Good Legs Straight,42537791881299,197217616367
2353,GLS873TLI-B004-32-20,7558038356051,GOOD LEGS STRAIGHT JEANS LONG,Good Legs Straight,42537791914067,197217616381
2354,GLS873TLI-B004-32-22,7558038356051,GOOD LEGS STRAIGHT JEANS LONG,Good Legs Straight,42537791946835,197217616398
2355,GLS873TLI-B004-32-24,7558038356051,GOOD LEGS STRAIGHT JEANS LONG,Good Legs Straight,42537791979603,197217616404
2356,GLS873TLI-B004-32-26,7558038356051,GOOD LEGS STRAIGHT JEANS LONG,Good Legs Straight,42537792012371,197217616411
2357,GLS873TLI-B004-32-28,7558038356051,GOOD LEGS STRAIGHT JEANS LONG,Good Legs Straight,42537792045139,197217616428
2358,GLS873TLI-B004-32-30,7558038356051,GOOD LEGS STRAIGHT JEANS LONG,Good Legs Straight,42537792077907,197217616435
2359,GLS873TLI-B004-32-32,7558038356051,GOOD LEGS STRAIGHT JEANS LONG,Good Legs Straight,42537792110675,197217616442
3078,GLS873T-B007-00,7135190679635,GOOD LEGS STRAIGHT JEANS,Good Legs Straight,41303651319891,197217472703
3079,GLS873T-B007-0,7135190679635,GOOD LEGS STRAIGHT JEANS,Good Legs Straight,41303651352659,197217472680
3080,GLS873T-B007-2,7135190679635,GOOD LEGS STRAIGHT JEANS,Good Legs Straight,41303651385427,197217472840
3081,GLS873T-B007-4,7135190679635,GOOD LEGS STRAIGHT JEANS,Good Legs Straight,41303651418195,197217473007
3082,GLS873T-B007-6,7135190679635,GOOD LEGS STRAIGHT JEANS,Good Legs Straight,41303651450963,197217473021
3083,GLS873T-B007-8,7135190679635,GOOD LEGS STRAIGHT JEANS,Good Legs Straight,41303651483731,197217473045
3084,GLS873T-B007-10,7135190679635,GOOD LEGS STRAIGHT JEANS,Good Legs Straight,41303651516499,197217472727
3085,GLS873T-B007-12,7135190679635,GOOD LEGS STRAIGHT JEANS,Good Legs Straight,41303651549267,197217472741
3086,GLS873T-B007-14,7135190679635,GOOD LEGS STRAIGHT JEANS,Good Legs Straight,41303651582035,197217472765
3087,GLS873T-B007-15,7135190679635,GOOD LEGS STRAIGHT JEANS,Good Legs Straight,41303651614803,197217472789
3088,GLS873T-B007-16,7135190679635,GOOD LEGS STRAIGHT JEANS,Good Legs Straight,41303651647571,197217472802
3089,GLS873T-B007-18,7135190679635,GOOD LEGS STRAIGHT JEANS,Good Legs Straight,41303651680339,197217472826
3090,GLS873T-B007-20,7135190679635,GOOD LEGS STRAIGHT JEANS,Good Legs Straight,41303651713107,197217472864
3091,GLS873T-B007-22,7135190679635,GOOD LEGS STRAIGHT JEANS,Good Legs Straight,41303651745875,197217472888
3092,GLS873T-B007-24,7135190679635,GOOD LEGS STRAIGHT JEANS,Good Legs Straight,41303651778643,197217472901
3093,GLS873T-B007-26,7135190679635,GOOD LEGS STRAIGHT JEANS,Good Legs Straight,41303651811411,197217472925
3094,GLS873T-B007-28,7135190679635,GOOD LEGS STRAIGHT JEANS,Good Legs Straight,41303651844179,197217472949
3095,GLS873T-B007-30,7135190679635,GOOD LEGS STRAIGHT JEANS,Good Legs Straight,41303651876947,197217472963
3096,GLS873T-B007-32,7135190679635,GOOD LEGS STRAIGHT JEANS,Good Legs Straight,41303651909715,197217472987
3097,GLS873T-B007-34-00,7135190679635,GOOD LEGS STRAIGHT JEANS,Good Legs Straight,41303651942483,197217481040
3098,GLS873T-B007-34-0,7135190679635,GOOD LEGS STRAIGHT JEANS,Good Legs Straight,41303651975251,197217481033
3099,GLS873T-B007-34-2,7135190679635,GOOD LEGS STRAIGHT JEANS,Good Legs Straight,41303652008019,197217481118
3100,GLS873T-B007-34-4,7135190679635,GOOD LEGS STRAIGHT JEANS,Good Legs Straight,41303652040787,197217481194
3101,GLS873T-B007-34-6,7135190679635,GOOD LEGS STRAIGHT JEANS,Good Legs Straight,41303652073555,197217481200
3102,GLS873T-B007-34-8,7135190679635,GOOD LEGS STRAIGHT JEANS,Good Legs Straight,41303652106323,197217481217
3103,GLS873T-B007-34-10,7135190679635,GOOD LEGS STRAIGHT JEANS,Good Legs Straight,41303652139091,197217481057
3104,GLS873T-B007-34-12,7135190679635,GOOD LEGS STRAIGHT JEANS,Good Legs Straight,41303652171859,197217481064
3105,GLS873T-B007-34-14,7135190679635,GOOD LEGS STRAIGHT JEANS,Good Legs Straight,41303652204627,197217481071
3106,GLS873T-B007-34-15,7135190679635,GOOD LEGS STRAIGHT JEANS,Good Legs Straight,41303652237395,197217481088
3107,GLS873T-B007-34-16,7135190679635,GOOD LEGS STRAIGHT JEANS,Good Legs Straight,41303652270163,197217481095
3108,GLS873T-B007-34-18,7135190679635,GOOD LEGS STRAIGHT JEANS,Good Legs Straight,41303652302931,197217481101
3109,GLS873T-B007-34-20,7135190679635,GOOD LEGS STRAIGHT JEANS,Good Legs Straight,41303652335699,197217481125
3110,GLS873T-B007-34-22,7135190679635,GOOD LEGS STRAIGHT JEANS,Good Legs Straight,41303652368467,197217481132
3111,GLS873T-B007-34-24,7135190679635,GOOD LEGS STRAIGHT JEANS,Good Legs Straight,41303652401235,197217481149
3112,GLS873T-B007-34-26,7135190679635,GOOD LEGS STRAIGHT JEANS,Good Legs Straight,41303652434003,197217481156
3113,GLS873T-B007-34-28,7135190679635,GOOD LEGS STRAIGHT JEANS,Good Legs Straight,41303652466771,197217481163
3114,GLS873T-B007-34-30,7135190679635,GOOD LEGS STRAIGHT JEANS,Good Legs Straight,41303652499539,197217481170
3115,GLS873T-B007-34-32,7135190679635,GOOD LEGS STRAIGHT JEANS,Good Legs Straight,41303652532307,197217481187
154050,GLST5603T-I1153-00,7652519903315,GOOD LEGS STRAIGHT JEANS,Good Legs Straight,42904385126483,197217947058
154051,GLST5603T-I1153-0,7652519903315,GOOD LEGS STRAIGHT JEANS,Good Legs Straight,42904385159251,197217947041
154052,GLST5603T-I1153-2,7652519903315,GOOD LEGS STRAIGHT JEANS,Good Legs Straight,42904385192019,197217947126
154053,GLST5603T-I1153-4,7652519903315,GOOD LEGS STRAIGHT JEANS,Good Legs Straight,42904385257555,197217947201
154054,GLST5603T-I1153-6,7652519903315,GOOD LEGS STRAIGHT JEANS,Good Legs Straight,42904385224787,197217947218
154055,GLST5603T-I1153-8,7652519903315,GOOD LEGS STRAIGHT JEANS,Good Legs Straight,42904385290323,197217947225
154056,GLST5603T-I1153-10,7652519903315,GOOD LEGS STRAIGHT JEANS,Good Legs Straight,42904385421395,197217947065
154057,GLST5603T-I1153-12,7652519903315,GOOD LEGS STRAIGHT JEANS,Good Legs Straight,42904385323091,197217947072
154058,GLST5603T-I1153-14,7652519903315,GOOD LEGS STRAIGHT JEANS,Good Legs Straight,42904384831571,197217947089
154059,GLST5603T-I1153-15,7652519903315,GOOD LEGS STRAIGHT JEANS,Good Legs Straight,42904385355859,197217947096
154060,GLST5603T-I1153-16,7652519903315,GOOD LEGS STRAIGHT JEANS,Good Legs Straight,42904384864339,197217947102
154061,GLST5603T-I1153-18,7652519903315,GOOD LEGS STRAIGHT JEANS,Good Legs Straight,42904385388627,197217947119
154062,GLST5603T-I1153-20,7652519903315,GOOD LEGS STRAIGHT JEANS,Good Legs Straight,42904384897107,197217947133
154063,GLST5603T-I1153-22,7652519903315,GOOD LEGS STRAIGHT JEANS,Good Legs Straight,42904385028179,197217947140
154064,GLST5603T-I1153-24,7652519903315,GOOD LEGS STRAIGHT JEANS,Good Legs Straight,42904384929875,197217947157
154065,GLST5603T-I1153-26,7652519903315,GOOD LEGS STRAIGHT JEANS,Good Legs Straight,42904385060947,197217947164
154066,GLST5603T-I1153-28,7652519903315,GOOD LEGS STRAIGHT JEANS,Good Legs Straight,42904384962643,197217947171
154067,GLST5603T-I1153-30,7652519903315,GOOD LEGS STRAIGHT JEANS,Good Legs Straight,42904385093715,197217947188
154068,GLST5603T-I1153-32,7652519903315,GOOD LEGS STRAIGHT JEANS,Good Legs Straight,42904384995411,197217947195
153295,GLST5602T-I1154-00,7588751081555,GOOD LEGS STRAIGHT JEANS,Good Legs Straight,42693163679827,197217835652
153296,GLST5602T-I1154-0,7588751081555,GOOD LEGS STRAIGHT JEANS,Good Legs Straight,42693163810899,197217835584
153297,GLST5602T-I1154-2,7588751081555,GOOD LEGS STRAIGHT JEANS,Good Legs Straight,42693163974739,197217836093
153298,GLST5602T-I1154-4,7588751081555,GOOD LEGS STRAIGHT JEANS,Good Legs Straight,42693164204115,197217836628
153299,GLST5602T-I1154-6,7588751081555,GOOD LEGS STRAIGHT JEANS,Good Legs Straight,42693164007507,197217836697
153300,GLST5602T-I1154-8,7588751081555,GOOD LEGS STRAIGHT JEANS,Good Legs Straight,42693163876435,197217836765
153301,GLST5602T-I1154-10,7588751081555,GOOD LEGS STRAIGHT JEANS,Good Legs Straight,42693164040275,197217835720
153302,GLST5602T-I1154-12,7588751081555,GOOD LEGS STRAIGHT JEANS,Good Legs Straight,42693163909203,197217835799
153303,GLST5602T-I1154-14,7588751081555,GOOD LEGS STRAIGHT JEANS,Good Legs Straight,42693164073043,197217835850
153304,GLST5602T-I1154-15,7588751081555,GOOD LEGS STRAIGHT JEANS,Good Legs Straight,42693163843667,197217835911
153305,GLST5602T-I1154-16,7588751081555,GOOD LEGS STRAIGHT JEANS,Good Legs Straight,42693164105811,197217835973
153306,GLST5602T-I1154-18,7588751081555,GOOD LEGS STRAIGHT JEANS,Good Legs Straight,42655497060435,197217836031
153307,GLST5602T-I1154-20,7588751081555,GOOD LEGS STRAIGHT JEANS,Good Legs Straight,42693164138579,197217836154
153308,GLST5602T-I1154-22,7588751081555,GOOD LEGS STRAIGHT JEANS,Good Legs Straight,42693163941971,197217836222
153309,GLST5602T-I1154-24,7588751081555,GOOD LEGS STRAIGHT JEANS,Good Legs Straight,42693164171347,197217836291
153310,GLST5602T-I1154-26,7588751081555,GOOD LEGS STRAIGHT JEANS,Good Legs Straight,42693164236883,197217836369
153311,GLST5602T-I1154-28,7588751081555,GOOD LEGS STRAIGHT JEANS,Good Legs Straight,42693163745363,197217836437
153312,GLST5602T-I1154-30,7588751081555,GOOD LEGS STRAIGHT JEANS,Good Legs Straight,42693163712595,197217836505
153313,GLST5602T-I1154-32,7588751081555,GOOD LEGS STRAIGHT JEANS,Good Legs Straight,42693163778131,197217836567
150101,GLS220LI-I711-32-00,7675541749843,SOFT TECH GOOD LEGS STRAIGHT JEANS,Good Legs Straight,43010050064467,197217970674
150102,GLS220LI-I711-32-22,7675541749843,SOFT TECH GOOD LEGS STRAIGHT JEANS,Good Legs Straight,43010050097235,197217970766
150103,GLS220LI-I711-32-15,7675541749843,SOFT TECH GOOD LEGS STRAIGHT JEANS,Good Legs Straight,43010050130003,197217970711
150104,GLS220LI-I711-32-18,7675541749843,SOFT TECH GOOD LEGS STRAIGHT JEANS,Good Legs Straight,43010050162771,197217970735
150105,GLS220LI-I711-32-20,7675541749843,SOFT TECH GOOD LEGS STRAIGHT JEANS,Good Legs Straight,43010050195539,197217970759
150106,GLS220LI-I711-32-24,7675541749843,SOFT TECH GOOD LEGS STRAIGHT JEANS,Good Legs Straight,43010050228307,197217970773
150107,GLS220LI-I711-32-28,7675541749843,SOFT TECH GOOD LEGS STRAIGHT JEANS,Good Legs Straight,43010050261075,197217970797
150108,GLS220LI-I711-32-32,7675541749843,SOFT TECH GOOD LEGS STRAIGHT JEANS,Good Legs Straight,43010050293843,197217970810
150109,GLS220LI-I711-32-6,7675541749843,SOFT TECH GOOD LEGS STRAIGHT JEANS,Good Legs Straight,43010050326611,197217970834
150110,GLS220LI-I711-32-26,7675541749843,SOFT TECH GOOD LEGS STRAIGHT JEANS,Good Legs Straight,43010050359379,197217970780
150111,GLS220LI-I711-32-30,7675541749843,SOFT TECH GOOD LEGS STRAIGHT JEANS,Good Legs Straight,43010050392147,197217970803
150112,GLS220LI-I711-32-4,7675541749843,SOFT TECH GOOD LEGS STRAIGHT JEANS,Good Legs Straight,43010050424915,197217970827
150113,GLS220LI-I711-32-8,7675541749843,SOFT TECH GOOD LEGS STRAIGHT JEANS,Good Legs Straight,43010050457683,197217970841
150114,GLS220LI-I711-32-0,7675541749843,SOFT TECH GOOD LEGS STRAIGHT JEANS,Good Legs Straight,43010050490451,197217970667
150115,GLS220LI-I711-32-10,7675541749843,SOFT TECH GOOD LEGS STRAIGHT JEANS,Good Legs Straight,43010050523219,197217970681
150116,GLS220LI-I711-32-14,7675541749843,SOFT TECH GOOD LEGS STRAIGHT JEANS,Good Legs Straight,43010050555987,197217970704
150117,GLS220LI-I711-32-16,7675541749843,SOFT TECH GOOD LEGS STRAIGHT JEANS,Good Legs Straight,43010050588755,197217970728
150118,GLS220LI-I711-32-2,7675541749843,SOFT TECH GOOD LEGS STRAIGHT JEANS,Good Legs Straight,43010050621523,197217970742
150119,GLS220LI-I711-32-12,7675541749843,SOFT TECH GOOD LEGS STRAIGHT JEANS,Good Legs Straight,43010050654291,197217970698
2560,GLSCHD15T-I943-00,7454718623827,GOOD LEGS STRAIGHT JEANS,Good Legs Straight,42225511432275,197217740734
2561,GLSCHD15T-I943-0,7454718623827,GOOD LEGS STRAIGHT JEANS,Good Legs Straight,42225511759955,197217740727
2562,GLSCHD15T-I943-2,7454718623827,GOOD LEGS STRAIGHT JEANS,Good Legs Straight,42225511563347,197217740802
2563,GLSCHD15T-I943-4,7454718623827,GOOD LEGS STRAIGHT JEANS,Good Legs Straight,42225511891027,197217740888
2564,GLSCHD15T-I943-6,7454718623827,GOOD LEGS STRAIGHT JEANS,Good Legs Straight,42225511596115,197217740895
2565,GLSCHD15T-I943-8,7454718623827,GOOD LEGS STRAIGHT JEANS,Good Legs Straight,42225511858259,197217740901
2566,GLSCHD15T-I943-10,7454718623827,GOOD LEGS STRAIGHT JEANS,Good Legs Straight,42225511530579,197217740741
2567,GLSCHD15T-I943-12,7454718623827,GOOD LEGS STRAIGHT JEANS,Good Legs Straight,42225511825491,197217740758
2568,GLSCHD15T-I943-14,7454718623827,GOOD LEGS STRAIGHT JEANS,Good Legs Straight,42225511497811,197217740765
2569,GLSCHD15T-I943-15,7454718623827,GOOD LEGS STRAIGHT JEANS,Good Legs Straight,42225511792723,197217740772
2570,GLSCHD15T-I943-16,7454718623827,GOOD LEGS STRAIGHT JEANS,Good Legs Straight,42225511465043,197217740789
2571,GLSCHD15T-I943-18,7454718623827,GOOD LEGS STRAIGHT JEANS,Good Legs Straight,42225511727187,197217740796
2572,GLSCHD15T-I943-20,7454718623827,GOOD LEGS STRAIGHT JEANS,Good Legs Straight,42225511399507,197217740819
2573,GLSCHD15T-I943-22,7454718623827,GOOD LEGS STRAIGHT JEANS,Good Legs Straight,42225511694419,197217740826
2574,GLSCHD15T-I943-24,7454718623827,GOOD LEGS STRAIGHT JEANS,Good Legs Straight,42225511989331,197217740833
2575,GLSCHD15T-I943-26,7454718623827,GOOD LEGS STRAIGHT JEANS,Good Legs Straight,42225511661651,197217740840
2576,GLSCHD15T-I943-28,7454718623827,GOOD LEGS STRAIGHT JEANS,Good Legs Straight,42225511956563,197217740857
2577,GLSCHD15T-I943-30,7454718623827,GOOD LEGS STRAIGHT JEANS,Good Legs Straight,42225511628883,197217740864
2578,GLSCHD15T-I943-32,7454718623827,GOOD LEGS STRAIGHT JEANS,Good Legs Straight,42225511923795,197217740871
143330,GLSR900T-I983-00,7509324595283,GOOD LEGS STRAIGHT JEANS,Good Legs Straight,42414977908819,197217770069
143331,GLSR900T-I983-0,7509324595283,GOOD LEGS STRAIGHT JEANS,Good Legs Straight,42414977777747,197217770052
143332,GLSR900T-I983-2,7509324595283,GOOD LEGS STRAIGHT JEANS,Good Legs Straight,42414977876051,197217770137
143333,GLSR900T-I983-4,7509324595283,GOOD LEGS STRAIGHT JEANS,Good Legs Straight,42414977744979,197217770212
143334,GLSR900T-I983-6,7509324595283,GOOD LEGS STRAIGHT JEANS,Good Legs Straight,42414977843283,197217770229
143335,GLSR900T-I983-8,7509324595283,GOOD LEGS STRAIGHT JEANS,Good Legs Straight,42414977712211,197217770236
143336,GLSR900T-I983-10,7509324595283,GOOD LEGS STRAIGHT JEANS,Good Legs Straight,42414977810515,197217770076
143337,GLSR900T-I983-12,7509324595283,GOOD LEGS STRAIGHT JEANS,Good Legs Straight,42414977679443,197217770083
143338,GLSR900T-I983-14,7509324595283,GOOD LEGS STRAIGHT JEANS,Good Legs Straight,42414977548371,197217770090
143339,GLSR900T-I983-15,7509324595283,GOOD LEGS STRAIGHT JEANS,Good Legs Straight,42414977646675,197217770106
143340,GLSR900T-I983-16,7509324595283,GOOD LEGS STRAIGHT JEANS,Good Legs Straight,42414977515603,197217770113
143341,GLSR900T-I983-18,7509324595283,GOOD LEGS STRAIGHT JEANS,Good Legs Straight,42414977613907,197217770120
143342,GLSR900T-I983-20,7509324595283,GOOD LEGS STRAIGHT JEANS,Good Legs Straight,42414978039891,197217770144
143343,GLSR900T-I983-22,7509324595283,GOOD LEGS STRAIGHT JEANS,Good Legs Straight,42414977581139,197217770151
143344,GLSR900T-I983-24,7509324595283,GOOD LEGS STRAIGHT JEANS,Good Legs Straight,42414977450067,197217770168
143345,GLSR900T-I983-26,7509324595283,GOOD LEGS STRAIGHT JEANS,Good Legs Straight,42414977941587,197217770175
143346,GLSR900T-I983-28,7509324595283,GOOD LEGS STRAIGHT JEANS,Good Legs Straight,42414978007123,197217770182
143347,GLSR900T-I983-30,7509324595283,GOOD LEGS STRAIGHT JEANS,Good Legs Straight,42414977974355,197217770199
143348,GLSR900T-I983-32,7509324595283,GOOD LEGS STRAIGHT JEANS,Good Legs Straight,42414977482835,197217770205
143064,GLSC900T-I988-00,7509328822355,GOOD LEGS STRAIGHT JEANS,Good Legs Straight,42415027748947,197217770250
143065,GLSC900T-I988-0,7509328822355,GOOD LEGS STRAIGHT JEANS,Good Legs Straight,42415027421267,197217770243
143066,GLSC900T-I988-2,7509328822355,GOOD LEGS STRAIGHT JEANS,Good Legs Straight,42415027716179,197217770328
143067,GLSC900T-I988-4,7509328822355,GOOD LEGS STRAIGHT JEANS,Good Legs Straight,42415027388499,197217770403
143068,GLSC900T-I988-6,7509328822355,GOOD LEGS STRAIGHT JEANS,Good Legs Straight,42415027683411,197217770410
143069,GLSC900T-I988-8,7509328822355,GOOD LEGS STRAIGHT JEANS,Good Legs Straight,42415027355731,197217770427
143070,GLSC900T-I988-10,7509328822355,GOOD LEGS STRAIGHT JEANS,Good Legs Straight,42415027650643,197217770267
143071,GLSC900T-I988-12,7509328822355,GOOD LEGS STRAIGHT JEANS,Good Legs Straight,42415027322963,197217770274
143072,GLSC900T-I988-14,7509328822355,GOOD LEGS STRAIGHT JEANS,Good Legs Straight,42415027617875,197217770281
143073,GLSC900T-I988-15,7509328822355,GOOD LEGS STRAIGHT JEANS,Good Legs Straight,42415027290195,197217770298
143074,GLSC900T-I988-16,7509328822355,GOOD LEGS STRAIGHT JEANS,Good Legs Straight,42415027585107,197217770304
143075,GLSC900T-I988-18,7509328822355,GOOD LEGS STRAIGHT JEANS,Good Legs Straight,42415027257427,197217770311
143076,GLSC900T-I988-20,7509328822355,GOOD LEGS STRAIGHT JEANS,Good Legs Straight,42415027552339,197217770335
143077,GLSC900T-I988-22,7509328822355,GOOD LEGS STRAIGHT JEANS,Good Legs Straight,42415027847251,197217770342
143078,GLSC900T-I988-24,7509328822355,GOOD LEGS STRAIGHT JEANS,Good Legs Straight,42415027519571,197217770359
143079,GLSC900T-I988-26,7509328822355,GOOD LEGS STRAIGHT JEANS,Good Legs Straight,42415027814483,197217770366
143080,GLSC900T-I988-28,7509328822355,GOOD LEGS STRAIGHT JEANS,Good Legs Straight,42415027454035,197217770373
143081,GLSC900T-I988-30,7509328822355,GOOD LEGS STRAIGHT JEANS,Good Legs Straight,42415027781715,197217770380
143082,GLSC900T-I988-32,7509328822355,GOOD LEGS STRAIGHT JEANS,Good Legs Straight,42415027486803,197217770397
147287,GSRH046TE-W037-00,6123456784637,GOOD LEGS STRAIGHT JEANS,Good Legs Straight,42537790000002,197217710002
147288,GSRH046TE-W037-0,6123456784637,GOOD LEGS STRAIGHT JEANS,Good Legs Straight,42537790000001,197217710001
147289,GSRH046TE-W037-2,6123456784637,GOOD LEGS STRAIGHT JEANS,Good Legs Straight,42537790000009,197217710009
147290,GSRH046TE-W037-4,6123456784637,GOOD LEGS STRAIGHT JEANS,Good Legs Straight,42537790000036,197217700036
147291,GSRH046TE-W037-6,6123456784637,GOOD LEGS STRAIGHT JEANS,Good Legs Straight,42537790000037,197217700037
147292,GSRH046TE-W037-8,6123456784637,GOOD LEGS STRAIGHT JEANS,Good Legs Straight,42537790000038,197217700038
147293,GSRH046TE-W037-10,6123456784637,GOOD LEGS STRAIGHT JEANS,Good Legs Straight,42537790000003,197217710003
147294,GSRH046TE-W037-12,6123456784637,GOOD LEGS STRAIGHT JEANS,Good Legs Straight,42537790000004,197217710004
147295,GSRH046TE-W037-14,6123456784637,GOOD LEGS STRAIGHT JEANS,Good Legs Straight,42537790000005,197217710005
147296,GSRH046TE-W037-15,6123456784637,GOOD LEGS STRAIGHT JEANS,Good Legs Straight,42537790000006,197217710006
147297,GSRH046TE-W037-16,6123456784637,GOOD LEGS STRAIGHT JEANS,Good Legs Straight,42537790000007,197217710007
147298,GSRH046TE-W037-18,6123456784637,GOOD LEGS STRAIGHT JEANS,Good Legs Straight,42537790000008,197217710008
147299,GSRH046TE-W037-20,6123456784637,GOOD LEGS STRAIGHT JEANS,Good Legs Straight,42537790000010,197217710010
147300,GSRH046TE-W037-22,6123456784637,GOOD LEGS STRAIGHT JEANS,Good Legs Straight,42537790000011,197217710011
147301,GSRH046TE-W037-24,6123456784637,GOOD LEGS STRAIGHT JEANS,Good Legs Straight,42537790000012,197217710012
147302,GSRH046TE-W037-26,6123456784637,GOOD LEGS STRAIGHT JEANS,Good Legs Straight,42537790000013,197217710013
147303,GSRH046TE-W037-28,6123456784637,GOOD LEGS STRAIGHT JEANS,Good Legs Straight,42537790000014,197217710014
147304,GSRH046TE-W037-30,6123456784637,GOOD LEGS STRAIGHT JEANS,Good Legs Straight,42537790000015,197217710015
147305,GSRH046TE-W037-32,6123456784637,GOOD LEGS STRAIGHT JEANS,Good Legs Straight,42537790000016,197217710016
147306,GSRH046TE-W037-35-00,6123456784637,GOOD LEGS STRAIGHT JEANS,Good Legs Straight,42537790000018,197217710018
147307,GSRH046TE-W037-35-0,6123456784637,GOOD LEGS STRAIGHT JEANS,Good Legs Straight,42537790000017,197217710017
147308,GSRH046TE-W037-35-2,6123456784637,GOOD LEGS STRAIGHT JEANS,Good Legs Straight,42537790000025,197217700025
147309,GSRH046TE-W037-35-4,6123456784637,GOOD LEGS STRAIGHT JEANS,Good Legs Straight,42537790000033,197217700033
147310,GSRH046TE-W037-35-6,6123456784637,GOOD LEGS STRAIGHT JEANS,Good Legs Straight,42537790000034,197217700034
147311,GSRH046TE-W037-35-8,6123456784637,GOOD LEGS STRAIGHT JEANS,Good Legs Straight,42537790000035,197217700035
147312,GSRH046TE-W037-35-10,6123456784637,GOOD LEGS STRAIGHT JEANS,Good Legs Straight,42537790000019,197217710019
147313,GSRH046TE-W037-35-12,6123456784637,GOOD LEGS STRAIGHT JEANS,Good Legs Straight,42537790000020,197217700020
147314,GSRH046TE-W037-35-14,6123456784637,GOOD LEGS STRAIGHT JEANS,Good Legs Straight,42537790000021,197217700021
147315,GSRH046TE-W037-35-15,6123456784637,GOOD LEGS STRAIGHT JEANS,Good Legs Straight,42537790000022,197217700022
147316,GSRH046TE-W037-35-16,6123456784637,GOOD LEGS STRAIGHT JEANS,Good Legs Straight,42537790000023,197217700023
147317,GSRH046TE-W037-35-18,6123456784637,GOOD LEGS STRAIGHT JEANS,Good Legs Straight,42537790000024,197217700024
147318,GSRH046TE-W037-35-20,6123456784637,GOOD LEGS STRAIGHT JEANS,Good Legs Straight,42537790000026,197217700026
147319,GSRH046TE-W037-35-22,6123456784637,GOOD LEGS STRAIGHT JEANS,Good Legs Straight,42537790000027,197217700027
147320,GSRH046TE-W037-35-24,6123456784637,GOOD LEGS STRAIGHT JEANS,Good Legs Straight,42537790000028,197217700028
147321,GSRH046TE-W037-35-26,6123456784637,GOOD LEGS STRAIGHT JEANS,Good Legs Straight,42537790000029,197217700029
147322,GSRH046TE-W037-35-28,6123456784637,GOOD LEGS STRAIGHT JEANS,Good Legs Straight,42537790000030,197217700030
147323,GSRH046TE-W037-35-30,6123456784637,GOOD LEGS STRAIGHT JEANS,Good Legs Straight,42537790000031,197217700031
147324,GSRH046TE-W037-35-32,6123456784637,GOOD LEGS STRAIGHT JEANS,Good Legs Straight,42537790000032,197217700032
152354,GSRH046TPK-W037-00,7558038716499,GOOD LEGS STRAIGHT JEANS,Good Legs Straight,42537793421395,197217703890
152355,GSRH046TPK-W037-0,7558038716499,GOOD LEGS STRAIGHT JEANS,Good Legs Straight,42537793618003,197217703883
152356,GSRH046TPK-W037-2,7558038716499,GOOD LEGS STRAIGHT JEANS,Good Legs Straight,42537793880147,197217703968
152357,GSRH046TPK-W037-4,7558038716499,GOOD LEGS STRAIGHT JEANS,Good Legs Straight,42537793650771,197217704040
152358,GSRH046TPK-W037-6,7558038716499,GOOD LEGS STRAIGHT JEANS,Good Legs Straight,42537793912915,197217704057
152359,GSRH046TPK-W037-8,7558038716499,GOOD LEGS STRAIGHT JEANS,Good Legs Straight,42537793683539,197217704064
152360,GSRH046TPK-W037-10,7558038716499,GOOD LEGS STRAIGHT JEANS,Good Legs Straight,42537793945683,197217703906
152361,GSRH046TPK-W037-12,7558038716499,GOOD LEGS STRAIGHT JEANS,Good Legs Straight,42537793716307,197217703913
152362,GSRH046TPK-W037-14,7558038716499,GOOD LEGS STRAIGHT JEANS,Good Legs Straight,42537793978451,197217703920
152363,GSRH046TPK-W037-15,7558038716499,GOOD LEGS STRAIGHT JEANS,Good Legs Straight,42537793749075,197217703937
152364,GSRH046TPK-W037-16,7558038716499,GOOD LEGS STRAIGHT JEANS,Good Legs Straight,42537794011219,197217703944
152365,GSRH046TPK-W037-18,7558038716499,GOOD LEGS STRAIGHT JEANS,Good Legs Straight,42537793781843,197217703951
152366,GSRH046TPK-W037-20,7558038716499,GOOD LEGS STRAIGHT JEANS,Good Legs Straight,42537793486931,197217703975
152367,GSRH046TPK-W037-22,7558038716499,GOOD LEGS STRAIGHT JEANS,Good Legs Straight,42537793814611,197217703982
152368,GSRH046TPK-W037-24,7558038716499,GOOD LEGS STRAIGHT JEANS,Good Legs Straight,42537793519699,197217703999
152369,GSRH046TPK-W037-26,7558038716499,GOOD LEGS STRAIGHT JEANS,Good Legs Straight,42537793847379,197217704002
152370,GSRH046TPK-W037-28,7558038716499,GOOD LEGS STRAIGHT JEANS,Good Legs Straight,42537793552467,197217704019
152371,GSRH046TPK-W037-30,7558038716499,GOOD LEGS STRAIGHT JEANS,Good Legs Straight,42537793454163,197217704026
152372,GSRH046TPK-W037-32,7558038716499,GOOD LEGS STRAIGHT JEANS,Good Legs Straight,42537793585235,197217704033
3040,GSBP941CETLI-B449-32-00,7180698419283,GOOD LEGS STRAIGHT SPLIT POCKETS,Good Legs Straight Split Pockets,41448959279187,197217616497
3041,GSBP941CETLI-B449-32-0,7180698419283,GOOD LEGS STRAIGHT SPLIT POCKETS,Good Legs Straight Split Pockets,41448958951507,197217616480
3042,GSBP941CETLI-B449-32-2,7180698419283,GOOD LEGS STRAIGHT SPLIT POCKETS,Good Legs Straight Split Pockets,41448959311955,197217616565
3043,GSBP941CETLI-B449-32-4,7180698419283,GOOD LEGS STRAIGHT SPLIT POCKETS,Good Legs Straight Split Pockets,41448958918739,197217616640
3044,GSBP941CETLI-B449-32-6,7180698419283,GOOD LEGS STRAIGHT SPLIT POCKETS,Good Legs Straight Split Pockets,41448959213651,197217616657
3045,GSBP941CETLI-B449-32-8,7180698419283,GOOD LEGS STRAIGHT SPLIT POCKETS,Good Legs Straight Split Pockets,41448958885971,197217616664
3046,GSBP941CETLI-B449-32-10,7180698419283,GOOD LEGS STRAIGHT SPLIT POCKETS,Good Legs Straight Split Pockets,41448959180883,197217616503
3047,GSBP941CETLI-B449-32-12,7180698419283,GOOD LEGS STRAIGHT SPLIT POCKETS,Good Legs Straight Split Pockets,41448958853203,197217616510
3048,GSBP941CETLI-B449-32-14,7180698419283,GOOD LEGS STRAIGHT SPLIT POCKETS,Good Legs Straight Split Pockets,41448959148115,197217616527
3049,GSBP941CETLI-B449-32-15,7180698419283,GOOD LEGS STRAIGHT SPLIT POCKETS,Good Legs Straight Split Pockets,41448958820435,197217616534
3050,GSBP941CETLI-B449-32-16,7180698419283,GOOD LEGS STRAIGHT SPLIT POCKETS,Good Legs Straight Split Pockets,41448959115347,197217616541
3051,GSBP941CETLI-B449-32-18,7180698419283,GOOD LEGS STRAIGHT SPLIT POCKETS,Good Legs Straight Split Pockets,41448958787667,197217616558
3052,GSBP941CETLI-B449-32-20,7180698419283,GOOD LEGS STRAIGHT SPLIT POCKETS,Good Legs Straight Split Pockets,41448958754899,197217616572
3053,GSBP941CETLI-B449-32-22,7180698419283,GOOD LEGS STRAIGHT SPLIT POCKETS,Good Legs Straight Split Pockets,41448959082579,197217616589
3054,GSBP941CETLI-B449-32-24,7180698419283,GOOD LEGS STRAIGHT SPLIT POCKETS,Good Legs Straight Split Pockets,41448958722131,197217616596
3055,GSBP941CETLI-B449-32-26,7180698419283,GOOD LEGS STRAIGHT SPLIT POCKETS,Good Legs Straight Split Pockets,41448959049811,197217616602
3056,GSBP941CETLI-B449-32-28,7180698419283,GOOD LEGS STRAIGHT SPLIT POCKETS,Good Legs Straight Split Pockets,41448959246419,197217616619
3057,GSBP941CETLI-B449-32-30,7180698419283,GOOD LEGS STRAIGHT SPLIT POCKETS,Good Legs Straight Split Pockets,41448959017043,197217616626
3058,GSBP941CETLI-B449-32-32,7180698419283,GOOD LEGS STRAIGHT SPLIT POCKETS,Good Legs Straight Split Pockets,41448958984275,197217616633
152673,GLRSB731002-I1217-00,7652498571347,GOOD LOW RISE BOOTCUT JEANS,Good Bootcut,42904157585491,197217894000
152674,GLRSB731002-I1217-0,7652498571347,GOOD LOW RISE BOOTCUT JEANS,Good Bootcut,42904157618259,197217893997
152675,GLRSB731002-I1217-2,7652498571347,GOOD LOW RISE BOOTCUT JEANS,Good Bootcut,42904157651027,197217894079
152676,GLRSB731002-I1217-4,7652498571347,GOOD LOW RISE BOOTCUT JEANS,Good Bootcut,42904157945939,197217894154
152677,GLRSB731002-I1217-6,7652498571347,GOOD LOW RISE BOOTCUT JEANS,Good Bootcut,42904157913171,197217894161
152678,GLRSB731002-I1217-8,7652498571347,GOOD LOW RISE BOOTCUT JEANS,Good Bootcut,42904157388883,197217894178
152679,GLRSB731002-I1217-10,7652498571347,GOOD LOW RISE BOOTCUT JEANS,Good Bootcut,42904157421651,197217894017
152680,GLRSB731002-I1217-12,7652498571347,GOOD LOW RISE BOOTCUT JEANS,Good Bootcut,42904157454419,197217894024
152681,GLRSB731002-I1217-14,7652498571347,GOOD LOW RISE BOOTCUT JEANS,Good Bootcut,42904157487187,197217894031
152682,GLRSB731002-I1217-15,7652498571347,GOOD LOW RISE BOOTCUT JEANS,Good Bootcut,42904157519955,197217894048
152683,GLRSB731002-I1217-16,7652498571347,GOOD LOW RISE BOOTCUT JEANS,Good Bootcut,42904157552723,197217894055
152684,GLRSB731002-I1217-18,7652498571347,GOOD LOW RISE BOOTCUT JEANS,Good Bootcut,42904157683795,197217894062
152685,GLRSB731002-I1217-20,7652498571347,GOOD LOW RISE BOOTCUT JEANS,Good Bootcut,42904157716563,197217894086
152686,GLRSB731002-I1217-22,7652498571347,GOOD LOW RISE BOOTCUT JEANS,Good Bootcut,42904157749331,197217894093
152687,GLRSB731002-I1217-24,7652498571347,GOOD LOW RISE BOOTCUT JEANS,Good Bootcut,42904157782099,197217894109
152688,GLRSB731002-I1217-26,7652498571347,GOOD LOW RISE BOOTCUT JEANS,Good Bootcut,42904157814867,197217894116
152689,GLRSB731002-I1217-28,7652498571347,GOOD LOW RISE BOOTCUT JEANS,Good Bootcut,42904157847635,197217894123
152690,GLRSB731002-I1217-30,7652498571347,GOOD LOW RISE BOOTCUT JEANS,Good Bootcut,42904157880403,197217894130
152691,GLRSB731002-I1217-32,7652498571347,GOOD LOW RISE BOOTCUT JEANS,Good Bootcut,42904157978707,197217894147
152654,GLRSB731001-I1218-00,7652498473043,GOOD LOW RISE BOOTCUT JEANS,Good Bootcut,42904156504147,197217890750
152655,GLRSB731001-I1218-0,7652498473043,GOOD LOW RISE BOOTCUT JEANS,Good Bootcut,42904156536915,197217890743
152656,GLRSB731001-I1218-2,7652498473043,GOOD LOW RISE BOOTCUT JEANS,Good Bootcut,42904155947091,197217890828
152657,GLRSB731001-I1218-4,7652498473043,GOOD LOW RISE BOOTCUT JEANS,Good Bootcut,42904155979859,197217890903
152658,GLRSB731001-I1218-6,7652498473043,GOOD LOW RISE BOOTCUT JEANS,Good Bootcut,42904156012627,197217890910
152659,GLRSB731001-I1218-8,7652498473043,GOOD LOW RISE BOOTCUT JEANS,Good Bootcut,42904156045395,197217890927
152660,GLRSB731001-I1218-10,7652498473043,GOOD LOW RISE BOOTCUT JEANS,Good Bootcut,42904156078163,197217890767
152661,GLRSB731001-I1218-12,7652498473043,GOOD LOW RISE BOOTCUT JEANS,Good Bootcut,42904156110931,197217890774
152662,GLRSB731001-I1218-14,7652498473043,GOOD LOW RISE BOOTCUT JEANS,Good Bootcut,42904156143699,197217890781
152663,GLRSB731001-I1218-15,7652498473043,GOOD LOW RISE BOOTCUT JEANS,Good Bootcut,42904156176467,197217890798
152664,GLRSB731001-I1218-16,7652498473043,GOOD LOW RISE BOOTCUT JEANS,Good Bootcut,42904156209235,197217890804
152665,GLRSB731001-I1218-18,7652498473043,GOOD LOW RISE BOOTCUT JEANS,Good Bootcut,42904156242003,197217890811
152666,GLRSB731001-I1218-20,7652498473043,GOOD LOW RISE BOOTCUT JEANS,Good Bootcut,42904156274771,197217890835
152667,GLRSB731001-I1218-22,7652498473043,GOOD LOW RISE BOOTCUT JEANS,Good Bootcut,42904156307539,197217890842
152668,GLRSB731001-I1218-24,7652498473043,GOOD LOW RISE BOOTCUT JEANS,Good Bootcut,42904156340307,197217890859
152669,GLRSB731001-I1218-26,7652498473043,GOOD LOW RISE BOOTCUT JEANS,Good Bootcut,42904156373075,197217890866
152670,GLRSB731001-I1218-28,7652498473043,GOOD LOW RISE BOOTCUT JEANS,Good Bootcut,42904156405843,197217890873
152671,GLRSB731001-I1218-30,7652498473043,GOOD LOW RISE BOOTCUT JEANS,Good Bootcut,42904156438611,197217890880
152672,GLRSB731001-I1218-32,7652498473043,GOOD LOW RISE BOOTCUT JEANS,Good Bootcut,42904156471379,197217890897
143899,GNIP024B002-K406-00,7509323448403,GOOD PETITE 90s RELAXED JEANS,Good 90S Relaxed,42414962573395,197217796205
143900,GNIP024B002-K406-0,7509323448403,GOOD PETITE 90s RELAXED JEANS,Good 90S Relaxed,42414962737235,197217796199
143901,GNIP024B002-K406-2,7509323448403,GOOD PETITE 90s RELAXED JEANS,Good 90S Relaxed,42414962606163,197217796274
143902,GNIP024B002-K406-4,7509323448403,GOOD PETITE 90s RELAXED JEANS,Good 90S Relaxed,42414962770003,197217796359
143903,GNIP024B002-K406-6,7509323448403,GOOD PETITE 90s RELAXED JEANS,Good 90S Relaxed,42414962638931,197217796366
143904,GNIP024B002-K406-8,7509323448403,GOOD PETITE 90s RELAXED JEANS,Good 90S Relaxed,42414962802771,197217796373
143905,GNIP024B002-K406-10,7509323448403,GOOD PETITE 90s RELAXED JEANS,Good 90S Relaxed,42414962671699,197217796212
143906,GNIP024B002-K406-12,7509323448403,GOOD PETITE 90s RELAXED JEANS,Good 90S Relaxed,42414962835539,197217796229
143907,GNIP024B002-K406-14,7509323448403,GOOD PETITE 90s RELAXED JEANS,Good 90S Relaxed,42414962704467,197217796236
143908,GNIP024B002-K406-15,7509323448403,GOOD PETITE 90s RELAXED JEANS,Good 90S Relaxed,42414962868307,197217796243
143909,GNIP024B002-K406-16,7509323448403,GOOD PETITE 90s RELAXED JEANS,Good 90S Relaxed,42414962507859,197217796250
143910,GNIP024B002-K406-18,7509323448403,GOOD PETITE 90s RELAXED JEANS,Good 90S Relaxed,42414962901075,197217796267
143911,GNIP024B002-K406-20,7509323448403,GOOD PETITE 90s RELAXED JEANS,Good 90S Relaxed,42414962475091,197217796281
143912,GNIP024B002-K406-22,7509323448403,GOOD PETITE 90s RELAXED JEANS,Good 90S Relaxed,42414962966611,197217796298
143913,GNIP024B002-K406-24,7509323448403,GOOD PETITE 90s RELAXED JEANS,Good 90S Relaxed,42414962442323,197217796304
143914,GNIP024B002-K406-26,7509323448403,GOOD PETITE 90s RELAXED JEANS,Good 90S Relaxed,42414962933843,197217796311
143915,GNIP024B002-K406-28,7509323448403,GOOD PETITE 90s RELAXED JEANS,Good 90S Relaxed,42414962409555,197217796328
143916,GNIP024B002-K406-30,7509323448403,GOOD PETITE 90s RELAXED JEANS,Good 90S Relaxed,42414962540627,197217796335
143917,GNIP024B002-K406-32,7509323448403,GOOD PETITE 90s RELAXED JEANS,Good 90S Relaxed,42414962376787,197217796342
143880,GNIP024001-I1075-00,7509323579475,GOOD PETITE 90s RELAXED JEANS,Good 90S Relaxed,42414963949651,197217793426
143881,GNIP024001-I1075-0,7509323579475,GOOD PETITE 90s RELAXED JEANS,Good 90S Relaxed,42414964244563,197217793419
143882,GNIP024001-I1075-2,7509323579475,GOOD PETITE 90s RELAXED JEANS,Good 90S Relaxed,42414964113491,197217793495
143883,GNIP024001-I1075-4,7509323579475,GOOD PETITE 90s RELAXED JEANS,Good 90S Relaxed,42414964211795,197217793570
143884,GNIP024001-I1075-6,7509323579475,GOOD PETITE 90s RELAXED JEANS,Good 90S Relaxed,42414964080723,197217793587
143885,GNIP024001-I1075-8,7509323579475,GOOD PETITE 90s RELAXED JEANS,Good 90S Relaxed,42414963982419,197217793594
143886,GNIP024001-I1075-10,7509323579475,GOOD PETITE 90s RELAXED JEANS,Good 90S Relaxed,42414964047955,197217793433
143887,GNIP024001-I1075-12,7509323579475,GOOD PETITE 90s RELAXED JEANS,Good 90S Relaxed,42414964146259,197217793440
143888,GNIP024001-I1075-14,7509323579475,GOOD PETITE 90s RELAXED JEANS,Good 90S Relaxed,42414964015187,197217793457
143889,GNIP024001-I1075-15,7509323579475,GOOD PETITE 90s RELAXED JEANS,Good 90S Relaxed,42414964408403,197217793464
143890,GNIP024001-I1075-16,7509323579475,GOOD PETITE 90s RELAXED JEANS,Good 90S Relaxed,42414964539475,197217793471
143891,GNIP024001-I1075-18,7509323579475,GOOD PETITE 90s RELAXED JEANS,Good 90S Relaxed,42414964277331,197217793488
143892,GNIP024001-I1075-20,7509323579475,GOOD PETITE 90s RELAXED JEANS,Good 90S Relaxed,42414964506707,197217793501
143893,GNIP024001-I1075-22,7509323579475,GOOD PETITE 90s RELAXED JEANS,Good 90S Relaxed,42414964310099,197217793518
143894,GNIP024001-I1075-24,7509323579475,GOOD PETITE 90s RELAXED JEANS,Good 90S Relaxed,42414964473939,197217793525
143895,GNIP024001-I1075-26,7509323579475,GOOD PETITE 90s RELAXED JEANS,Good 90S Relaxed,42414964342867,197217793532
143896,GNIP024001-I1075-28,7509323579475,GOOD PETITE 90s RELAXED JEANS,Good 90S Relaxed,42414964441171,197217793549
143897,GNIP024001-I1075-30,7509323579475,GOOD PETITE 90s RELAXED JEANS,Good 90S Relaxed,42414964375635,197217793556
143898,GNIP024001-I1075-32,7509323579475,GOOD PETITE 90s RELAXED JEANS,Good 90S Relaxed,42414964179027,197217793563
811,GPFL47SBTE-K001-00,7192502304851,GOOD PETITE FLARE,Good Flare,41476950065235,197217481231
812,GPFL47SBTE-K001-0,7192502304851,GOOD PETITE FLARE,Good Flare,41476950130771,197217481224
813,GPFL47SBTE-K001-2,7192502304851,GOOD PETITE FLARE,Good Flare,41476950163539,197217481309
814,GPFL47SBTE-K001-4,7192502304851,GOOD PETITE FLARE,Good Flare,41476950196307,197217481385
815,GPFL47SBTE-K001-6,7192502304851,GOOD PETITE FLARE,Good Flare,41476950229075,197217481392
816,GPFL47SBTE-K001-8,7192502304851,GOOD PETITE FLARE,Good Flare,41476950261843,197217481408
817,GPFL47SBTE-K001-10,7192502304851,GOOD PETITE FLARE,Good Flare,41476950294611,197217481248
818,GPFL47SBTE-K001-12,7192502304851,GOOD PETITE FLARE,Good Flare,41476950327379,197217481255
819,GPFL47SBTE-K001-14,7192502304851,GOOD PETITE FLARE,Good Flare,41476950360147,197217481262
820,GPFL47SBTE-K001-15,7192502304851,GOOD PETITE FLARE,Good Flare,41476950392915,197217481279
821,GPFL47SBTE-K001-16,7192502304851,GOOD PETITE FLARE,Good Flare,41476950425683,197217481286
822,GPFL47SBTE-K001-18,7192502304851,GOOD PETITE FLARE,Good Flare,41476950458451,197217481293
823,GPFL47SBTE-K001-20,7192502304851,GOOD PETITE FLARE,Good Flare,41476950491219,197217481316
824,GPFL47SBTE-K001-22,7192502304851,GOOD PETITE FLARE,Good Flare,41476950556755,197217481323
825,GPFL47SBTE-K001-24,7192502304851,GOOD PETITE FLARE,Good Flare,41476950589523,197217481330
826,GPFL47SBTE-K001-26,7192502304851,GOOD PETITE FLARE,Good Flare,41476950655059,197217481347
827,GPFL47SBTE-K001-28,7192502304851,GOOD PETITE FLARE,Good Flare,41476950720595,197217481354
828,GPFL47SBTE-K001-30,7192502304851,GOOD PETITE FLARE,Good Flare,41476950786131,197217481361
829,GPFL47SBTE-K001-32,7192502304851,GOOD PETITE FLARE,Good Flare,41476950818899,197217481378
417,GPF873T-B004-00,7114898407507,GOOD PETITE FLARE JEANS,Good Flare,41211298742355,197217355419
418,GPF873T-B004-0,7114898407507,GOOD PETITE FLARE JEANS,Good Flare,41211298775123,197217355402
419,GPF873T-B004-2,7114898407507,GOOD PETITE FLARE JEANS,Good Flare,41211298807891,197217355488
420,GPF873T-B004-4,7114898407507,GOOD PETITE FLARE JEANS,Good Flare,41211298840659,197217355563
421,GPF873T-B004-6,7114898407507,GOOD PETITE FLARE JEANS,Good Flare,41211298873427,197217355570
422,GPF873T-B004-8,7114898407507,GOOD PETITE FLARE JEANS,Good Flare,41211298906195,197217355587
423,GPF873T-B004-10,7114898407507,GOOD PETITE FLARE JEANS,Good Flare,41211298938963,197217355426
424,GPF873T-B004-12,7114898407507,GOOD PETITE FLARE JEANS,Good Flare,41211298971731,197217355433
425,GPF873T-B004-14,7114898407507,GOOD PETITE FLARE JEANS,Good Flare,41211299004499,197217355440
426,GPF873T-B004-15,7114898407507,GOOD PETITE FLARE JEANS,Good Flare,41211299037267,197217355457
427,GPF873T-B004-16,7114898407507,GOOD PETITE FLARE JEANS,Good Flare,41211299070035,197217355464
428,GPF873T-B004-18,7114898407507,GOOD PETITE FLARE JEANS,Good Flare,41211299102803,197217355471
429,GPF873T-B004-20,7114898407507,GOOD PETITE FLARE JEANS,Good Flare,41211299135571,197217355495
430,GPF873T-B004-22,7114898407507,GOOD PETITE FLARE JEANS,Good Flare,41211299168339,197217355501
431,GPF873T-B004-24,7114898407507,GOOD PETITE FLARE JEANS,Good Flare,41211299201107,197217355518
432,GPF873T-B004-26,7114898407507,GOOD PETITE FLARE JEANS,Good Flare,41211299233875,197217355525
433,GPF873T-B004-28,7114898407507,GOOD PETITE FLARE JEANS,Good Flare,41211299266643,197217355532
434,GPF873T-B004-30,7114898407507,GOOD PETITE FLARE JEANS,Good Flare,41211299299411,197217355549
435,GPF873T-B004-32,7114898407507,GOOD PETITE FLARE JEANS,Good Flare,41211299332179,197217355556
154259,GPF5603T-I1153-00,7652515577939,GOOD PETITE FLARE JEANS,Good Flare,42904331026515,197217943715
154260,GPF5603T-I1153-0,7652515577939,GOOD PETITE FLARE JEANS,Good Flare,42904330928211,197217943708
154261,GPF5603T-I1153-2,7652515577939,GOOD PETITE FLARE JEANS,Good Flare,42904330993747,197217943784
154262,GPF5603T-I1153-4,7652515577939,GOOD PETITE FLARE JEANS,Good Flare,42904330895443,197217943869
154263,GPF5603T-I1153-6,7652515577939,GOOD PETITE FLARE JEANS,Good Flare,42904330960979,197217943876
154264,GPF5603T-I1153-8,7652515577939,GOOD PETITE FLARE JEANS,Good Flare,42904330862675,197217943883
154265,GPF5603T-I1153-10,7652515577939,GOOD PETITE FLARE JEANS,Good Flare,42904330633299,197217943722
154266,GPF5603T-I1153-12,7652515577939,GOOD PETITE FLARE JEANS,Good Flare,42904330829907,197217943739
154267,GPF5603T-I1153-14,7652515577939,GOOD PETITE FLARE JEANS,Good Flare,42904331157587,197217943746
154268,GPF5603T-I1153-15,7652515577939,GOOD PETITE FLARE JEANS,Good Flare,42904330797139,197217943753
154269,GPF5603T-I1153-16,7652515577939,GOOD PETITE FLARE JEANS,Good Flare,42904330567763,197217943760
154270,GPF5603T-I1153-18,7652515577939,GOOD PETITE FLARE JEANS,Good Flare,42904330764371,197217943777
154271,GPF5603T-I1153-20,7652515577939,GOOD PETITE FLARE JEANS,Good Flare,42904330600531,197217943791
154272,GPF5603T-I1153-22,7652515577939,GOOD PETITE FLARE JEANS,Good Flare,42904330731603,197217943807
154273,GPF5603T-I1153-24,7652515577939,GOOD PETITE FLARE JEANS,Good Flare,42904331124819,197217943814
154274,GPF5603T-I1153-26,7652515577939,GOOD PETITE FLARE JEANS,Good Flare,42904330698835,197217943821
154275,GPF5603T-I1153-28,7652515577939,GOOD PETITE FLARE JEANS,Good Flare,42904331092051,197217943838
154276,GPF5603T-I1153-30,7652515577939,GOOD PETITE FLARE JEANS,Good Flare,42904330666067,197217943845
154277,GPF5603T-I1153-32,7652515577939,GOOD PETITE FLARE JEANS,Good Flare,42904331059283,197217943852
922,GPFL900001-I983-00,7509326430291,GOOD PETITE FLARE JEANS,Good Flare,42414998945875,197217794751
923,GPFL900001-I983-0,7509326430291,GOOD PETITE FLARE JEANS,Good Flare,42414999240787,197217794744
924,GPFL900001-I983-2,7509326430291,GOOD PETITE FLARE JEANS,Good Flare,42414998978643,197217794829
925,GPFL900001-I983-4,7509326430291,GOOD PETITE FLARE JEANS,Good Flare,42414999273555,197217794904
926,GPFL900001-I983-6,7509326430291,GOOD PETITE FLARE JEANS,Good Flare,42414999011411,197217794911
927,GPFL900001-I983-8,7509326430291,GOOD PETITE FLARE JEANS,Good Flare,42414999306323,197217794928
928,GPFL900001-I983-10,7509326430291,GOOD PETITE FLARE JEANS,Good Flare,42414999535699,197217794768
929,GPFL900001-I983-12,7509326430291,GOOD PETITE FLARE JEANS,Good Flare,42414999339091,197217794775
930,GPFL900001-I983-14,7509326430291,GOOD PETITE FLARE JEANS,Good Flare,42414999044179,197217794782
931,GPFL900001-I983-15,7509326430291,GOOD PETITE FLARE JEANS,Good Flare,42414999371859,197217794799
932,GPFL900001-I983-16,7509326430291,GOOD PETITE FLARE JEANS,Good Flare,42414999076947,197217794805
933,GPFL900001-I983-18,7509326430291,GOOD PETITE FLARE JEANS,Good Flare,42414999404627,197217794812
934,GPFL900001-I983-20,7509326430291,GOOD PETITE FLARE JEANS,Good Flare,42414999109715,197217794836
935,GPFL900001-I983-22,7509326430291,GOOD PETITE FLARE JEANS,Good Flare,42414999437395,197217794843
936,GPFL900001-I983-24,7509326430291,GOOD PETITE FLARE JEANS,Good Flare,42414999142483,197217794850
937,GPFL900001-I983-26,7509326430291,GOOD PETITE FLARE JEANS,Good Flare,42414999470163,197217794867
938,GPFL900001-I983-28,7509326430291,GOOD PETITE FLARE JEANS,Good Flare,42414999175251,197217794874
939,GPFL900001-I983-30,7509326430291,GOOD PETITE FLARE JEANS,Good Flare,42414999502931,197217794881
940,GPFL900001-I983-32,7509326430291,GOOD PETITE FLARE JEANS,Good Flare,42414999208019,197217794898
1050,GPPMSD15T-I957-00,7454718722131,GOOD PETITE PALAZZO JEANS,Good Palazzo,42225513300051,197217735037
1051,GPPMSD15T-I957-0,7454718722131,GOOD PETITE PALAZZO JEANS,Good Palazzo,42225513332819,197217735020
1052,GPPMSD15T-I957-2,7454718722131,GOOD PETITE PALAZZO JEANS,Good Palazzo,42225513660499,197217735105
1053,GPPMSD15T-I957-4,7454718722131,GOOD PETITE PALAZZO JEANS,Good Palazzo,42225513562195,197217735181
1054,GPPMSD15T-I957-6,7454718722131,GOOD PETITE PALAZZO JEANS,Good Palazzo,42225513365587,197217735198
1055,GPPMSD15T-I957-8,7454718722131,GOOD PETITE PALAZZO JEANS,Good Palazzo,42225513398355,197217735204
1056,GPPMSD15T-I957-10,7454718722131,GOOD PETITE PALAZZO JEANS,Good Palazzo,42225513693267,197217735044
1057,GPPMSD15T-I957-12,7454718722131,GOOD PETITE PALAZZO JEANS,Good Palazzo,42225513431123,197217735051
1058,GPPMSD15T-I957-14,7454718722131,GOOD PETITE PALAZZO JEANS,Good Palazzo,42225513726035,197217735068
1059,GPPMSD15T-I957-15,7454718722131,GOOD PETITE PALAZZO JEANS,Good Palazzo,42225513594963,197217735075
1060,GPPMSD15T-I957-16,7454718722131,GOOD PETITE PALAZZO JEANS,Good Palazzo,42225513758803,197217735082
1061,GPPMSD15T-I957-18,7454718722131,GOOD PETITE PALAZZO JEANS,Good Palazzo,42225513627731,197217735099
1062,GPPMSD15T-I957-20,7454718722131,GOOD PETITE PALAZZO JEANS,Good Palazzo,42225513791571,197217735112
1063,GPPMSD15T-I957-22,7454718722131,GOOD PETITE PALAZZO JEANS,Good Palazzo,42225513824339,197217735129
1064,GPPMSD15T-I957-24,7454718722131,GOOD PETITE PALAZZO JEANS,Good Palazzo,42225513463891,197217735136
1065,GPPMSD15T-I957-26,7454718722131,GOOD PETITE PALAZZO JEANS,Good Palazzo,42225513857107,197217735143
1066,GPPMSD15T-I957-28,7454718722131,GOOD PETITE PALAZZO JEANS,Good Palazzo,42225513496659,197217735150
1067,GPPMSD15T-I957-30,7454718722131,GOOD PETITE PALAZZO JEANS,Good Palazzo,42225513889875,197217735167
1068,GPPMSD15T-I957-32,7454718722131,GOOD PETITE PALAZZO JEANS,Good Palazzo,42225513529427,197217735174
3002,GPSK873T-B224-00,7051179425875,GOOD PETITE SKINNY JEANS,Good Skinny,41243701215315,197217355037
3003,GPSK873T-B224-0,7051179425875,GOOD PETITE SKINNY JEANS,Good Skinny,41243700887635,197217355020
3004,GPSK873T-B224-2,7051179425875,GOOD PETITE SKINNY JEANS,Good Skinny,41243700920403,197217355105
3005,GPSK873T-B224-4,7051179425875,GOOD PETITE SKINNY JEANS,Good Skinny,41243700953171,197217355181
3006,GPSK873T-B224-6,7051179425875,GOOD PETITE SKINNY JEANS,Good Skinny,41243700985939,197217355198
3007,GPSK873T-B224-8,7051179425875,GOOD PETITE SKINNY JEANS,Good Skinny,41243701018707,197217355204
3008,GPSK873T-B224-10,7051179425875,GOOD PETITE SKINNY JEANS,Good Skinny,41243701051475,197217355044
3009,GPSK873T-B224-12,7051179425875,GOOD PETITE SKINNY JEANS,Good Skinny,41243701084243,197217355051
3010,GPSK873T-B224-14,7051179425875,GOOD PETITE SKINNY JEANS,Good Skinny,41243701117011,197217355068
3011,GPSK873T-B224-15,7051179425875,GOOD PETITE SKINNY JEANS,Good Skinny,41243701149779,197217355075
3012,GPSK873T-B224-16,7051179425875,GOOD PETITE SKINNY JEANS,Good Skinny,41243701182547,197217355082
3013,GPSK873T-B224-18,7051179425875,GOOD PETITE SKINNY JEANS,Good Skinny,41243701248083,197217355099
3014,GPSK873T-B224-20,7051179425875,GOOD PETITE SKINNY JEANS,Good Skinny,41029555814483,197217355112
3015,GPSK873T-B224-22,7051179425875,GOOD PETITE SKINNY JEANS,Good Skinny,41029555847251,197217355129
3016,GPSK873T-B224-24,7051179425875,GOOD PETITE SKINNY JEANS,Good Skinny,41029555880019,197217355136
3017,GPSK873T-B224-26,7051179425875,GOOD PETITE SKINNY JEANS,Good Skinny,41029555912787,197217355143
3018,GPSK873T-B224-28,7051179425875,GOOD PETITE SKINNY JEANS,Good Skinny,41029555945555,197217355150
3019,GPSK873T-B224-30,7051179425875,GOOD PETITE SKINNY JEANS,Good Skinny,41029555978323,197217355167
3020,GPSK873T-B224-32,7051179425875,GOOD PETITE SKINNY JEANS,Good Skinny,41243701280851,197217355174
1174,GPSK941ET-B866-00,6946544582739,GOOD PETITE SKINNY JEANS,Good Skinny,42566620250195,197217066452
1175,GPSK941ET-B866-0,6946544582739,GOOD PETITE SKINNY JEANS,Good Skinny,42566620151891,197217066315
1176,GPSK941ET-B866-2,6946544582739,GOOD PETITE SKINNY JEANS,Good Skinny,42566620217427,197217066322
1177,GPSK941ET-B866-4,6946544582739,GOOD PETITE SKINNY JEANS,Good Skinny,42566620512339,197217066339
1178,GPSK941ET-B866-6,6946544582739,GOOD PETITE SKINNY JEANS,Good Skinny,42566620545107,197217066346
1179,GPSK941ET-B866-8,6946544582739,GOOD PETITE SKINNY JEANS,Good Skinny,42566620610643,197217066353
1180,GPSK941ET-B866-10,6946544582739,GOOD PETITE SKINNY JEANS,Good Skinny,42566620381267,197217066360
1181,GPSK941ET-B866-12,6946544582739,GOOD PETITE SKINNY JEANS,Good Skinny,42566620282963,197217066377
1182,GPSK941ET-B866-14,6946544582739,GOOD PETITE SKINNY JEANS,Good Skinny,42566620479571,197217066384
1183,GPSK941ET-B866-15,6946544582739,GOOD PETITE SKINNY JEANS,Good Skinny,42566620643411,197217066469
1184,GPSK941ET-B866-16,6946544582739,GOOD PETITE SKINNY JEANS,Good Skinny,42566620414035,197217066391
1185,GPSK941ET-B866-18,6946544582739,GOOD PETITE SKINNY JEANS,Good Skinny,42566620348499,197217066407
1186,GPSK941ET-B866-20,6946544582739,GOOD PETITE SKINNY JEANS,Good Skinny,42566620446803,197217066414
1187,GPSK941ET-B866-22,6946544582739,GOOD PETITE SKINNY JEANS,Good Skinny,42566620184659,197217066421
1188,GPSK941ET-B866-24,6946544582739,GOOD PETITE SKINNY JEANS,Good Skinny,42566620577875,197217066438
1189,GPSK941ET-B866-26,6946544582739,GOOD PETITE SKINNY JEANS,Good Skinny,42566620315731,197217066445
1190,GPSK941ET-B866-28,6946544582739,GOOD PETITE SKINNY JEANS,Good Skinny,42566620676179,197217080229
1191,GPSK941ET-B866-30,6946544582739,GOOD PETITE SKINNY JEANS,Good Skinny,42566620708947,197217081400
1192,GPSK941ET-B866-32,6946544582739,GOOD PETITE SKINNY JEANS,Good Skinny,41211181400147,197217353460
1337,GPSK47SBTE-K001-00,7049478307923,GOOD PETITE SKINNY NEVER FADE JEANS,Good Skinny,41025853161555,197217320660
1338,GPSK47SBTE-K001-0,7049478307923,GOOD PETITE SKINNY NEVER FADE JEANS,Good Skinny,41025853194323,197217320653
1339,GPSK47SBTE-K001-2,7049478307923,GOOD PETITE SKINNY NEVER FADE JEANS,Good Skinny,41025853227091,197217320738
1340,GPSK47SBTE-K001-4,7049478307923,GOOD PETITE SKINNY NEVER FADE JEANS,Good Skinny,41025853259859,197217320813
1341,GPSK47SBTE-K001-6,7049478307923,GOOD PETITE SKINNY NEVER FADE JEANS,Good Skinny,41025853292627,197217320820
1342,GPSK47SBTE-K001-8,7049478307923,GOOD PETITE SKINNY NEVER FADE JEANS,Good Skinny,41025853325395,197217320837
1343,GPSK47SBTE-K001-10,7049478307923,GOOD PETITE SKINNY NEVER FADE JEANS,Good Skinny,41025853358163,197217320677
1344,GPSK47SBTE-K001-12,7049478307923,GOOD PETITE SKINNY NEVER FADE JEANS,Good Skinny,41025853390931,197217320684
1345,GPSK47SBTE-K001-14,7049478307923,GOOD PETITE SKINNY NEVER FADE JEANS,Good Skinny,41025853423699,197217320691
1346,GPSK47SBTE-K001-15,7049478307923,GOOD PETITE SKINNY NEVER FADE JEANS,Good Skinny,41025853456467,197217320707
1347,GPSK47SBTE-K001-16,7049478307923,GOOD PETITE SKINNY NEVER FADE JEANS,Good Skinny,41025853489235,197217320714
1348,GPSK47SBTE-K001-18,7049478307923,GOOD PETITE SKINNY NEVER FADE JEANS,Good Skinny,41025853522003,197217320721
1349,GPSK47SBTE-K001-20,7049478307923,GOOD PETITE SKINNY NEVER FADE JEANS,Good Skinny,41025853554771,197217320745
1350,GPSK47SBTE-K001-22,7049478307923,GOOD PETITE SKINNY NEVER FADE JEANS,Good Skinny,41025853587539,197217320752
1351,GPSK47SBTE-K001-24,7049478307923,GOOD PETITE SKINNY NEVER FADE JEANS,Good Skinny,41025853620307,197217320769
1352,GPSK47SBTE-K001-26,7049478307923,GOOD PETITE SKINNY NEVER FADE JEANS,Good Skinny,41025853653075,197217320776
1353,GPSK47SBTE-K001-28,7049478307923,GOOD PETITE SKINNY NEVER FADE JEANS,Good Skinny,41025853685843,197217320783
1354,GPSK47SBTE-K001-30,7049478307923,GOOD PETITE SKINNY NEVER FADE JEANS,Good Skinny,41025853718611,197217320790
1355,GPSK47SBTE-K001-32,7049478307923,GOOD PETITE SKINNY NEVER FADE JEANS,Good Skinny,41025853751379,197217320806
2417,GPST014TE-I254-00,7423208292435,GOOD PETITE STRAIGHT COMPRESSION JEANS,Good Straight,42102239330387,197217690763
2418,GPST014TE-I254-0,7423208292435,GOOD PETITE STRAIGHT COMPRESSION JEANS,Good Straight,42100270727251,197217690756
2419,GPST014TE-I254-2,7423208292435,GOOD PETITE STRAIGHT COMPRESSION JEANS,Good Straight,42102239297619,197217690831
2420,GPST014TE-I254-4,7423208292435,GOOD PETITE STRAIGHT COMPRESSION JEANS,Good Straight,42100270661715,197217690916
2421,GPST014TE-I254-6,7423208292435,GOOD PETITE STRAIGHT COMPRESSION JEANS,Good Straight,42102239232083,197217690923
2422,GPST014TE-I254-8,7423208292435,GOOD PETITE STRAIGHT COMPRESSION JEANS,Good Straight,42100270628947,197217690930
2423,GPST014TE-I254-10,7423208292435,GOOD PETITE STRAIGHT COMPRESSION JEANS,Good Straight,42102239166547,197217690770
2424,GPST014TE-I254-12,7423208292435,GOOD PETITE STRAIGHT COMPRESSION JEANS,Good Straight,42100270596179,197217690787
2425,GPST014TE-I254-14,7423208292435,GOOD PETITE STRAIGHT COMPRESSION JEANS,Good Straight,42102239133779,197217690794
2426,GPST014TE-I254-15,7423208292435,GOOD PETITE STRAIGHT COMPRESSION JEANS,Good Straight,42102239363155,197217690800
2427,GPST014TE-I254-16,7423208292435,GOOD PETITE STRAIGHT COMPRESSION JEANS,Good Straight,42102239101011,197217690817
2428,GPST014TE-I254-18,7423208292435,GOOD PETITE STRAIGHT COMPRESSION JEANS,Good Straight,42102238904403,197217690824
2429,GPST014TE-I254-20,7423208292435,GOOD PETITE STRAIGHT COMPRESSION JEANS,Good Straight,42102239068243,197217690848
2430,GPST014TE-I254-22,7423208292435,GOOD PETITE STRAIGHT COMPRESSION JEANS,Good Straight,42102238969939,197217690855
2431,GPST014TE-I254-24,7423208292435,GOOD PETITE STRAIGHT COMPRESSION JEANS,Good Straight,42102239035475,197217690862
2432,GPST014TE-I254-26,7423208292435,GOOD PETITE STRAIGHT COMPRESSION JEANS,Good Straight,42102239002707,197217690879
2433,GPST014TE-I254-28,7423208292435,GOOD PETITE STRAIGHT COMPRESSION JEANS,Good Straight,42102239264851,197217690886
2434,GPST014TE-I254-30,7423208292435,GOOD PETITE STRAIGHT COMPRESSION JEANS,Good Straight,42100270694483,197217690893
2435,GPST014TE-I254-32,7423208292435,GOOD PETITE STRAIGHT COMPRESSION JEANS,Good Straight,42102239199315,197217690909
610,GPST873T-B004-00,7051186339923,GOOD PETITE STRAIGHT JEANS,Good Straight,41029579833427,197217354467
611,GPST873T-B004-0,7051186339923,GOOD PETITE STRAIGHT JEANS,Good Straight,41029579866195,197217354450
612,GPST873T-B004-2,7051186339923,GOOD PETITE STRAIGHT JEANS,Good Straight,41029579898963,197217354535
613,GPST873T-B004-4,7051186339923,GOOD PETITE STRAIGHT JEANS,Good Straight,41029579931731,197217354610
614,GPST873T-B004-6,7051186339923,GOOD PETITE STRAIGHT JEANS,Good Straight,41029579964499,197217354627
615,GPST873T-B004-8,7051186339923,GOOD PETITE STRAIGHT JEANS,Good Straight,41029579997267,197217354634
616,GPST873T-B004-10,7051186339923,GOOD PETITE STRAIGHT JEANS,Good Straight,41029580030035,197217354474
617,GPST873T-B004-12,7051186339923,GOOD PETITE STRAIGHT JEANS,Good Straight,41029580062803,197217354481
618,GPST873T-B004-14,7051186339923,GOOD PETITE STRAIGHT JEANS,Good Straight,41029580095571,197217354498
619,GPST873T-B004-15,7051186339923,GOOD PETITE STRAIGHT JEANS,Good Straight,41029580128339,197217354504
620,GPST873T-B004-16,7051186339923,GOOD PETITE STRAIGHT JEANS,Good Straight,41029580161107,197217354511
621,GPST873T-B004-18,7051186339923,GOOD PETITE STRAIGHT JEANS,Good Straight,41029580193875,197217354528
622,GPST873T-B004-20,7051186339923,GOOD PETITE STRAIGHT JEANS,Good Straight,41029580226643,197217354542
623,GPST873T-B004-22,7051186339923,GOOD PETITE STRAIGHT JEANS,Good Straight,41029580259411,197217354559
624,GPST873T-B004-24,7051186339923,GOOD PETITE STRAIGHT JEANS,Good Straight,41029580292179,197217354566
625,GPST873T-B004-26,7051186339923,GOOD PETITE STRAIGHT JEANS,Good Straight,41029580324947,197217354573
626,GPST873T-B004-28,7051186339923,GOOD PETITE STRAIGHT JEANS,Good Straight,41029580357715,197217354580
627,GPST873T-B004-30,7051186339923,GOOD PETITE STRAIGHT JEANS,Good Straight,41029580390483,197217354597
628,GPST873T-B004-32,7051186339923,GOOD PETITE STRAIGHT JEANS,Good Straight,41029580423251,197217354603
154690,GPST5601-I1153-00,7652519968851,GOOD PETITE STRAIGHT JEANS,Good Straight,42904386207827,197217947430
154691,GPST5601-I1153-0,7652519968851,GOOD PETITE STRAIGHT JEANS,Good Straight,42904386371667,197217947423
154692,GPST5601-I1153-2,7652519968851,GOOD PETITE STRAIGHT JEANS,Good Straight,42904386240595,197217947508
154693,GPST5601-I1153-4,7652519968851,GOOD PETITE STRAIGHT JEANS,Good Straight,42904386404435,197217947584
154694,GPST5601-I1153-6,7652519968851,GOOD PETITE STRAIGHT JEANS,Good Straight,42904386273363,197217947591
154695,GPST5601-I1153-8,7652519968851,GOOD PETITE STRAIGHT JEANS,Good Straight,42904386437203,197217947607
154696,GPST5601-I1153-10,7652519968851,GOOD PETITE STRAIGHT JEANS,Good Straight,42904386306131,197217947447
154697,GPST5601-I1153-12,7652519968851,GOOD PETITE STRAIGHT JEANS,Good Straight,42904386633811,197217947454
154698,GPST5601-I1153-14,7652519968851,GOOD PETITE STRAIGHT JEANS,Good Straight,42904386338899,197217947461
154699,GPST5601-I1153-15,7652519968851,GOOD PETITE STRAIGHT JEANS,Good Straight,42904386666579,197217947478
154700,GPST5601-I1153-16,7652519968851,GOOD PETITE STRAIGHT JEANS,Good Straight,42904386469971,197217947485
154701,GPST5601-I1153-18,7652519968851,GOOD PETITE STRAIGHT JEANS,Good Straight,42904386699347,197217947492
154702,GPST5601-I1153-20,7652519968851,GOOD PETITE STRAIGHT JEANS,Good Straight,42904386502739,197217947515
154703,GPST5601-I1153-22,7652519968851,GOOD PETITE STRAIGHT JEANS,Good Straight,42904386732115,197217947522
154704,GPST5601-I1153-24,7652519968851,GOOD PETITE STRAIGHT JEANS,Good Straight,42904386535507,197217947539
154705,GPST5601-I1153-26,7652519968851,GOOD PETITE STRAIGHT JEANS,Good Straight,42904386764883,197217947546
154706,GPST5601-I1153-28,7652519968851,GOOD PETITE STRAIGHT JEANS,Good Straight,42904386568275,197217947553
154707,GPST5601-I1153-30,7652519968851,GOOD PETITE STRAIGHT JEANS,Good Straight,42904386175059,197217947560
154708,GPST5601-I1153-32,7652519968851,GOOD PETITE STRAIGHT JEANS,Good Straight,42904386601043,197217947577
1925,GPSCHD15T-I943-00,7454718754899,GOOD PETITE STRAIGHT JEANS,Good Straight,42225514119251,197217740543
1926,GPSCHD15T-I943-0,7454718754899,GOOD PETITE STRAIGHT JEANS,Good Straight,42225514217555,197217740536
1927,GPSCHD15T-I943-2,7454718754899,GOOD PETITE STRAIGHT JEANS,Good Straight,42225514086483,197217740611
1928,GPSCHD15T-I943-4,7454718754899,GOOD PETITE STRAIGHT JEANS,Good Straight,42225514250323,197217740697
1929,GPSCHD15T-I943-6,7454718754899,GOOD PETITE STRAIGHT JEANS,Good Straight,42225514479699,197217740703
1930,GPSCHD15T-I943-8,7454718754899,GOOD PETITE STRAIGHT JEANS,Good Straight,42225514020947,197217740710
1931,GPSCHD15T-I943-10,7454718754899,GOOD PETITE STRAIGHT JEANS,Good Straight,42225514446931,197217740550
1932,GPSCHD15T-I943-12,7454718754899,GOOD PETITE STRAIGHT JEANS,Good Straight,42225513988179,197217740567
1933,GPSCHD15T-I943-14,7454718754899,GOOD PETITE STRAIGHT JEANS,Good Straight,42225514414163,197217740574
1934,GPSCHD15T-I943-15,7454718754899,GOOD PETITE STRAIGHT JEANS,Good Straight,42225513955411,197217740581
1935,GPSCHD15T-I943-16,7454718754899,GOOD PETITE STRAIGHT JEANS,Good Straight,42225514381395,197217740598
1936,GPSCHD15T-I943-18,7454718754899,GOOD PETITE STRAIGHT JEANS,Good Straight,42225514184787,197217740604
1937,GPSCHD15T-I943-20,7454718754899,GOOD PETITE STRAIGHT JEANS,Good Straight,42225514348627,197217740628
1938,GPSCHD15T-I943-22,7454718754899,GOOD PETITE STRAIGHT JEANS,Good Straight,42225514152019,197217740635
1939,GPSCHD15T-I943-24,7454718754899,GOOD PETITE STRAIGHT JEANS,Good Straight,42225514315859,197217740642
1940,GPSCHD15T-I943-26,7454718754899,GOOD PETITE STRAIGHT JEANS,Good Straight,42225514545235,197217740659
1941,GPSCHD15T-I943-28,7454718754899,GOOD PETITE STRAIGHT JEANS,Good Straight,42225514283091,197217740666
1942,GPSCHD15T-I943-30,7454718754899,GOOD PETITE STRAIGHT JEANS,Good Straight,42225514512467,197217740673
1943,GPSCHD15T-I943-32,7454718754899,GOOD PETITE STRAIGHT JEANS,Good Straight,42225514053715,197217740680
1375,GPST47SBTPK-K001-00,7426031681619,NEVER FADES GOOD PETITE STRAIGHT JEANS,Good Straight,42112551223379,197217614608
1376,GPST47SBTPK-K001-0,7426031681619,NEVER FADES GOOD PETITE STRAIGHT JEANS,Good Straight,42112551551059,197217614592
1377,GPST47SBTPK-K001-2,7426031681619,NEVER FADES GOOD PETITE STRAIGHT JEANS,Good Straight,42113948352595,197217614677
1378,GPST47SBTPK-K001-4,7426031681619,NEVER FADES GOOD PETITE STRAIGHT JEANS,Good Straight,42112551583827,197217614752
1379,GPST47SBTPK-K001-6,7426031681619,NEVER FADES GOOD PETITE STRAIGHT JEANS,Good Straight,42112551288915,197217614769
1380,GPST47SBTPK-K001-8,7426031681619,NEVER FADES GOOD PETITE STRAIGHT JEANS,Good Straight,42112551092307,197217614776
1381,GPST47SBTPK-K001-10,7426031681619,NEVER FADES GOOD PETITE STRAIGHT JEANS,Good Straight,42112551321683,197217614615
1382,GPST47SBTPK-K001-12,7426031681619,NEVER FADES GOOD PETITE STRAIGHT JEANS,Good Straight,42112551125075,197217614622
1383,GPST47SBTPK-K001-14,7426031681619,NEVER FADES GOOD PETITE STRAIGHT JEANS,Good Straight,42112551354451,197217614639
1384,GPST47SBTPK-K001-15,7426031681619,NEVER FADES GOOD PETITE STRAIGHT JEANS,Good Straight,42112551157843,197217614646
1385,GPST47SBTPK-K001-16,7426031681619,NEVER FADES GOOD PETITE STRAIGHT JEANS,Good Straight,42112551387219,197217614653
1386,GPST47SBTPK-K001-18,7426031681619,NEVER FADES GOOD PETITE STRAIGHT JEANS,Good Straight,42112551190611,197217614660
1387,GPST47SBTPK-K001-20,7426031681619,NEVER FADES GOOD PETITE STRAIGHT JEANS,Good Straight,42112551419987,197217614684
1388,GPST47SBTPK-K001-22,7426031681619,NEVER FADES GOOD PETITE STRAIGHT JEANS,Good Straight,42113948287059,197217614691
1389,GPST47SBTPK-K001-24,7426031681619,NEVER FADES GOOD PETITE STRAIGHT JEANS,Good Straight,42112551452755,197217614707
1390,GPST47SBTPK-K001-26,7426031681619,NEVER FADES GOOD PETITE STRAIGHT JEANS,Good Straight,42113948319827,197217614714
1391,GPST47SBTPK-K001-28,7426031681619,NEVER FADES GOOD PETITE STRAIGHT JEANS,Good Straight,42112551485523,197217614721
1392,GPST47SBTPK-K001-30,7426031681619,NEVER FADES GOOD PETITE STRAIGHT JEANS,Good Straight,42112551256147,197217614738
1393,GPST47SBTPK-K001-32,7426031681619,NEVER FADES GOOD PETITE STRAIGHT JEANS,Good Straight,42112551518291,197217614745
143197,GPSTSP941T-B449-00,7155464437843,GOOD PETITE STRAIGHT JEANS,Good Straight,41379853271123,197217478316
143198,GPSTSP941T-B449-0,7155464437843,GOOD PETITE STRAIGHT JEANS,Good Straight,41379853303891,197217478309
143199,GPSTSP941T-B449-2,7155464437843,GOOD PETITE STRAIGHT JEANS,Good Straight,41379853336659,197217478385
143200,GPSTSP941T-B449-4,7155464437843,GOOD PETITE STRAIGHT JEANS,Good Straight,41379853369427,197217478460
143201,GPSTSP941T-B449-6,7155464437843,GOOD PETITE STRAIGHT JEANS,Good Straight,41379853402195,197217478477
143202,GPSTSP941T-B449-8,7155464437843,GOOD PETITE STRAIGHT JEANS,Good Straight,41379853434963,197217478484
143203,GPSTSP941T-B449-10,7155464437843,GOOD PETITE STRAIGHT JEANS,Good Straight,41379853467731,197217478323
143204,GPSTSP941T-B449-12,7155464437843,GOOD PETITE STRAIGHT JEANS,Good Straight,41379853500499,197217478330
143205,GPSTSP941T-B449-14,7155464437843,GOOD PETITE STRAIGHT JEANS,Good Straight,41379853533267,197217478347
143206,GPSTSP941T-B449-15,7155464437843,GOOD PETITE STRAIGHT JEANS,Good Straight,41379853566035,197217478354
143207,GPSTSP941T-B449-16,7155464437843,GOOD PETITE STRAIGHT JEANS,Good Straight,41379853598803,197217478361
143208,GPSTSP941T-B449-18,7155464437843,GOOD PETITE STRAIGHT JEANS,Good Straight,41379853631571,197217478378
143209,GPSTSP941T-B449-20,7155464437843,GOOD PETITE STRAIGHT JEANS,Good Straight,41379853664339,197217478392
143210,GPSTSP941T-B449-22,7155464437843,GOOD PETITE STRAIGHT JEANS,Good Straight,41379853697107,197217478408
143211,GPSTSP941T-B449-24,7155464437843,GOOD PETITE STRAIGHT JEANS,Good Straight,41379853729875,197217478415
143212,GPSTSP941T-B449-26,7155464437843,GOOD PETITE STRAIGHT JEANS,Good Straight,41379853762643,197217478422
143213,GPSTSP941T-B449-28,7155464437843,GOOD PETITE STRAIGHT JEANS,Good Straight,41379853795411,197217478439
143214,GPSTSP941T-B449-30,7155464437843,GOOD PETITE STRAIGHT JEANS,Good Straight,41379853828179,197217478446
143215,GPSTSP941T-B449-32,7155464437843,GOOD PETITE STRAIGHT JEANS,Good Straight,41379853860947,197217478453
153461,GVSECRU235P-EC01-00,7655723630675,VINTAGE STRAIGHT ANKLE,Vintage Straight Ankle,42921771532371,197217953004
153462,GVSECRU235P-EC01-0,7655723630675,VINTAGE STRAIGHT ANKLE,Vintage Straight Ankle,42921596452947,197217952991
153463,GVSECRU235P-EC01-2,7655723630675,VINTAGE STRAIGHT ANKLE,Vintage Straight Ankle,42921771499603,197217953073
153464,GVSECRU235P-EC01-4,7655723630675,VINTAGE STRAIGHT ANKLE,Vintage Straight Ankle,42921771171923,197217953158
153465,GVSECRU235P-EC01-6,7655723630675,VINTAGE STRAIGHT ANKLE,Vintage Straight Ankle,42921771466835,197217953165
153466,GVSECRU235P-EC01-8,7655723630675,VINTAGE STRAIGHT ANKLE,Vintage Straight Ankle,42921771204691,197217953172
153467,GVSECRU235P-EC01-10,7655723630675,VINTAGE STRAIGHT ANKLE,Vintage Straight Ankle,42921771434067,197217953011
153468,GVSECRU235P-EC01-12,7655723630675,VINTAGE STRAIGHT ANKLE,Vintage Straight Ankle,42921771728979,197217953028
153469,GVSECRU235P-EC01-14,7655723630675,VINTAGE STRAIGHT ANKLE,Vintage Straight Ankle,42921771401299,197217953035
153470,GVSECRU235P-EC01-15,7655723630675,VINTAGE STRAIGHT ANKLE,Vintage Straight Ankle,42921771696211,197217953042
153471,GVSECRU235P-EC01-16,7655723630675,VINTAGE STRAIGHT ANKLE,Vintage Straight Ankle,42921771368531,197217953059
153472,GVSECRU235P-EC01-18,7655723630675,VINTAGE STRAIGHT ANKLE,Vintage Straight Ankle,42921771663443,197217953066
153473,GVSECRU235P-EC01-20,7655723630675,VINTAGE STRAIGHT ANKLE,Vintage Straight Ankle,42921771335763,197217953080
153474,GVSECRU235P-EC01-22,7655723630675,VINTAGE STRAIGHT ANKLE,Vintage Straight Ankle,42921771630675,197217953097
153475,GVSECRU235P-EC01-24,7655723630675,VINTAGE STRAIGHT ANKLE,Vintage Straight Ankle,42921771302995,197217953103
153476,GVSECRU235P-EC01-26,7655723630675,VINTAGE STRAIGHT ANKLE,Vintage Straight Ankle,42921771597907,197217953110
153477,GVSECRU235P-EC01-28,7655723630675,VINTAGE STRAIGHT ANKLE,Vintage Straight Ankle,42921771270227,197217953127
153478,GVSECRU235P-EC01-30,7655723630675,VINTAGE STRAIGHT ANKLE,Vintage Straight Ankle,42921771565139,197217953134
153479,GVSECRU235P-EC01-32,7655723630675,VINTAGE STRAIGHT ANKLE,Vintage Straight Ankle,42921771237459,197217953141
149821,GSKAC220T-I860-00,7423543476307,SOFT TECH GOOD SKATE WIDE CROPPED JEANS,Good Skate Wide Crop,42102240968787,197217687954
149822,GSKAC220T-I860-0,7423543476307,SOFT TECH GOOD SKATE WIDE CROPPED JEANS,Good Skate Wide Crop,42102240837715,197217687947
149823,GSKAC220T-I860-2,7423543476307,SOFT TECH GOOD SKATE WIDE CROPPED JEANS,Good Skate Wide Crop,42102241001555,197217688029
149824,GSKAC220T-I860-4,7423543476307,SOFT TECH GOOD SKATE WIDE CROPPED JEANS,Good Skate Wide Crop,42102241263699,197217688104
149825,GSKAC220T-I860-6,7423543476307,SOFT TECH GOOD SKATE WIDE CROPPED JEANS,Good Skate Wide Crop,42102241165395,197217688111
149826,GSKAC220T-I860-8,7423543476307,SOFT TECH GOOD SKATE WIDE CROPPED JEANS,Good Skate Wide Crop,42102240772179,197217688128
149827,GSKAC220T-I860-10,7423543476307,SOFT TECH GOOD SKATE WIDE CROPPED JEANS,Good Skate Wide Crop,42102241198163,197217687961
149828,GSKAC220T-I860-12,7423543476307,SOFT TECH GOOD SKATE WIDE CROPPED JEANS,Good Skate Wide Crop,42102240804947,197217687978
149829,GSKAC220T-I860-14,7423543476307,SOFT TECH GOOD SKATE WIDE CROPPED JEANS,Good Skate Wide Crop,42102241230931,197217687985
149830,GSKAC220T-I860-15,7423543476307,SOFT TECH GOOD SKATE WIDE CROPPED JEANS,Good Skate Wide Crop,42102241034323,197217687992
149831,GSKAC220T-I860-16,7423543476307,SOFT TECH GOOD SKATE WIDE CROPPED JEANS,Good Skate Wide Crop,42102240739411,197217688005
149832,GSKAC220T-I860-18,7423543476307,SOFT TECH GOOD SKATE WIDE CROPPED JEANS,Good Skate Wide Crop,42102240936019,197217688012
149833,GSKAC220T-I860-20,7423543476307,SOFT TECH GOOD SKATE WIDE CROPPED JEANS,Good Skate Wide Crop,42102240706643,197217688036
149834,GSKAC220T-I860-22,7423543476307,SOFT TECH GOOD SKATE WIDE CROPPED JEANS,Good Skate Wide Crop,42102240903251,197217688043
149835,GSKAC220T-I860-24,7423543476307,SOFT TECH GOOD SKATE WIDE CROPPED JEANS,Good Skate Wide Crop,42102241132627,197217688050
149836,GSKAC220T-I860-26,7423543476307,SOFT TECH GOOD SKATE WIDE CROPPED JEANS,Good Skate Wide Crop,42101153267795,197217688067
149837,GSKAC220T-I860-28,7423543476307,SOFT TECH GOOD SKATE WIDE CROPPED JEANS,Good Skate Wide Crop,42102241099859,197217688074
149838,GSKAC220T-I860-30,7423543476307,SOFT TECH GOOD SKATE WIDE CROPPED JEANS,Good Skate Wide Crop,42102240870483,197217688081
149839,GSKAC220T-I860-32,7423543476307,SOFT TECH GOOD SKATE WIDE CROPPED JEANS,Good Skate Wide Crop,42102241067091,197217688098
2617,GSKAC802T-I978-00,7412345682978,GOOD SKATE WIDE CROPPED JEANS,Good Skate Wide Crop,42102200000001,197217680001
2618,GSKAC802T-I978-0,7412345682978,GOOD SKATE WIDE CROPPED JEANS,Good Skate Wide Crop,42102200000002,197217680002
2619,GSKAC802T-I978-2,7412345682978,GOOD SKATE WIDE CROPPED JEANS,Good Skate Wide Crop,42102200000003,197217680003
2620,GSKAC802T-I978-4,7412345682978,GOOD SKATE WIDE CROPPED JEANS,Good Skate Wide Crop,42102200000004,197217680004
2621,GSKAC802T-I978-6,7412345682978,GOOD SKATE WIDE CROPPED JEANS,Good Skate Wide Crop,42102200000005,197217680005
2622,GSKAC802T-I978-8,7412345682978,GOOD SKATE WIDE CROPPED JEANS,Good Skate Wide Crop,42102200000006,197217680006
2623,GSKAC802T-I978-10,7412345682978,GOOD SKATE WIDE CROPPED JEANS,Good Skate Wide Crop,42102200000007,197217680007
2624,GSKAC802T-I978-12,7412345682978,GOOD SKATE WIDE CROPPED JEANS,Good Skate Wide Crop,42102200000008,197217680008
2625,GSKAC802T-I978-14,7412345682978,GOOD SKATE WIDE CROPPED JEANS,Good Skate Wide Crop,42102200000009,197217680009
2626,GSKAC802T-I978-15,7412345682978,GOOD SKATE WIDE CROPPED JEANS,Good Skate Wide Crop,42102200000010,197217680010
2627,GSKAC802T-I978-16,7412345682978,GOOD SKATE WIDE CROPPED JEANS,Good Skate Wide Crop,42102200000011,197217680011
2628,GSKAC802T-I978-18,7412345682978,GOOD SKATE WIDE CROPPED JEANS,Good Skate Wide Crop,42102200000012,197217680012
2629,GSKAC802T-I978-20,7412345682978,GOOD SKATE WIDE CROPPED JEANS,Good Skate Wide Crop,42102200000013,197217680013
2630,GSKAC802T-I978-22,7412345682978,GOOD SKATE WIDE CROPPED JEANS,Good Skate Wide Crop,42102200000014,197217680014
2631,GSKAC802T-I978-24,7412345682978,GOOD SKATE WIDE CROPPED JEANS,Good Skate Wide Crop,42102200000015,197217680015
2632,GSKAC802T-I978-26,7412345682978,GOOD SKATE WIDE CROPPED JEANS,Good Skate Wide Crop,42102200000016,197217680016
2633,GSKAC802T-I978-28,7412345682978,GOOD SKATE WIDE CROPPED JEANS,Good Skate Wide Crop,42102200000017,197217680017
2634,GSKAC802T-I978-30,7412345682978,GOOD SKATE WIDE CROPPED JEANS,Good Skate Wide Crop,42102200000018,197217680018
2635,GSKAC802T-I978-32,7412345682978,GOOD SKATE WIDE CROPPED JEANS,Good Skate Wide Crop,42102200000019,197217680019
143121,GSKAC384B001-K407-00,7509324955731,GOOD SKATE CROPPED WIDE JEANS,Good Skate Wide Crop,42414981283923,197217793808
143122,GSKAC384B001-K407-0,7509324955731,GOOD SKATE CROPPED WIDE JEANS,Good Skate Wide Crop,42414981447763,197217793792
143123,GSKAC384B001-K407-2,7509324955731,GOOD SKATE CROPPED WIDE JEANS,Good Skate Wide Crop,42414981611603,197217793877
143124,GSKAC384B001-K407-4,7509324955731,GOOD SKATE CROPPED WIDE JEANS,Good Skate Wide Crop,42414981414995,197217793952
143125,GSKAC384B001-K407-6,7509324955731,GOOD SKATE CROPPED WIDE JEANS,Good Skate Wide Crop,42414981546067,197217793969
143126,GSKAC384B001-K407-8,7509324955731,GOOD SKATE CROPPED WIDE JEANS,Good Skate Wide Crop,42414981677139,197217793976
143127,GSKAC384B001-K407-10,7509324955731,GOOD SKATE CROPPED WIDE JEANS,Good Skate Wide Crop,42414981578835,197217793815
143128,GSKAC384B001-K407-12,7509324955731,GOOD SKATE CROPPED WIDE JEANS,Good Skate Wide Crop,42414981644371,197217793822
143129,GSKAC384B001-K407-14,7509324955731,GOOD SKATE CROPPED WIDE JEANS,Good Skate Wide Crop,42414981709907,197217793839
143130,GSKAC384B001-K407-15,7509324955731,GOOD SKATE CROPPED WIDE JEANS,Good Skate Wide Crop,42414981513299,197217793846
143131,GSKAC384B001-K407-16,7509324955731,GOOD SKATE CROPPED WIDE JEANS,Good Skate Wide Crop,42414981742675,197217793853
143132,GSKAC384B001-K407-18,7509324955731,GOOD SKATE CROPPED WIDE JEANS,Good Skate Wide Crop,42414981480531,197217793860
143133,GSKAC384B001-K407-20,7509324955731,GOOD SKATE CROPPED WIDE JEANS,Good Skate Wide Crop,42414981775443,197217793884
143134,GSKAC384B001-K407-22,7509324955731,GOOD SKATE CROPPED WIDE JEANS,Good Skate Wide Crop,42414981382227,197217793891
143135,GSKAC384B001-K407-24,7509324955731,GOOD SKATE CROPPED WIDE JEANS,Good Skate Wide Crop,42414981808211,197217793907
143136,GSKAC384B001-K407-26,7509324955731,GOOD SKATE CROPPED WIDE JEANS,Good Skate Wide Crop,42414981349459,197217793914
143137,GSKAC384B001-K407-28,7509324955731,GOOD SKATE CROPPED WIDE JEANS,Good Skate Wide Crop,42414981840979,197217793921
143138,GSKAC384B001-K407-30,7509324955731,GOOD SKATE CROPPED WIDE JEANS,Good Skate Wide Crop,42414981316691,197217793938
143139,GSKAC384B001-K407-32,7509324955731,GOOD SKATE CROPPED WIDE JEANS,Good Skate Wide Crop,42414981873747,197217793945
988,GSKACSE395T-I1005-00,7509326495827,GOOD SKATE CROPPED WIDE JEANS,Good Skate Wide Crop,42415000322131,197217771707
989,GSKACSE395T-I1005-0,7509326495827,GOOD SKATE CROPPED WIDE JEANS,Good Skate Wide Crop,42415000027219,197217771691
990,GSKACSE395T-I1005-2,7509326495827,GOOD SKATE CROPPED WIDE JEANS,Good Skate Wide Crop,42415000289363,197217771776
991,GSKACSE395T-I1005-4,7509326495827,GOOD SKATE CROPPED WIDE JEANS,Good Skate Wide Crop,42414999994451,197217771851
992,GSKACSE395T-I1005-6,7509326495827,GOOD SKATE CROPPED WIDE JEANS,Good Skate Wide Crop,42415000256595,197217771868
993,GSKACSE395T-I1005-8,7509326495827,GOOD SKATE CROPPED WIDE JEANS,Good Skate Wide Crop,42414999961683,197217771875
994,GSKACSE395T-I1005-10,7509326495827,GOOD SKATE CROPPED WIDE JEANS,Good Skate Wide Crop,42415000223827,197217771714
995,GSKACSE395T-I1005-12,7509326495827,GOOD SKATE CROPPED WIDE JEANS,Good Skate Wide Crop,42415000485971,197217771721
996,GSKACSE395T-I1005-14,7509326495827,GOOD SKATE CROPPED WIDE JEANS,Good Skate Wide Crop,42415000420435,197217771738
997,GSKACSE395T-I1005-15,7509326495827,GOOD SKATE CROPPED WIDE JEANS,Good Skate Wide Crop,42415000191059,197217771745
998,GSKACSE395T-I1005-16,7509326495827,GOOD SKATE CROPPED WIDE JEANS,Good Skate Wide Crop,42415000387667,197217771752
999,GSKACSE395T-I1005-18,7509326495827,GOOD SKATE CROPPED WIDE JEANS,Good Skate Wide Crop,42415000158291,197217771769
1000,GSKACSE395T-I1005-20,7509326495827,GOOD SKATE CROPPED WIDE JEANS,Good Skate Wide Crop,42415000354899,197217771783
1001,GSKACSE395T-I1005-22,7509326495827,GOOD SKATE CROPPED WIDE JEANS,Good Skate Wide Crop,42415000125523,197217771790
1002,GSKACSE395T-I1005-24,7509326495827,GOOD SKATE CROPPED WIDE JEANS,Good Skate Wide Crop,42414999896147,197217771806
1003,GSKACSE395T-I1005-26,7509326495827,GOOD SKATE CROPPED WIDE JEANS,Good Skate Wide Crop,42415000092755,197217771813
1004,GSKACSE395T-I1005-28,7509326495827,GOOD SKATE CROPPED WIDE JEANS,Good Skate Wide Crop,42414999928915,197217771820
1005,GSKACSE395T-I1005-30,7509326495827,GOOD SKATE CROPPED WIDE JEANS,Good Skate Wide Crop,42415000059987,197217771837
1006,GSKACSE395T-I1005-32,7509326495827,GOOD SKATE CROPPED WIDE JEANS,Good Skate Wide Crop,42415000453203,197217771844
152373,GSKACCH220PT-CLW1-00,7423543312467,SOFT TECH GOOD SKATE WIDE CROPPED JEANS,Good Skate Wide Crop,42101149335635,197217688142
152374,GSKACCH220PT-CLW1-0,7423543312467,SOFT TECH GOOD SKATE WIDE CROPPED JEANS,Good Skate Wide Crop,42101148909651,197217688135
152375,GSKACCH220PT-CLW1-2,7423543312467,SOFT TECH GOOD SKATE WIDE CROPPED JEANS,Good Skate Wide Crop,42101149302867,197217688210
152376,GSKACCH220PT-CLW1-4,7423543312467,SOFT TECH GOOD SKATE WIDE CROPPED JEANS,Good Skate Wide Crop,42101148876883,197217688296
152377,GSKACCH220PT-CLW1-6,7423543312467,SOFT TECH GOOD SKATE WIDE CROPPED JEANS,Good Skate Wide Crop,42101149270099,197217688302
152378,GSKACCH220PT-CLW1-8,7423543312467,SOFT TECH GOOD SKATE WIDE CROPPED JEANS,Good Skate Wide Crop,42101148844115,197217688319
152379,GSKACCH220PT-CLW1-10,7423543312467,SOFT TECH GOOD SKATE WIDE CROPPED JEANS,Good Skate Wide Crop,42101149237331,197217688159
152380,GSKACCH220PT-CLW1-12,7423543312467,SOFT TECH GOOD SKATE WIDE CROPPED JEANS,Good Skate Wide Crop,42101148811347,197217688166
152381,GSKACCH220PT-CLW1-14,7423543312467,SOFT TECH GOOD SKATE WIDE CROPPED JEANS,Good Skate Wide Crop,42101149204563,197217688173
152382,GSKACCH220PT-CLW1-15,7423543312467,SOFT TECH GOOD SKATE WIDE CROPPED JEANS,Good Skate Wide Crop,42101148778579,197217688180
152383,GSKACCH220PT-CLW1-16,7423543312467,SOFT TECH GOOD SKATE WIDE CROPPED JEANS,Good Skate Wide Crop,42101149171795,197217688197
152384,GSKACCH220PT-CLW1-18,7423543312467,SOFT TECH GOOD SKATE WIDE CROPPED JEANS,Good Skate Wide Crop,42101149007955,197217688203
152385,GSKACCH220PT-CLW1-20,7423543312467,SOFT TECH GOOD SKATE WIDE CROPPED JEANS,Good Skate Wide Crop,42101149139027,197217688227
152386,GSKACCH220PT-CLW1-22,7423543312467,SOFT TECH GOOD SKATE WIDE CROPPED JEANS,Good Skate Wide Crop,42101148975187,197217688234
152387,GSKACCH220PT-CLW1-24,7423543312467,SOFT TECH GOOD SKATE WIDE CROPPED JEANS,Good Skate Wide Crop,42101149106259,197217688241
152388,GSKACCH220PT-CLW1-26,7423543312467,SOFT TECH GOOD SKATE WIDE CROPPED JEANS,Good Skate Wide Crop,42101148942419,197217688258
152389,GSKACCH220PT-CLW1-28,7423543312467,SOFT TECH GOOD SKATE WIDE CROPPED JEANS,Good Skate Wide Crop,42101149073491,197217688265
152390,GSKACCH220PT-CLW1-30,7423543312467,SOFT TECH GOOD SKATE WIDE CROPPED JEANS,Good Skate Wide Crop,42101149040723,197217688272
152391,GSKACCH220PT-CLW1-32,7423543312467,SOFT TECH GOOD SKATE WIDE CROPPED JEANS,Good Skate Wide Crop,42101149368403,197217688289
4528,GFD436-K001-00,7509323087955,GOOD SKATE FAUX LEATHER PANTS,Good Skate,42414957068371,197217778027
4529,GFD436-K001-0,7509323087955,GOOD SKATE FAUX LEATHER PANTS,Good Skate,42414956773459,197217778010
4530,GFD436-K001-2,7509323087955,GOOD SKATE FAUX LEATHER PANTS,Good Skate,42414957101139,197217778096
4531,GFD436-K001-4,7509323087955,GOOD SKATE FAUX LEATHER PANTS,Good Skate,42414956806227,197217778171
4532,GFD436-K001-6,7509323087955,GOOD SKATE FAUX LEATHER PANTS,Good Skate,42414957133907,197217778188
4533,GFD436-K001-8,7509323087955,GOOD SKATE FAUX LEATHER PANTS,Good Skate,42414956838995,197217778195
4534,GFD436-K001-10,7509323087955,GOOD SKATE FAUX LEATHER PANTS,Good Skate,42414957166675,197217778034
4535,GFD436-K001-12,7509323087955,GOOD SKATE FAUX LEATHER PANTS,Good Skate,42414956871763,197217778041
4536,GFD436-K001-14,7509323087955,GOOD SKATE FAUX LEATHER PANTS,Good Skate,42414957199443,197217778058
4537,GFD436-K001-15,7509323087955,GOOD SKATE FAUX LEATHER PANTS,Good Skate,42414956904531,197217778065
4538,GFD436-K001-16,7509323087955,GOOD SKATE FAUX LEATHER PANTS,Good Skate,42414957232211,197217778072
4539,GFD436-K001-18,7509323087955,GOOD SKATE FAUX LEATHER PANTS,Good Skate,42414956937299,197217778089
4540,GFD436-K001-20,7509323087955,GOOD SKATE FAUX LEATHER PANTS,Good Skate,42414957264979,197217778102
4541,GFD436-K001-22,7509323087955,GOOD SKATE FAUX LEATHER PANTS,Good Skate,42414956970067,197217778119
4542,GFD436-K001-24,7509323087955,GOOD SKATE FAUX LEATHER PANTS,Good Skate,42414957297747,197217778126
4543,GFD436-K001-26,7509323087955,GOOD SKATE FAUX LEATHER PANTS,Good Skate,42414957002835,197217778133
4544,GFD436-K001-28,7509323087955,GOOD SKATE FAUX LEATHER PANTS,Good Skate,42414957330515,197217778140
4545,GFD436-K001-30,7509323087955,GOOD SKATE FAUX LEATHER PANTS,Good Skate,42414957035603,197217778157
4546,GFD436-K001-32,7509323087955,GOOD SKATE FAUX LEATHER PANTS,Good Skate,42414957363283,197217778164
143083,GFD441-I939-00,7509327118419,GOOD SKATE FLOCKED DENIM JEANS,Good Skate Flocked Denim,42415007072339,197217779086
143084,GFD441-I939-0,7509327118419,GOOD SKATE FLOCKED DENIM JEANS,Good Skate Flocked Denim,42415007334483,197217779079
143085,GFD441-I939-2,7509327118419,GOOD SKATE FLOCKED DENIM JEANS,Good Skate Flocked Denim,42415007105107,197217779154
143086,GFD441-I939-4,7509327118419,GOOD SKATE FLOCKED DENIM JEANS,Good Skate Flocked Denim,42415007367251,197217779239
143087,GFD441-I939-6,7509327118419,GOOD SKATE FLOCKED DENIM JEANS,Good Skate Flocked Denim,42415007137875,197217779246
143088,GFD441-I939-8,7509327118419,GOOD SKATE FLOCKED DENIM JEANS,Good Skate Flocked Denim,42415007400019,197217779253
143089,GFD441-I939-10,7509327118419,GOOD SKATE FLOCKED DENIM JEANS,Good Skate Flocked Denim,42415007170643,197217779093
143090,GFD441-I939-12,7509327118419,GOOD SKATE FLOCKED DENIM JEANS,Good Skate Flocked Denim,42415007432787,197217779109
143091,GFD441-I939-14,7509327118419,GOOD SKATE FLOCKED DENIM JEANS,Good Skate Flocked Denim,42415007203411,197217779116
143092,GFD441-I939-15,7509327118419,GOOD SKATE FLOCKED DENIM JEANS,Good Skate Flocked Denim,42415007465555,197217779123
143093,GFD441-I939-16,7509327118419,GOOD SKATE FLOCKED DENIM JEANS,Good Skate Flocked Denim,42415007236179,197217779130
143094,GFD441-I939-18,7509327118419,GOOD SKATE FLOCKED DENIM JEANS,Good Skate Flocked Denim,42415007498323,197217779147
143095,GFD441-I939-20,7509327118419,GOOD SKATE FLOCKED DENIM JEANS,Good Skate Flocked Denim,42415007268947,197217779161
143096,GFD441-I939-22,7509327118419,GOOD SKATE FLOCKED DENIM JEANS,Good Skate Flocked Denim,42415007531091,197217779178
143097,GFD441-I939-24,7509327118419,GOOD SKATE FLOCKED DENIM JEANS,Good Skate Flocked Denim,42415007301715,197217779185
143098,GFD441-I939-26,7509327118419,GOOD SKATE FLOCKED DENIM JEANS,Good Skate Flocked Denim,42415007563859,197217779192
143099,GFD441-I939-28,7509327118419,GOOD SKATE FLOCKED DENIM JEANS,Good Skate Flocked Denim,42415007006803,197217779208
143100,GFD441-I939-30,7509327118419,GOOD SKATE FLOCKED DENIM JEANS,Good Skate Flocked Denim,42415006974035,197217779215
143101,GFD441-I939-32,7509327118419,GOOD SKATE FLOCKED DENIM JEANS,Good Skate Flocked Denim,42415007039571,197217779222
2503,GSKACDVD15T-B541-00,7454718853203,GOOD SKATE WIDE CROPPED JEANS,Good Skate Wide Crop,42225516347475,197217732944
2504,GSKACDVD15T-B541-0,7454718853203,GOOD SKATE WIDE CROPPED JEANS,Good Skate Wide Crop,42225516183635,197217732937
2505,GSKACDVD15T-B541-2,7454718853203,GOOD SKATE WIDE CROPPED JEANS,Good Skate Wide Crop,42225516085331,197217733019
2506,GSKACDVD15T-B541-4,7454718853203,GOOD SKATE WIDE CROPPED JEANS,Good Skate Wide Crop,42225516216403,197217733095
2507,GSKACDVD15T-B541-6,7454718853203,GOOD SKATE WIDE CROPPED JEANS,Good Skate Wide Crop,42225516052563,197217733101
2508,GSKACDVD15T-B541-8,7454718853203,GOOD SKATE WIDE CROPPED JEANS,Good Skate Wide Crop,42225516249171,197217733118
2509,GSKACDVD15T-B541-10,7454718853203,GOOD SKATE WIDE CROPPED JEANS,Good Skate Wide Crop,42225516150867,197217732951
2510,GSKACDVD15T-B541-12,7454718853203,GOOD SKATE WIDE CROPPED JEANS,Good Skate Wide Crop,42225516281939,197217732968
2511,GSKACDVD15T-B541-14,7454718853203,GOOD SKATE WIDE CROPPED JEANS,Good Skate Wide Crop,42225516314707,197217732975
2512,GSKACDVD15T-B541-15,7454718853203,GOOD SKATE WIDE CROPPED JEANS,Good Skate Wide Crop,42225516380243,197217732982
2513,GSKACDVD15T-B541-16,7454718853203,GOOD SKATE WIDE CROPPED JEANS,Good Skate Wide Crop,42225515823187,197217732999
2514,GSKACDVD15T-B541-18,7454718853203,GOOD SKATE WIDE CROPPED JEANS,Good Skate Wide Crop,42225515855955,197217733002
2515,GSKACDVD15T-B541-20,7454718853203,GOOD SKATE WIDE CROPPED JEANS,Good Skate Wide Crop,42225515888723,197217733026
2516,GSKACDVD15T-B541-22,7454718853203,GOOD SKATE WIDE CROPPED JEANS,Good Skate Wide Crop,42225516413011,197217733033
2517,GSKACDVD15T-B541-24,7454718853203,GOOD SKATE WIDE CROPPED JEANS,Good Skate Wide Crop,42225515921491,197217733040
2518,GSKACDVD15T-B541-26,7454718853203,GOOD SKATE WIDE CROPPED JEANS,Good Skate Wide Crop,42225515954259,197217733057
2519,GSKACDVD15T-B541-28,7454718853203,GOOD SKATE WIDE CROPPED JEANS,Good Skate Wide Crop,42225515987027,197217733064
2520,GSKACDVD15T-B541-30,7454718853203,GOOD SKATE WIDE CROPPED JEANS,Good Skate Wide Crop,42225516019795,197217733071
2521,GSKACDVD15T-B541-32,7454718853203,GOOD SKATE WIDE CROPPED JEANS,Good Skate Wide Crop,42225516118099,197217733088
2793,GSKC144PT-DNE1-00,7454717968467,GOOD SKATE WIDE CROPPED JEANS,Good Skate Wide Crop,42225504714835,197217733514
2794,GSKC144PT-DNE1-0,7454717968467,GOOD SKATE WIDE CROPPED JEANS,Good Skate Wide Crop,42225505173587,197217733507
2795,GSKC144PT-DNE1-2,7454717968467,GOOD SKATE WIDE CROPPED JEANS,Good Skate Wide Crop,42225504747603,197217733583
2796,GSKC144PT-DNE1-4,7454717968467,GOOD SKATE WIDE CROPPED JEANS,Good Skate Wide Crop,42225505206355,197217733668
2797,GSKC144PT-DNE1-6,7454717968467,GOOD SKATE WIDE CROPPED JEANS,Good Skate Wide Crop,42225504911443,197217733675
2798,GSKC144PT-DNE1-8,7454717968467,GOOD SKATE WIDE CROPPED JEANS,Good Skate Wide Crop,42225504813139,197217733682
2799,GSKC144PT-DNE1-10,7454717968467,GOOD SKATE WIDE CROPPED JEANS,Good Skate Wide Crop,42225504878675,197217733521
2800,GSKC144PT-DNE1-12,7454717968467,GOOD SKATE WIDE CROPPED JEANS,Good Skate Wide Crop,42225504845907,197217733538
2801,GSKC144PT-DNE1-14,7454717968467,GOOD SKATE WIDE CROPPED JEANS,Good Skate Wide Crop,42225504780371,197217733545
2802,GSKC144PT-DNE1-15,7454717968467,GOOD SKATE WIDE CROPPED JEANS,Good Skate Wide Crop,42225505239123,197217733552
2803,GSKC144PT-DNE1-16,7454717968467,GOOD SKATE WIDE CROPPED JEANS,Good Skate Wide Crop,42225504944211,197217733569
2804,GSKC144PT-DNE1-18,7454717968467,GOOD SKATE WIDE CROPPED JEANS,Good Skate Wide Crop,42225505042515,197217733576
2805,GSKC144PT-DNE1-20,7454717968467,GOOD SKATE WIDE CROPPED JEANS,Good Skate Wide Crop,42225504976979,197217733590
2806,GSKC144PT-DNE1-22,7454717968467,GOOD SKATE WIDE CROPPED JEANS,Good Skate Wide Crop,42225505075283,197217733606
2807,GSKC144PT-DNE1-24,7454717968467,GOOD SKATE WIDE CROPPED JEANS,Good Skate Wide Crop,42225505009747,197217733613
2808,GSKC144PT-DNE1-26,7454717968467,GOOD SKATE WIDE CROPPED JEANS,Good Skate Wide Crop,42225505108051,197217733620
2809,GSKC144PT-DNE1-28,7454717968467,GOOD SKATE WIDE CROPPED JEANS,Good Skate Wide Crop,42225505271891,197217733637
2810,GSKC144PT-DNE1-30,7454717968467,GOOD SKATE WIDE CROPPED JEANS,Good Skate Wide Crop,42225505140819,197217733644
2811,GSKC144PT-DNE1-32,7454717968467,GOOD SKATE WIDE CROPPED JEANS,Good Skate Wide Crop,42225504682067,197217733651
2736,GSKAC395T-I958-00,7454717935699,GOOD SKATE WIDE CROPPED JEANS,Good Skate Wide Crop,42225504288851,197217733323
2737,GSKAC395T-I958-0,7454717935699,GOOD SKATE WIDE CROPPED JEANS,Good Skate Wide Crop,42225504616531,197217733316
2738,GSKAC395T-I958-2,7454717935699,GOOD SKATE WIDE CROPPED JEANS,Good Skate Wide Crop,42225504256083,197217733392
2739,GSKAC395T-I958-4,7454717935699,GOOD SKATE WIDE CROPPED JEANS,Good Skate Wide Crop,42225504583763,197217733477
2740,GSKAC395T-I958-6,7454717935699,GOOD SKATE WIDE CROPPED JEANS,Good Skate Wide Crop,42225504223315,197217733484
2741,GSKAC395T-I958-8,7454717935699,GOOD SKATE WIDE CROPPED JEANS,Good Skate Wide Crop,42225504550995,197217733491
2742,GSKAC395T-I958-10,7454717935699,GOOD SKATE WIDE CROPPED JEANS,Good Skate Wide Crop,42225504190547,197217733330
2743,GSKAC395T-I958-12,7454717935699,GOOD SKATE WIDE CROPPED JEANS,Good Skate Wide Crop,42225504518227,197217733347
2744,GSKAC395T-I958-14,7454717935699,GOOD SKATE WIDE CROPPED JEANS,Good Skate Wide Crop,42225504157779,197217733354
2745,GSKAC395T-I958-15,7454717935699,GOOD SKATE WIDE CROPPED JEANS,Good Skate Wide Crop,42225504485459,197217733361
2746,GSKAC395T-I958-16,7454717935699,GOOD SKATE WIDE CROPPED JEANS,Good Skate Wide Crop,42225504649299,197217733378
2747,GSKAC395T-I958-18,7454717935699,GOOD SKATE WIDE CROPPED JEANS,Good Skate Wide Crop,42225504452691,197217733385
2748,GSKAC395T-I958-20,7454717935699,GOOD SKATE WIDE CROPPED JEANS,Good Skate Wide Crop,42225504125011,197217733408
2749,GSKAC395T-I958-22,7454717935699,GOOD SKATE WIDE CROPPED JEANS,Good Skate Wide Crop,42225504354387,197217733415
2750,GSKAC395T-I958-24,7454717935699,GOOD SKATE WIDE CROPPED JEANS,Good Skate Wide Crop,42225504092243,197217733422
2751,GSKAC395T-I958-26,7454717935699,GOOD SKATE WIDE CROPPED JEANS,Good Skate Wide Crop,42225504387155,197217733439
2752,GSKAC395T-I958-28,7454717935699,GOOD SKATE WIDE CROPPED JEANS,Good Skate Wide Crop,42225504419923,197217733446
2753,GSKAC395T-I958-30,7454717935699,GOOD SKATE WIDE CROPPED JEANS,Good Skate Wide Crop,42225504059475,197217733453
2754,GSKAC395T-I958-32,7454717935699,GOOD SKATE WIDE CROPPED JEANS,Good Skate Wide Crop,42225504321619,197217733460
2831,GSKACD02T-I959-00,7454718066771,WEIGHTLESS GOOD SKATE WIDE CROPPED JEANS,Good Skate Wide Crop,42225505566803,197217733132
2832,GSKACD02T-I959-0,7454718066771,WEIGHTLESS GOOD SKATE WIDE CROPPED JEANS,Good Skate Wide Crop,42225505861715,197217733125
2833,GSKACD02T-I959-2,7454718066771,WEIGHTLESS GOOD SKATE WIDE CROPPED JEANS,Good Skate Wide Crop,42225505534035,197217733200
2834,GSKACD02T-I959-4,7454718066771,WEIGHTLESS GOOD SKATE WIDE CROPPED JEANS,Good Skate Wide Crop,42225505828947,197217733286
2835,GSKACD02T-I959-6,7454718066771,WEIGHTLESS GOOD SKATE WIDE CROPPED JEANS,Good Skate Wide Crop,42225505501267,197217733293
2836,GSKACD02T-I959-8,7454718066771,WEIGHTLESS GOOD SKATE WIDE CROPPED JEANS,Good Skate Wide Crop,42225505796179,197217733309
2837,GSKACD02T-I959-10,7454718066771,WEIGHTLESS GOOD SKATE WIDE CROPPED JEANS,Good Skate Wide Crop,42225505468499,197217733149
2838,GSKACD02T-I959-12,7454718066771,WEIGHTLESS GOOD SKATE WIDE CROPPED JEANS,Good Skate Wide Crop,42225505763411,197217733156
2839,GSKACD02T-I959-14,7454718066771,WEIGHTLESS GOOD SKATE WIDE CROPPED JEANS,Good Skate Wide Crop,42225505435731,197217733163
2840,GSKACD02T-I959-15,7454718066771,WEIGHTLESS GOOD SKATE WIDE CROPPED JEANS,Good Skate Wide Crop,42225505730643,197217733170
2841,GSKACD02T-I959-16,7454718066771,WEIGHTLESS GOOD SKATE WIDE CROPPED JEANS,Good Skate Wide Crop,42225505402963,197217733187
2842,GSKACD02T-I959-18,7454718066771,WEIGHTLESS GOOD SKATE WIDE CROPPED JEANS,Good Skate Wide Crop,42225505697875,197217733194
2843,GSKACD02T-I959-20,7454718066771,WEIGHTLESS GOOD SKATE WIDE CROPPED JEANS,Good Skate Wide Crop,42225505992787,197217733217
2844,GSKACD02T-I959-22,7454718066771,WEIGHTLESS GOOD SKATE WIDE CROPPED JEANS,Good Skate Wide Crop,42225505665107,197217733224
2845,GSKACD02T-I959-24,7454718066771,WEIGHTLESS GOOD SKATE WIDE CROPPED JEANS,Good Skate Wide Crop,42225505960019,197217733231
2846,GSKACD02T-I959-26,7454718066771,WEIGHTLESS GOOD SKATE WIDE CROPPED JEANS,Good Skate Wide Crop,42225505599571,197217733248
2847,GSKACD02T-I959-28,7454718066771,WEIGHTLESS GOOD SKATE WIDE CROPPED JEANS,Good Skate Wide Crop,42225505927251,197217733255
2848,GSKACD02T-I959-30,7454718066771,WEIGHTLESS GOOD SKATE WIDE CROPPED JEANS,Good Skate Wide Crop,42225505632339,197217733262
2849,GSKACD02T-I959-32,7454718066771,WEIGHTLESS GOOD SKATE WIDE CROPPED JEANS,Good Skate Wide Crop,42225505894483,197217733279
147765,GSKTCR024BT-K415-00,7601328554067,GOOD SKATE WIDE CRYSTAL JEANS,Good Skate Wide Crystal,42700099813459,197217887149
147766,GSKTCR024BT-K415-0,7601328554067,GOOD SKATE WIDE CRYSTAL JEANS,Good Skate Wide Crystal,42700100075603,197217887132
147767,GSKTCR024BT-K415-2,7601328554067,GOOD SKATE WIDE CRYSTAL JEANS,Good Skate Wide Crystal,42700099846227,197217887217
147768,GSKTCR024BT-K415-4,7601328554067,GOOD SKATE WIDE CRYSTAL JEANS,Good Skate Wide Crystal,42700100108371,197217887293
147769,GSKTCR024BT-K415-6,7601328554067,GOOD SKATE WIDE CRYSTAL JEANS,Good Skate Wide Crystal,42700099878995,197217887309
147770,GSKTCR024BT-K415-8,7601328554067,GOOD SKATE WIDE CRYSTAL JEANS,Good Skate Wide Crystal,42700100141139,197217887316
147771,GSKTCR024BT-K415-10,7601328554067,GOOD SKATE WIDE CRYSTAL JEANS,Good Skate Wide Crystal,42700099911763,197217887156
147772,GSKTCR024BT-K415-12,7601328554067,GOOD SKATE WIDE CRYSTAL JEANS,Good Skate Wide Crystal,42700100173907,197217887163
147773,GSKTCR024BT-K415-14,7601328554067,GOOD SKATE WIDE CRYSTAL JEANS,Good Skate Wide Crystal,42700099944531,197217887170
147774,GSKTCR024BT-K415-15,7601328554067,GOOD SKATE WIDE CRYSTAL JEANS,Good Skate Wide Crystal,42700100206675,197217887187
147775,GSKTCR024BT-K415-16,7601328554067,GOOD SKATE WIDE CRYSTAL JEANS,Good Skate Wide Crystal,42700099977299,197217887194
147776,GSKTCR024BT-K415-18,7601328554067,GOOD SKATE WIDE CRYSTAL JEANS,Good Skate Wide Crystal,42700100239443,197217887200
147777,GSKTCR024BT-K415-20,7601328554067,GOOD SKATE WIDE CRYSTAL JEANS,Good Skate Wide Crystal,42700100042835,197217887224
147778,GSKTCR024BT-K415-22,7601328554067,GOOD SKATE WIDE CRYSTAL JEANS,Good Skate Wide Crystal,42700100272211,197217887231
147779,GSKTCR024BT-K415-24,7601328554067,GOOD SKATE WIDE CRYSTAL JEANS,Good Skate Wide Crystal,42700099747923,197217887248
147780,GSKTCR024BT-K415-26,7601328554067,GOOD SKATE WIDE CRYSTAL JEANS,Good Skate Wide Crystal,42700100304979,197217887255
147781,GSKTCR024BT-K415-28,7601328554067,GOOD SKATE WIDE CRYSTAL JEANS,Good Skate Wide Crystal,42700100337747,197217887262
147782,GSKTCR024BT-K415-30,7601328554067,GOOD SKATE WIDE CRYSTAL JEANS,Good Skate Wide Crystal,42700099780691,197217887279
147783,GSKTCR024BT-K415-32,7601328554067,GOOD SKATE WIDE CRYSTAL JEANS,Good Skate Wide Crystal,42700100010067,197217887286
143159,GSKA024001-I1070-00,7509326528595,GOOD SKATE WIDE CRYSTAL JEANS,Good Skate Wide Crystal,42415000977491,197217790654
143160,GSKA024001-I1070-0,7509326528595,GOOD SKATE WIDE CRYSTAL JEANS,Good Skate Wide Crystal,42415000518739,197217790647
143161,GSKA024001-I1070-2,7509326528595,GOOD SKATE WIDE CRYSTAL JEANS,Good Skate Wide Crystal,42415001010259,197217790722
143162,GSKA024001-I1070-4,7509326528595,GOOD SKATE WIDE CRYSTAL JEANS,Good Skate Wide Crystal,42415000551507,197217790807
143163,GSKA024001-I1070-6,7509326528595,GOOD SKATE WIDE CRYSTAL JEANS,Good Skate Wide Crystal,42415001043027,197217790814
143164,GSKA024001-I1070-8,7509326528595,GOOD SKATE WIDE CRYSTAL JEANS,Good Skate Wide Crystal,42415000584275,197217790821
143165,GSKA024001-I1070-10,7509326528595,GOOD SKATE WIDE CRYSTAL JEANS,Good Skate Wide Crystal,42415001075795,197217790661
143166,GSKA024001-I1070-12,7509326528595,GOOD SKATE WIDE CRYSTAL JEANS,Good Skate Wide Crystal,42415000617043,197217790678
143167,GSKA024001-I1070-14,7509326528595,GOOD SKATE WIDE CRYSTAL JEANS,Good Skate Wide Crystal,42415001108563,197217790685
143168,GSKA024001-I1070-15,7509326528595,GOOD SKATE WIDE CRYSTAL JEANS,Good Skate Wide Crystal,42415000649811,197217790692
143169,GSKA024001-I1070-16,7509326528595,GOOD SKATE WIDE CRYSTAL JEANS,Good Skate Wide Crystal,42415000682579,197217790708
143170,GSKA024001-I1070-18,7509326528595,GOOD SKATE WIDE CRYSTAL JEANS,Good Skate Wide Crystal,42415000846419,197217790715
143171,GSKA024001-I1070-20,7509326528595,GOOD SKATE WIDE CRYSTAL JEANS,Good Skate Wide Crystal,42415000715347,197217790739
143172,GSKA024001-I1070-22,7509326528595,GOOD SKATE WIDE CRYSTAL JEANS,Good Skate Wide Crystal,42415000879187,197217790746
143173,GSKA024001-I1070-24,7509326528595,GOOD SKATE WIDE CRYSTAL JEANS,Good Skate Wide Crystal,42415000748115,197217790753
143174,GSKA024001-I1070-26,7509326528595,GOOD SKATE WIDE CRYSTAL JEANS,Good Skate Wide Crystal,42415000911955,197217790760
143175,GSKA024001-I1070-28,7509326528595,GOOD SKATE WIDE CRYSTAL JEANS,Good Skate Wide Crystal,42415000780883,197217790777
143176,GSKA024001-I1070-30,7509326528595,GOOD SKATE WIDE CRYSTAL JEANS,Good Skate Wide Crystal,42415000944723,197217790784
143177,GSKA024001-I1070-32,7509326528595,GOOD SKATE WIDE CRYSTAL JEANS,Good Skate Wide Crystal,42415000813651,197217790791
152229,GSKATW79T-I1142-00,7588751442003,GOOD SKATE WIDE JEANS,Good Skate Wide,42693164564563,197217812493
152230,GSKATW79T-I1142-0,7588751442003,GOOD SKATE WIDE JEANS,Good Skate Wide,42693164335187,197217812486
152231,GSKATW79T-I1142-2,7588751442003,GOOD SKATE WIDE JEANS,Good Skate Wide,42693164531795,197217812561
152232,GSKATW79T-I1142-4,7588751442003,GOOD SKATE WIDE JEANS,Good Skate Wide,42655502401619,197217812646
152233,GSKATW79T-I1142-6,7588751442003,GOOD SKATE WIDE JEANS,Good Skate Wide,42693164499027,197217812653
152234,GSKATW79T-I1142-8,7588751442003,GOOD SKATE WIDE JEANS,Good Skate Wide,42655502368851,197217812660
152235,GSKATW79T-I1142-10,7588751442003,GOOD SKATE WIDE JEANS,Good Skate Wide,42693164466259,197217812509
152236,GSKATW79T-I1142-12,7588751442003,GOOD SKATE WIDE JEANS,Good Skate Wide,42655502336083,197217812516
152237,GSKATW79T-I1142-14,7588751442003,GOOD SKATE WIDE JEANS,Good Skate Wide,42693164433491,197217812523
152238,GSKATW79T-I1142-15,7588751442003,GOOD SKATE WIDE JEANS,Good Skate Wide,42655502303315,197217812530
152239,GSKATW79T-I1142-16,7588751442003,GOOD SKATE WIDE JEANS,Good Skate Wide,42655502565459,197217812547
152240,GSKATW79T-I1142-18,7588751442003,GOOD SKATE WIDE JEANS,Good Skate Wide,42693164302419,197217812554
152241,GSKATW79T-I1142-20,7588751442003,GOOD SKATE WIDE JEANS,Good Skate Wide,42693164400723,197217812578
152242,GSKATW79T-I1142-22,7588751442003,GOOD SKATE WIDE JEANS,Good Skate Wide,42693164269651,197217812585
152243,GSKATW79T-I1142-24,7588751442003,GOOD SKATE WIDE JEANS,Good Skate Wide,42655502499923,197217812592
152244,GSKATW79T-I1142-26,7588751442003,GOOD SKATE WIDE JEANS,Good Skate Wide,42655502467155,197217812608
152245,GSKATW79T-I1142-28,7588751442003,GOOD SKATE WIDE JEANS,Good Skate Wide,42655502532691,197217812615
152246,GSKATW79T-I1142-30,7588751442003,GOOD SKATE WIDE JEANS,Good Skate Wide,42655502434387,197217812622
152247,GSKATW79T-I1142-32,7588751442003,GOOD SKATE WIDE JEANS,Good Skate Wide,42693164367955,197217812639
1887,GSKT062T-I713-00,7160362172499,GOOD SKATE WIDE LEG JEANS,Good Skate Wide,41393356177491,197217597062
1888,GSKT062T-I713-0,7160362172499,GOOD SKATE WIDE LEG JEANS,Good Skate Wide,41393356210259,197217597055
1889,GSKT062T-I713-2,7160362172499,GOOD SKATE WIDE LEG JEANS,Good Skate Wide,41393356243027,197217597130
1890,GSKT062T-I713-4,7160362172499,GOOD SKATE WIDE LEG JEANS,Good Skate Wide,41393356275795,197217597215
1891,GSKT062T-I713-6,7160362172499,GOOD SKATE WIDE LEG JEANS,Good Skate Wide,41393356308563,197217597222
1892,GSKT062T-I713-8,7160362172499,GOOD SKATE WIDE LEG JEANS,Good Skate Wide,41393356341331,197217597239
1893,GSKT062T-I713-10,7160362172499,GOOD SKATE WIDE LEG JEANS,Good Skate Wide,41393356374099,197217597079
1894,GSKT062T-I713-12,7160362172499,GOOD SKATE WIDE LEG JEANS,Good Skate Wide,41393356406867,197217597086
1895,GSKT062T-I713-14,7160362172499,GOOD SKATE WIDE LEG JEANS,Good Skate Wide,41393356439635,197217597093
1896,GSKT062T-I713-15,7160362172499,GOOD SKATE WIDE LEG JEANS,Good Skate Wide,41393356472403,197217597109
1897,GSKT062T-I713-16,7160362172499,GOOD SKATE WIDE LEG JEANS,Good Skate Wide,41393356505171,197217597116
1898,GSKT062T-I713-18,7160362172499,GOOD SKATE WIDE LEG JEANS,Good Skate Wide,41393356537939,197217597123
1899,GSKT062T-I713-20,7160362172499,GOOD SKATE WIDE LEG JEANS,Good Skate Wide,41393356570707,197217597147
1900,GSKT062T-I713-22,7160362172499,GOOD SKATE WIDE LEG JEANS,Good Skate Wide,41393356603475,197217597154
1901,GSKT062T-I713-24,7160362172499,GOOD SKATE WIDE LEG JEANS,Good Skate Wide,41393356636243,197217597161
1902,GSKT062T-I713-26,7160362172499,GOOD SKATE WIDE LEG JEANS,Good Skate Wide,41393356669011,197217597178
1903,GSKT062T-I713-28,7160362172499,GOOD SKATE WIDE LEG JEANS,Good Skate Wide,41393356701779,197217597185
1904,GSKT062T-I713-30,7160362172499,GOOD SKATE WIDE LEG JEANS,Good Skate Wide,41393356734547,197217597192
1905,GSKT062T-I713-32,7160362172499,GOOD SKATE WIDE LEG JEANS,Good Skate Wide,41393356767315,197217597208
1193,GSKT802T-I634-00,7084246302803,GOOD SKATE WIDE LEG JEANS,Good Skate Wide,41122607366227,197217418725
1194,GSKT802T-I634-0,7084246302803,GOOD SKATE WIDE LEG JEANS,Good Skate Wide,41122607398995,197217418541
1195,GSKT802T-I634-2,7084246302803,GOOD SKATE WIDE LEG JEANS,Good Skate Wide,41122607431763,197217419944
1196,GSKT802T-I634-4,7084246302803,GOOD SKATE WIDE LEG JEANS,Good Skate Wide,41122607464531,197217421398
1197,GSKT802T-I634-6,7084246302803,GOOD SKATE WIDE LEG JEANS,Good Skate Wide,41122607497299,197217421596
1198,GSKT802T-I634-8,7084246302803,GOOD SKATE WIDE LEG JEANS,Good Skate Wide,41122607530067,197217421787
1199,GSKT802T-I634-10,7084246302803,GOOD SKATE WIDE LEG JEANS,Good Skate Wide,41122607562835,197217418909
1200,GSKT802T-I634-12,7084246302803,GOOD SKATE WIDE LEG JEANS,Good Skate Wide,41122607595603,197217419081
1201,GSKT802T-I634-14,7084246302803,GOOD SKATE WIDE LEG JEANS,Good Skate Wide,41122607628371,197217419258
1202,GSKT802T-I634-15,7084246302803,GOOD SKATE WIDE LEG JEANS,Good Skate Wide,41122607661139,197217419463
1203,GSKT802T-I634-16,7084246302803,GOOD SKATE WIDE LEG JEANS,Good Skate Wide,41122607693907,197217419623
1204,GSKT802T-I634-18,7084246302803,GOOD SKATE WIDE LEG JEANS,Good Skate Wide,41122607726675,197217419777
1205,GSKT802T-I634-20,7084246302803,GOOD SKATE WIDE LEG JEANS,Good Skate Wide,41122607759443,197217420124
1206,GSKT802T-I634-22,7084246302803,GOOD SKATE WIDE LEG JEANS,Good Skate Wide,41122607792211,197217420308
1207,GSKT802T-I634-24,7084246302803,GOOD SKATE WIDE LEG JEANS,Good Skate Wide,41122607824979,197217420490
1208,GSKT802T-I634-26,7084246302803,GOOD SKATE WIDE LEG JEANS,Good Skate Wide,41122607857747,197217420674
1209,GSKT802T-I634-28,7084246302803,GOOD SKATE WIDE LEG JEANS,Good Skate Wide,41122607890515,197217420841
1210,GSKT802T-I634-30,7084246302803,GOOD SKATE WIDE LEG JEANS,Good Skate Wide,41122607923283,197217421022
1211,GSKT802T-I634-32,7084246302803,GOOD SKATE WIDE LEG JEANS,Good Skate Wide,41122607956051,197217421206
2983,GSTBAG024001-I1006-00,7509323645011,GOOD LOW RISE BAGGY CUFFED JEANS,Good Baggy Cuffed,42414965325907,197217794560
2984,GSTBAG024001-I1006-0,7509323645011,GOOD LOW RISE BAGGY CUFFED JEANS,Good Baggy Cuffed,42414965194835,197217794553
2985,GSTBAG024001-I1006-2,7509323645011,GOOD LOW RISE BAGGY CUFFED JEANS,Good Baggy Cuffed,42414965358675,197217794638
2986,GSTBAG024001-I1006-4,7509323645011,GOOD LOW RISE BAGGY CUFFED JEANS,Good Baggy Cuffed,42414965162067,197217794713
2987,GSTBAG024001-I1006-6,7509323645011,GOOD LOW RISE BAGGY CUFFED JEANS,Good Baggy Cuffed,42414965391443,197217794720
2988,GSTBAG024001-I1006-8,7509323645011,GOOD LOW RISE BAGGY CUFFED JEANS,Good Baggy Cuffed,42414965129299,197217794737
2989,GSTBAG024001-I1006-10,7509323645011,GOOD LOW RISE BAGGY CUFFED JEANS,Good Baggy Cuffed,42414965424211,197217794577
2990,GSTBAG024001-I1006-12,7509323645011,GOOD LOW RISE BAGGY CUFFED JEANS,Good Baggy Cuffed,42414965030995,197217794584
2991,GSTBAG024001-I1006-14,7509323645011,GOOD LOW RISE BAGGY CUFFED JEANS,Good Baggy Cuffed,42414965456979,197217794591
2992,GSTBAG024001-I1006-15,7509323645011,GOOD LOW RISE BAGGY CUFFED JEANS,Good Baggy Cuffed,42414965063763,197217794607
2993,GSTBAG024001-I1006-16,7509323645011,GOOD LOW RISE BAGGY CUFFED JEANS,Good Baggy Cuffed,42414964932691,197217794614
2994,GSTBAG024001-I1006-18,7509323645011,GOOD LOW RISE BAGGY CUFFED JEANS,Good Baggy Cuffed,42414965096531,197217794621
2995,GSTBAG024001-I1006-20,7509323645011,GOOD LOW RISE BAGGY CUFFED JEANS,Good Baggy Cuffed,42414964899923,197217794645
2996,GSTBAG024001-I1006-22,7509323645011,GOOD LOW RISE BAGGY CUFFED JEANS,Good Baggy Cuffed,42414965293139,197217794652
2997,GSTBAG024001-I1006-24,7509323645011,GOOD LOW RISE BAGGY CUFFED JEANS,Good Baggy Cuffed,42414965489747,197217794669
2998,GSTBAG024001-I1006-26,7509323645011,GOOD LOW RISE BAGGY CUFFED JEANS,Good Baggy Cuffed,42414965260371,197217794676
2999,GSTBAG024001-I1006-28,7509323645011,GOOD LOW RISE BAGGY CUFFED JEANS,Good Baggy Cuffed,42414964965459,197217794683
3000,GSTBAG024001-I1006-30,7509323645011,GOOD LOW RISE BAGGY CUFFED JEANS,Good Baggy Cuffed,42414965227603,197217794690
3001,GSTBAG024001-I1006-32,7509323645011,GOOD LOW RISE BAGGY CUFFED JEANS,Good Baggy Cuffed,42414964998227,197217794706
2926,GSTBAG156PS-CLW1-00,7454813028435,GOOD LOW RISE BAGGY JEANS,Good Baggy,42225828659283,197217742639
2927,GSTBAG156PS-CLW1-0,7454813028435,GOOD LOW RISE BAGGY JEANS,Good Baggy,42225842815059,197217742622
2928,GSTBAG156PS-CLW1-2,7454813028435,GOOD LOW RISE BAGGY JEANS,Good Baggy,42225828757587,197217742707
2929,GSTBAG156PS-CLW1-4,7454813028435,GOOD LOW RISE BAGGY JEANS,Good Baggy,42225828692051,197217742783
2930,GSTBAG156PS-CLW1-6,7454813028435,GOOD LOW RISE BAGGY JEANS,Good Baggy,42225828790355,197217742790
2931,GSTBAG156PS-CLW1-8,7454813028435,GOOD LOW RISE BAGGY JEANS,Good Baggy,42225828921427,197217742806
2932,GSTBAG156PS-CLW1-10,7454813028435,GOOD LOW RISE BAGGY JEANS,Good Baggy,42225828823123,197217742646
2933,GSTBAG156PS-CLW1-12,7454813028435,GOOD LOW RISE BAGGY JEANS,Good Baggy,42225828954195,197217742653
2934,GSTBAG156PS-CLW1-14,7454813028435,GOOD LOW RISE BAGGY JEANS,Good Baggy,42225828855891,197217742660
2935,GSTBAG156PS-CLW1-15,7454813028435,GOOD LOW RISE BAGGY JEANS,Good Baggy,42225828626515,197217742677
2936,GSTBAG156PS-CLW1-16,7454813028435,GOOD LOW RISE BAGGY JEANS,Good Baggy,42225828888659,197217742684
2937,GSTBAG156PS-CLW1-18,7454813028435,GOOD LOW RISE BAGGY JEANS,Good Baggy,42225842782291,197217742691
2938,GSTBAG156PS-CLW1-20,7454813028435,GOOD LOW RISE BAGGY JEANS,Good Baggy,42225842716755,197217742714
2939,GSTBAG156PS-CLW1-22,7454813028435,GOOD LOW RISE BAGGY JEANS,Good Baggy,42225842749523,197217742721
2940,GSTBAG156PS-CLW1-24,7454813028435,GOOD LOW RISE BAGGY JEANS,Good Baggy,42225842683987,197217742738
2941,GSTBAG156PS-CLW1-26,7454813028435,GOOD LOW RISE BAGGY JEANS,Good Baggy,42225842618451,197217742745
2942,GSTBAG156PS-CLW1-28,7454813028435,GOOD LOW RISE BAGGY JEANS,Good Baggy,42225842651219,197217742752
2943,GSTBAG156PS-CLW1-30,7454813028435,GOOD LOW RISE BAGGY JEANS,Good Baggy,42225842585683,197217742769
2944,GSTBAG156PS-CLW1-32,7454813028435,GOOD LOW RISE BAGGY JEANS,Good Baggy,42225828724819,197217742776
2001,GSTBAG024S-I1000-00,7509323677779,GOOD LOW RISE BAGGY JEANS,Good Baggy,42414965915731,197217771516
2002,GSTBAG024S-I1000-0,7509323677779,GOOD LOW RISE BAGGY JEANS,Good Baggy,42414965686355,197217771509
2003,GSTBAG024S-I1000-2,7509323677779,GOOD LOW RISE BAGGY JEANS,Good Baggy,42414965948499,197217771585
2004,GSTBAG024S-I1000-4,7509323677779,GOOD LOW RISE BAGGY JEANS,Good Baggy,42414965653587,197217771660
2005,GSTBAG024S-I1000-6,7509323677779,GOOD LOW RISE BAGGY JEANS,Good Baggy,42414965981267,197217771677
2006,GSTBAG024S-I1000-8,7509323677779,GOOD LOW RISE BAGGY JEANS,Good Baggy,42414966079571,197217771684
2007,GSTBAG024S-I1000-10,7509323677779,GOOD LOW RISE BAGGY JEANS,Good Baggy,42414966014035,197217771523
2008,GSTBAG024S-I1000-12,7509323677779,GOOD LOW RISE BAGGY JEANS,Good Baggy,42414966112339,197217771530
2009,GSTBAG024S-I1000-14,7509323677779,GOOD LOW RISE BAGGY JEANS,Good Baggy,42414965620819,197217771547
2010,GSTBAG024S-I1000-15,7509323677779,GOOD LOW RISE BAGGY JEANS,Good Baggy,42414965850195,197217771554
2011,GSTBAG024S-I1000-16,7509323677779,GOOD LOW RISE BAGGY JEANS,Good Baggy,42414965588051,197217771561
2012,GSTBAG024S-I1000-18,7509323677779,GOOD LOW RISE BAGGY JEANS,Good Baggy,42414965817427,197217771578
2013,GSTBAG024S-I1000-20,7509323677779,GOOD LOW RISE BAGGY JEANS,Good Baggy,42414965555283,197217771592
2014,GSTBAG024S-I1000-22,7509323677779,GOOD LOW RISE BAGGY JEANS,Good Baggy,42414965784659,197217771608
2015,GSTBAG024S-I1000-24,7509323677779,GOOD LOW RISE BAGGY JEANS,Good Baggy,42414965522515,197217771615
2016,GSTBAG024S-I1000-26,7509323677779,GOOD LOW RISE BAGGY JEANS,Good Baggy,42414965751891,197217771622
2017,GSTBAG024S-I1000-28,7509323677779,GOOD LOW RISE BAGGY JEANS,Good Baggy,42414966046803,197217771639
2018,GSTBAG024S-I1000-30,7509323677779,GOOD LOW RISE BAGGY JEANS,Good Baggy,42414965719123,197217771646
2019,GSTBAG024S-I1000-32,7509323677779,GOOD LOW RISE BAGGY JEANS,Good Baggy,42414965882963,197217771653
340,GSTBAGTN024-I1001-00,7509327642707,GOOD LOW RISE BAGGY JEANS,Good Baggy,42415013986387,197217771325
341,GSTBAGTN024-I1001-0,7509327642707,GOOD LOW RISE BAGGY JEANS,Good Baggy,42416276308051,197217771318
342,GSTBAGTN024-I1001-2,7509327642707,GOOD LOW RISE BAGGY JEANS,Good Baggy,42415013953619,197217771394
343,GSTBAGTN024-I1001-4,7509327642707,GOOD LOW RISE BAGGY JEANS,Good Baggy,42415013560403,197217771479
344,GSTBAGTN024-I1001-6,7509327642707,GOOD LOW RISE BAGGY JEANS,Good Baggy,42415013920851,197217771486
345,GSTBAGTN024-I1001-8,7509327642707,GOOD LOW RISE BAGGY JEANS,Good Baggy,42415013658707,197217771493
346,GSTBAGTN024-I1001-10,7509327642707,GOOD LOW RISE BAGGY JEANS,Good Baggy,42415013888083,197217771332
347,GSTBAGTN024-I1001-12,7509327642707,GOOD LOW RISE BAGGY JEANS,Good Baggy,42415013625939,197217771349
348,GSTBAGTN024-I1001-14,7509327642707,GOOD LOW RISE BAGGY JEANS,Good Baggy,42415013855315,197217771356
349,GSTBAGTN024-I1001-15,7509327642707,GOOD LOW RISE BAGGY JEANS,Good Baggy,42415013593171,197217771363
350,GSTBAGTN024-I1001-16,7509327642707,GOOD LOW RISE BAGGY JEANS,Good Baggy,42415013822547,197217771370
351,GSTBAGTN024-I1001-18,7509327642707,GOOD LOW RISE BAGGY JEANS,Good Baggy,42415013462099,197217771387
352,GSTBAGTN024-I1001-20,7509327642707,GOOD LOW RISE BAGGY JEANS,Good Baggy,42415013789779,197217771400
353,GSTBAGTN024-I1001-22,7509327642707,GOOD LOW RISE BAGGY JEANS,Good Baggy,42415013527635,197217771417
354,GSTBAGTN024-I1001-24,7509327642707,GOOD LOW RISE BAGGY JEANS,Good Baggy,42415013757011,197217771424
355,GSTBAGTN024-I1001-26,7509327642707,GOOD LOW RISE BAGGY JEANS,Good Baggy,42415013494867,197217771431
356,GSTBAGTN024-I1001-28,7509327642707,GOOD LOW RISE BAGGY JEANS,Good Baggy,42415013724243,197217771448
357,GSTBAGTN024-I1001-30,7509327642707,GOOD LOW RISE BAGGY JEANS,Good Baggy,42416276275283,197217771455
358,GSTBAGTN024-I1001-32,7509327642707,GOOD LOW RISE BAGGY JEANS,Good Baggy,42415013691475,197217771462
147784,GLRBAGD156S-I1279-00,7655280017491,GOOD LOW RISE BAGGY JEANS,Good Baggy,42918309757011,197217951291
147785,GLRBAGD156S-I1279-0,7655280017491,GOOD LOW RISE BAGGY JEANS,Good Baggy,42918310084691,197217951284
147786,GLRBAGD156S-I1279-2,7655280017491,GOOD LOW RISE BAGGY JEANS,Good Baggy,42918309822547,197217951369
147787,GLRBAGD156S-I1279-4,7655280017491,GOOD LOW RISE BAGGY JEANS,Good Baggy,42918309724243,197217951444
147788,GLRBAGD156S-I1279-6,7655280017491,GOOD LOW RISE BAGGY JEANS,Good Baggy,42918309789779,197217951451
147789,GLRBAGD156S-I1279-8,7655280017491,GOOD LOW RISE BAGGY JEANS,Good Baggy,42918310248531,197217951468
147790,GLRBAGD156S-I1279-10,7655280017491,GOOD LOW RISE BAGGY JEANS,Good Baggy,42918310051923,197217951307
147791,GLRBAGD156S-I1279-12,7655280017491,GOOD LOW RISE BAGGY JEANS,Good Baggy,42918309658707,197217951314
147792,GLRBAGD156S-I1279-14,7655280017491,GOOD LOW RISE BAGGY JEANS,Good Baggy,42918310019155,197217951321
147793,GLRBAGD156S-I1279-15,7655280017491,GOOD LOW RISE BAGGY JEANS,Good Baggy,42918309691475,197217951338
147794,GLRBAGD156S-I1279-16,7655280017491,GOOD LOW RISE BAGGY JEANS,Good Baggy,42918309986387,197217951345
147795,GLRBAGD156S-I1279-18,7655280017491,GOOD LOW RISE BAGGY JEANS,Good Baggy,42918310215763,197217951352
147796,GLRBAGD156S-I1279-20,7655280017491,GOOD LOW RISE BAGGY JEANS,Good Baggy,42918309953619,197217951376
147797,GLRBAGD156S-I1279-22,7655280017491,GOOD LOW RISE BAGGY JEANS,Good Baggy,42918310182995,197217951383
147798,GLRBAGD156S-I1279-24,7655280017491,GOOD LOW RISE BAGGY JEANS,Good Baggy,42918309920851,197217951390
147799,GLRBAGD156S-I1279-26,7655280017491,GOOD LOW RISE BAGGY JEANS,Good Baggy,42918310150227,197217951406
147800,GLRBAGD156S-I1279-28,7655280017491,GOOD LOW RISE BAGGY JEANS,Good Baggy,42918309888083,197217951413
147801,GLRBAGD156S-I1279-30,7655280017491,GOOD LOW RISE BAGGY JEANS,Good Baggy,42918310117459,197217951420
147802,GLRBAGD156S-I1279-32,7655280017491,GOOD LOW RISE BAGGY JEANS,Good Baggy,42918309855315,197217951437
150241,GLRBAGD175S-I1280-00,7655279984723,GOOD LOW RISE BAGGY JEANS,Good Baggy,42918309560403,197217951482
150242,GLRBAGD175S-I1280-0,7655279984723,GOOD LOW RISE BAGGY JEANS,Good Baggy,42918309429331,197217951475
150243,GLRBAGD175S-I1280-2,7655279984723,GOOD LOW RISE BAGGY JEANS,Good Baggy,42918309167187,197217951550
150244,GLRBAGD175S-I1280-4,7655279984723,GOOD LOW RISE BAGGY JEANS,Good Baggy,42918309396563,197217951635
150245,GLRBAGD175S-I1280-6,7655279984723,GOOD LOW RISE BAGGY JEANS,Good Baggy,42918309134419,197217951642
150246,GLRBAGD175S-I1280-8,7655279984723,GOOD LOW RISE BAGGY JEANS,Good Baggy,42918309363795,197217951659
150247,GLRBAGD175S-I1280-10,7655279984723,GOOD LOW RISE BAGGY JEANS,Good Baggy,42918309101651,197217951499
150248,GLRBAGD175S-I1280-12,7655279984723,GOOD LOW RISE BAGGY JEANS,Good Baggy,42918309593171,197217951505
150249,GLRBAGD175S-I1280-14,7655279984723,GOOD LOW RISE BAGGY JEANS,Good Baggy,42918309068883,197217951512
150250,GLRBAGD175S-I1280-15,7655279984723,GOOD LOW RISE BAGGY JEANS,Good Baggy,42918309298259,197217951529
150251,GLRBAGD175S-I1280-16,7655279984723,GOOD LOW RISE BAGGY JEANS,Good Baggy,42918309036115,197217951536
150252,GLRBAGD175S-I1280-18,7655279984723,GOOD LOW RISE BAGGY JEANS,Good Baggy,42918309265491,197217951543
150253,GLRBAGD175S-I1280-20,7655279984723,GOOD LOW RISE BAGGY JEANS,Good Baggy,42918309625939,197217951567
150254,GLRBAGD175S-I1280-22,7655279984723,GOOD LOW RISE BAGGY JEANS,Good Baggy,42918309232723,197217951574
150255,GLRBAGD175S-I1280-24,7655279984723,GOOD LOW RISE BAGGY JEANS,Good Baggy,42918309527635,197217951581
150256,GLRBAGD175S-I1280-26,7655279984723,GOOD LOW RISE BAGGY JEANS,Good Baggy,42918309199955,197217951598
150257,GLRBAGD175S-I1280-28,7655279984723,GOOD LOW RISE BAGGY JEANS,Good Baggy,42918309494867,197217951604
150258,GLRBAGD175S-I1280-30,7655279984723,GOOD LOW RISE BAGGY JEANS,Good Baggy,42918309331027,197217951611
150259,GLRBAGD175S-I1280-32,7655279984723,GOOD LOW RISE BAGGY JEANS,Good Baggy,42918309462099,197217951628
143861,GSTBAR235004-GLKL-00,7509323743315,GOOD BARREL JEANS,Good Barrel,42414966374483,197217790364
143862,GSTBAR235004-GLKL-0,7509323743315,GOOD BARREL JEANS,Good Barrel,42414966636627,197217790357
143863,GSTBAR235004-GLKL-2,7509323743315,GOOD BARREL JEANS,Good Barrel,42414966407251,197217790432
143864,GSTBAR235004-GLKL-4,7509323743315,GOOD BARREL JEANS,Good Barrel,42414966669395,197217790517
143865,GSTBAR235004-GLKL-6,7509323743315,GOOD BARREL JEANS,Good Barrel,42414966440019,197217790524
143866,GSTBAR235004-GLKL-8,7509323743315,GOOD BARREL JEANS,Good Barrel,42414966702163,197217790531
143867,GSTBAR235004-GLKL-10,7509323743315,GOOD BARREL JEANS,Good Barrel,42414966177875,197217790371
143868,GSTBAR235004-GLKL-12,7509323743315,GOOD BARREL JEANS,Good Barrel,42414966734931,197217790388
143869,GSTBAR235004-GLKL-14,7509323743315,GOOD BARREL JEANS,Good Barrel,42414966210643,197217790395
143870,GSTBAR235004-GLKL-15,7509323743315,GOOD BARREL JEANS,Good Barrel,42414966767699,197217790401
143871,GSTBAR235004-GLKL-16,7509323743315,GOOD BARREL JEANS,Good Barrel,42414966243411,197217790418
143872,GSTBAR235004-GLKL-18,7509323743315,GOOD BARREL JEANS,Good Barrel,42414966505555,197217790425
143873,GSTBAR235004-GLKL-20,7509323743315,GOOD BARREL JEANS,Good Barrel,42414966276179,197217790449
143874,GSTBAR235004-GLKL-22,7509323743315,GOOD BARREL JEANS,Good Barrel,42414966538323,197217790456
143875,GSTBAR235004-GLKL-24,7509323743315,GOOD BARREL JEANS,Good Barrel,42414966308947,197217790463
143876,GSTBAR235004-GLKL-26,7509323743315,GOOD BARREL JEANS,Good Barrel,42414966571091,197217790470
143877,GSTBAR235004-GLKL-28,7509323743315,GOOD BARREL JEANS,Good Barrel,42414966341715,197217790487
143878,GSTBAR235004-GLKL-30,7509323743315,GOOD BARREL JEANS,Good Barrel,42414966603859,197217790494
143879,GSTBAR235004-GLKL-32,7509323743315,GOOD BARREL JEANS,Good Barrel,42414966472787,197217790500
359,GSTBAR384S-I932-00,7509327773779,GOOD BARREL JEANS,Good Barrel,42415015395411,197217771899
360,GSTBAR384S-I932-0,7509327773779,GOOD BARREL JEANS,Good Barrel,42415015297107,197217771882
361,GSTBAR384S-I932-2,7509327773779,GOOD BARREL JEANS,Good Barrel,42415015428179,197217771967
362,GSTBAR384S-I932-4,7509327773779,GOOD BARREL JEANS,Good Barrel,42415015264339,197217772049
363,GSTBAR384S-I932-6,7509327773779,GOOD BARREL JEANS,Good Barrel,42415015460947,197217772056
364,GSTBAR384S-I932-8,7509327773779,GOOD BARREL JEANS,Good Barrel,42415015067731,197217772063
365,GSTBAR384S-I932-10,7509327773779,GOOD BARREL JEANS,Good Barrel,42415015493715,197217771905
366,GSTBAR384S-I932-12,7509327773779,GOOD BARREL JEANS,Good Barrel,42415015100499,197217771912
367,GSTBAR384S-I932-14,7509327773779,GOOD BARREL JEANS,Good Barrel,42415015526483,197217771929
368,GSTBAR384S-I932-15,7509327773779,GOOD BARREL JEANS,Good Barrel,42415015133267,197217771936
369,GSTBAR384S-I932-16,7509327773779,GOOD BARREL JEANS,Good Barrel,42415015559251,197217771943
370,GSTBAR384S-I932-18,7509327773779,GOOD BARREL JEANS,Good Barrel,42415015166035,197217771950
371,GSTBAR384S-I932-20,7509327773779,GOOD BARREL JEANS,Good Barrel,42415015592019,197217771974
372,GSTBAR384S-I932-22,7509327773779,GOOD BARREL JEANS,Good Barrel,42415015198803,197217771981
373,GSTBAR384S-I932-24,7509327773779,GOOD BARREL JEANS,Good Barrel,42415015002195,197217771998
374,GSTBAR384S-I932-26,7509327773779,GOOD BARREL JEANS,Good Barrel,42415015231571,197217772001
375,GSTBAR384S-I932-28,7509327773779,GOOD BARREL JEANS,Good Barrel,42415015362643,197217772018
376,GSTBAR384S-I932-30,7509327773779,GOOD BARREL JEANS,Good Barrel,42415015034963,197217772025
377,GSTBAR384S-I932-32,7509327773779,GOOD BARREL JEANS,Good Barrel,42415015329875,197217772032
1719,GSTBO828S-I998-00,7509327839315,GOOD COWBOY BOOTCUT JEANS,Good Cowboy Bootcut,42415016378451,197217769308
1720,GSTBO828S-I998-0,7509327839315,GOOD COWBOY BOOTCUT JEANS,Good Cowboy Bootcut,42415015985235,197217769292
1721,GSTBO828S-I998-2,7509327839315,GOOD COWBOY BOOTCUT JEANS,Good Cowboy Bootcut,42415016345683,197217769377
1722,GSTBO828S-I998-4,7509327839315,GOOD COWBOY BOOTCUT JEANS,Good Cowboy Bootcut,42415015952467,197217769452
1723,GSTBO828S-I998-6,7509327839315,GOOD COWBOY BOOTCUT JEANS,Good Cowboy Bootcut,42415016312915,197217769469
1724,GSTBO828S-I998-8,7509327839315,GOOD COWBOY BOOTCUT JEANS,Good Cowboy Bootcut,42415016542291,197217769476
1725,GSTBO828S-I998-10,7509327839315,GOOD COWBOY BOOTCUT JEANS,Good Cowboy Bootcut,42415016280147,197217769315
1726,GSTBO828S-I998-12,7509327839315,GOOD COWBOY BOOTCUT JEANS,Good Cowboy Bootcut,42415016509523,197217769322
1727,GSTBO828S-I998-14,7509327839315,GOOD COWBOY BOOTCUT JEANS,Good Cowboy Bootcut,42415016247379,197217769339
1728,GSTBO828S-I998-15,7509327839315,GOOD COWBOY BOOTCUT JEANS,Good Cowboy Bootcut,42415016476755,197217769346
1729,GSTBO828S-I998-16,7509327839315,GOOD COWBOY BOOTCUT JEANS,Good Cowboy Bootcut,42415016214611,197217769353
1730,GSTBO828S-I998-18,7509327839315,GOOD COWBOY BOOTCUT JEANS,Good Cowboy Bootcut,42415016443987,197217769360
1731,GSTBO828S-I998-20,7509327839315,GOOD COWBOY BOOTCUT JEANS,Good Cowboy Bootcut,42415016181843,197217769384
1732,GSTBO828S-I998-22,7509327839315,GOOD COWBOY BOOTCUT JEANS,Good Cowboy Bootcut,42415016411219,197217769391
1733,GSTBO828S-I998-24,7509327839315,GOOD COWBOY BOOTCUT JEANS,Good Cowboy Bootcut,42415016149075,197217769407
1734,GSTBO828S-I998-26,7509327839315,GOOD COWBOY BOOTCUT JEANS,Good Cowboy Bootcut,42415016018003,197217769414
1735,GSTBO828S-I998-28,7509327839315,GOOD COWBOY BOOTCUT JEANS,Good Cowboy Bootcut,42415016116307,197217769421
1736,GSTBO828S-I998-30,7509327839315,GOOD COWBOY BOOTCUT JEANS,Good Cowboy Bootcut,42415016050771,197217769438
1737,GSTBO828S-I998-32,7509327839315,GOOD COWBOY BOOTCUT JEANS,Good Cowboy Bootcut,42415016083539,197217769445
1868,GEASPSPL024S-I1002-00,7509317582931,GOOD EASE JEANS,Good Ease,42414937047123,197217772520
1869,GEASPSPL024S-I1002-0,7509317582931,GOOD EASE JEANS,Good Ease,42414937014355,197217772513
1870,GEASPSPL024S-I1002-2,7509317582931,GOOD EASE JEANS,Good Ease,42414936981587,197217772599
1871,GEASPSPL024S-I1002-4,7509317582931,GOOD EASE JEANS,Good Ease,42414936948819,197217772674
1872,GEASPSPL024S-I1002-6,7509317582931,GOOD EASE JEANS,Good Ease,42414936752211,197217772681
1873,GEASPSPL024S-I1002-8,7509317582931,GOOD EASE JEANS,Good Ease,42414936916051,197217772698
1874,GEASPSPL024S-I1002-10,7509317582931,GOOD EASE JEANS,Good Ease,42414936686675,197217772537
1875,GEASPSPL024S-I1002-12,7509317582931,GOOD EASE JEANS,Good Ease,42414936883283,197217772544
1876,GEASPSPL024S-I1002-14,7509317582931,GOOD EASE JEANS,Good Ease,42414936621139,197217772551
1877,GEASPSPL024S-I1002-15,7509317582931,GOOD EASE JEANS,Good Ease,42414936850515,197217772568
1878,GEASPSPL024S-I1002-16,7509317582931,GOOD EASE JEANS,Good Ease,42414936555603,197217772575
1879,GEASPSPL024S-I1002-18,7509317582931,GOOD EASE JEANS,Good Ease,42414936817747,197217772582
1880,GEASPSPL024S-I1002-20,7509317582931,GOOD EASE JEANS,Good Ease,42414936653907,197217772605
1881,GEASPSPL024S-I1002-22,7509317582931,GOOD EASE JEANS,Good Ease,42414936588371,197217772612
1882,GEASPSPL024S-I1002-24,7509317582931,GOOD EASE JEANS,Good Ease,42414936719443,197217772629
1883,GEASPSPL024S-I1002-26,7509317582931,GOOD EASE JEANS,Good Ease,42414936522835,197217772636
1884,GEASPSPL024S-I1002-28,7509317582931,GOOD EASE JEANS,Good Ease,42414936784979,197217772643
1885,GEASPSPL024S-I1002-30,7509317582931,GOOD EASE JEANS,Good Ease,42414936490067,197217772650
1886,GEASPSPL024S-I1002-32,7509317582931,GOOD EASE JEANS,Good Ease,42414937079891,197217772667
2636,GEASD02S-I961-00,7454718885971,WEIGHTLESS GOOD EASE JEANS,Good Ease,42225516445779,197217739400
2637,GEASD02S-I961-0,7454718885971,WEIGHTLESS GOOD EASE JEANS,Good Ease,42225516707923,197217739394
2638,GEASD02S-I961-2,7454718885971,WEIGHTLESS GOOD EASE JEANS,Good Ease,42225516937299,197217739479
2639,GEASD02S-I961-4,7454718885971,WEIGHTLESS GOOD EASE JEANS,Good Ease,42225516675155,197217739554
2640,GEASD02S-I961-6,7454718885971,WEIGHTLESS GOOD EASE JEANS,Good Ease,42225516904531,197217739561
2641,GEASD02S-I961-8,7454718885971,WEIGHTLESS GOOD EASE JEANS,Good Ease,42225516642387,197217739578
2642,GEASD02S-I961-10,7454718885971,WEIGHTLESS GOOD EASE JEANS,Good Ease,42225516871763,197217739417
2643,GEASD02S-I961-12,7454718885971,WEIGHTLESS GOOD EASE JEANS,Good Ease,42225516609619,197217739424
2644,GEASD02S-I961-14,7454718885971,WEIGHTLESS GOOD EASE JEANS,Good Ease,42225516838995,197217739431
2645,GEASD02S-I961-15,7454718885971,WEIGHTLESS GOOD EASE JEANS,Good Ease,42225516576851,197217739448
2646,GEASD02S-I961-16,7454718885971,WEIGHTLESS GOOD EASE JEANS,Good Ease,42225517035603,197217739455
2647,GEASD02S-I961-18,7454718885971,WEIGHTLESS GOOD EASE JEANS,Good Ease,42225516544083,197217739462
2648,GEASD02S-I961-20,7454718885971,WEIGHTLESS GOOD EASE JEANS,Good Ease,42225517002835,197217739486
2649,GEASD02S-I961-22,7454718885971,WEIGHTLESS GOOD EASE JEANS,Good Ease,42225516511315,197217739493
2650,GEASD02S-I961-24,7454718885971,WEIGHTLESS GOOD EASE JEANS,Good Ease,42225516970067,197217739509
2651,GEASD02S-I961-26,7454718885971,WEIGHTLESS GOOD EASE JEANS,Good Ease,42225516806227,197217739516
2652,GEASD02S-I961-28,7454718885971,WEIGHTLESS GOOD EASE JEANS,Good Ease,42225516773459,197217739523
2653,GEASD02S-I961-30,7454718885971,WEIGHTLESS GOOD EASE JEANS,Good Ease,42225516478547,197217739530
2654,GEASD02S-I961-32,7454718885971,WEIGHTLESS GOOD EASE JEANS,Good Ease,42225516740691,197217739547
2274,GFD439-LKL1-00,7509317353555,GOOD EASE LEOPARD JEANS,Good Ease,42414933737555,197217797714
2275,GFD439-LKL1-0,7509317353555,GOOD EASE LEOPARD JEANS,Good Ease,42414933573715,197217797707
2276,GFD439-LKL1-2,7509317353555,GOOD EASE LEOPARD JEANS,Good Ease,42414933704787,197217797783
2277,GFD439-LKL1-4,7509317353555,GOOD EASE LEOPARD JEANS,Good Ease,42414933540947,197217797868
2278,GFD439-LKL1-6,7509317353555,GOOD EASE LEOPARD JEANS,Good Ease,42414933672019,197217797875
2279,GFD439-LKL1-8,7509317353555,GOOD EASE LEOPARD JEANS,Good Ease,42414933508179,197217797882
2280,GFD439-LKL1-10,7509317353555,GOOD EASE LEOPARD JEANS,Good Ease,42414933639251,197217797721
2281,GFD439-LKL1-12,7509317353555,GOOD EASE LEOPARD JEANS,Good Ease,42414933475411,197217797738
2282,GFD439-LKL1-14,7509317353555,GOOD EASE LEOPARD JEANS,Good Ease,42414933606483,197217797745
2283,GFD439-LKL1-15,7509317353555,GOOD EASE LEOPARD JEANS,Good Ease,42414933442643,197217797752
2284,GFD439-LKL1-16,7509317353555,GOOD EASE LEOPARD JEANS,Good Ease,42414933803091,197217797769
2285,GFD439-LKL1-18,7509317353555,GOOD EASE LEOPARD JEANS,Good Ease,42414933409875,197217797776
2286,GFD439-LKL1-20,7509317353555,GOOD EASE LEOPARD JEANS,Good Ease,42414933770323,197217797790
2287,GFD439-LKL1-22,7509317353555,GOOD EASE LEOPARD JEANS,Good Ease,42414933377107,197217797806
2288,GFD439-LKL1-24,7509317353555,GOOD EASE LEOPARD JEANS,Good Ease,42414933868627,197217797813
2289,GFD439-LKL1-26,7509317353555,GOOD EASE LEOPARD JEANS,Good Ease,42414933344339,197217797820
2290,GFD439-LKL1-28,7509317353555,GOOD EASE LEOPARD JEANS,Good Ease,42414933835859,197217797837
2291,GFD439-LKL1-30,7509317353555,GOOD EASE LEOPARD JEANS,Good Ease,42414933311571,197217797844
2292,GFD439-LKL1-32,7509317353555,GOOD EASE LEOPARD JEANS,Good Ease,42414933901395,197217797851
3222,GFD251-I784-00,7454717018195,GOOD EASE STUDDED JEANS,Good Ease Studded,42225492295763,197217732753
3223,GFD251-I784-0,7454717018195,GOOD EASE STUDDED JEANS,Good Ease Studded,42225491935315,197217732746
3224,GFD251-I784-2,7454717018195,GOOD EASE STUDDED JEANS,Good Ease Studded,42225492361299,197217732821
3225,GFD251-I784-4,7454717018195,GOOD EASE STUDDED JEANS,Good Ease Studded,42225491968083,197217732906
3226,GFD251-I784-6,7454717018195,GOOD EASE STUDDED JEANS,Good Ease Studded,42225492426835,197217732913
3227,GFD251-I784-8,7454717018195,GOOD EASE STUDDED JEANS,Good Ease Studded,42225492033619,197217732920
3228,GFD251-I784-10,7454717018195,GOOD EASE STUDDED JEANS,Good Ease Studded,42225492557907,197217732760
3229,GFD251-I784-12,7454717018195,GOOD EASE STUDDED JEANS,Good Ease Studded,42225492066387,197217732777
3230,GFD251-I784-14,7454717018195,GOOD EASE STUDDED JEANS,Good Ease Studded,42225492623443,197217732784
3231,GFD251-I784-15,7454717018195,GOOD EASE STUDDED JEANS,Good Ease Studded,42225492099155,197217732791
3232,GFD251-I784-16,7454717018195,GOOD EASE STUDDED JEANS,Good Ease Studded,42225492688979,197217732807
3233,GFD251-I784-18,7454717018195,GOOD EASE STUDDED JEANS,Good Ease Studded,42225491869779,197217732814
3234,GFD251-I784-20,7454717018195,GOOD EASE STUDDED JEANS,Good Ease Studded,42225492721747,197217732838
3235,GFD251-I784-22,7454717018195,GOOD EASE STUDDED JEANS,Good Ease Studded,42225491902547,197217732845
3236,GFD251-I784-24,7454717018195,GOOD EASE STUDDED JEANS,Good Ease Studded,42225492754515,197217732852
3237,GFD251-I784-26,7454717018195,GOOD EASE STUDDED JEANS,Good Ease Studded,42225492164691,197217732869
3238,GFD251-I784-28,7454717018195,GOOD EASE STUDDED JEANS,Good Ease Studded,42225492787283,197217732876
3239,GFD251-I784-30,7454717018195,GOOD EASE STUDDED JEANS,Good Ease Studded,42225492230227,197217732883
3240,GFD251-I784-32,7454717018195,GOOD EASE STUDDED JEANS,Good Ease Studded,42225492525139,197217732890
153480,GSTKFLRH802S-I1215-00,7652494901331,GOOD KICK FLARE JEANS,Good Kick Flare,42904124424275,197217886265
153481,GSTKFLRH802S-I1215-0,7652494901331,GOOD KICK FLARE JEANS,Good Kick Flare,42904124555347,197217886258
153482,GSTKFLRH802S-I1215-2,7652494901331,GOOD KICK FLARE JEANS,Good Kick Flare,42904124391507,197217886333
153483,GSTKFLRH802S-I1215-4,7652494901331,GOOD KICK FLARE JEANS,Good Kick Flare,42904124522579,197217886418
153484,GSTKFLRH802S-I1215-6,7652494901331,GOOD KICK FLARE JEANS,Good Kick Flare,42904124358739,197217886425
153485,GSTKFLRH802S-I1215-8,7652494901331,GOOD KICK FLARE JEANS,Good Kick Flare,42904124489811,197217886432
153486,GSTKFLRH802S-I1215-10,7652494901331,GOOD KICK FLARE JEANS,Good Kick Flare,42904124325971,197217886272
153487,GSTKFLRH802S-I1215-12,7652494901331,GOOD KICK FLARE JEANS,Good Kick Flare,42904124457043,197217886289
153488,GSTKFLRH802S-I1215-14,7652494901331,GOOD KICK FLARE JEANS,Good Kick Flare,42904124293203,197217886296
153489,GSTKFLRH802S-I1215-15,7652494901331,GOOD KICK FLARE JEANS,Good Kick Flare,42904124850259,197217886302
153490,GSTKFLRH802S-I1215-16,7652494901331,GOOD KICK FLARE JEANS,Good Kick Flare,42904124260435,197217886319
153491,GSTKFLRH802S-I1215-18,7652494901331,GOOD KICK FLARE JEANS,Good Kick Flare,42904124817491,197217886326
153492,GSTKFLRH802S-I1215-20,7652494901331,GOOD KICK FLARE JEANS,Good Kick Flare,42904124751955,197217886340
153493,GSTKFLRH802S-I1215-22,7652494901331,GOOD KICK FLARE JEANS,Good Kick Flare,42904124784723,197217886357
153494,GSTKFLRH802S-I1215-24,7652494901331,GOOD KICK FLARE JEANS,Good Kick Flare,42904124653651,197217886364
153495,GSTKFLRH802S-I1215-26,7652494901331,GOOD KICK FLARE JEANS,Good Kick Flare,42904124620883,197217886371
153496,GSTKFLRH802S-I1215-28,7652494901331,GOOD KICK FLARE JEANS,Good Kick Flare,42904124686419,197217886388
153497,GSTKFLRH802S-I1215-30,7652494901331,GOOD KICK FLARE JEANS,Good Kick Flare,42904124588115,197217886395
153498,GSTKFLRH802S-I1215-32,7652494901331,GOOD KICK FLARE JEANS,Good Kick Flare,42904124719187,197217886401
3241,GHRKFL144PS-CLW1-00,7454715674707,GOOD KICK FLARE JEANS,Good Kick Flare,42225474469971,197217735983
3242,GHRKFL144PS-CLW1-0,7454715674707,GOOD KICK FLARE JEANS,Good Kick Flare,42225474273363,197217735976
3243,GHRKFL144PS-CLW1-2,7454715674707,GOOD KICK FLARE JEANS,Good Kick Flare,42225474502739,197217736058
3244,GHRKFL144PS-CLW1-4,7454715674707,GOOD KICK FLARE JEANS,Good Kick Flare,42225474306131,197217736133
3245,GHRKFL144PS-CLW1-6,7454715674707,GOOD KICK FLARE JEANS,Good Kick Flare,42225474535507,197217736140
3246,GHRKFL144PS-CLW1-8,7454715674707,GOOD KICK FLARE JEANS,Good Kick Flare,42225474338899,197217736157
3247,GHRKFL144PS-CLW1-10,7454715674707,GOOD KICK FLARE JEANS,Good Kick Flare,42225474568275,197217735990
3248,GHRKFL144PS-CLW1-12,7454715674707,GOOD KICK FLARE JEANS,Good Kick Flare,42225474371667,197217736003
3249,GHRKFL144PS-CLW1-14,7454715674707,GOOD KICK FLARE JEANS,Good Kick Flare,42225474175059,197217736010
3250,GHRKFL144PS-CLW1-15,7454715674707,GOOD KICK FLARE JEANS,Good Kick Flare,42225474404435,197217736027
3251,GHRKFL144PS-CLW1-16,7454715674707,GOOD KICK FLARE JEANS,Good Kick Flare,42225474207827,197217736034
3252,GHRKFL144PS-CLW1-18,7454715674707,GOOD KICK FLARE JEANS,Good Kick Flare,42225474437203,197217736041
3253,GHRKFL144PS-CLW1-20,7454715674707,GOOD KICK FLARE JEANS,Good Kick Flare,42225474240595,197217736065
3254,GHRKFL144PS-CLW1-22,7454715674707,GOOD KICK FLARE JEANS,Good Kick Flare,42225474142291,197217736072
3255,GHRKFL144PS-CLW1-24,7454715674707,GOOD KICK FLARE JEANS,Good Kick Flare,42225474601043,197217736089
3256,GHRKFL144PS-CLW1-26,7454715674707,GOOD KICK FLARE JEANS,Good Kick Flare,42225474732115,197217736096
3257,GHRKFL144PS-CLW1-28,7454715674707,GOOD KICK FLARE JEANS,Good Kick Flare,42225474633811,197217736102
3258,GHRKFL144PS-CLW1-30,7454715674707,GOOD KICK FLARE JEANS,Good Kick Flare,42225474699347,197217736119
3259,GHRKFL144PS-CLW1-32,7454715674707,GOOD KICK FLARE JEANS,Good Kick Flare,42225474666579,197217736126
3260,GHRKFLRH144PS-FL03-00,7560277950547,GOOD KICK FLARE JEANS,Good Kick Flare,42544219390035,197217753178
3261,GHRKFLRH144PS-FL03-0,7560277950547,GOOD KICK FLARE JEANS,Good Kick Flare,42544219422803,197217753161
3262,GHRKFLRH144PS-FL03-2,7560277950547,GOOD KICK FLARE JEANS,Good Kick Flare,42544219455571,197217753246
3263,GHRKFLRH144PS-FL03-4,7560277950547,GOOD KICK FLARE JEANS,Good Kick Flare,42544219488339,197217753321
3264,GHRKFLRH144PS-FL03-6,7560277950547,GOOD KICK FLARE JEANS,Good Kick Flare,42544219521107,197217753338
3265,GHRKFLRH144PS-FL03-8,7560277950547,GOOD KICK FLARE JEANS,Good Kick Flare,42544219553875,197217753345
3266,GHRKFLRH144PS-FL03-10,7560277950547,GOOD KICK FLARE JEANS,Good Kick Flare,42544219586643,197217753185
3267,GHRKFLRH144PS-FL03-12,7560277950547,GOOD KICK FLARE JEANS,Good Kick Flare,42544219619411,197217753192
3268,GHRKFLRH144PS-FL03-14,7560277950547,GOOD KICK FLARE JEANS,Good Kick Flare,42544219652179,197217753208
3269,GHRKFLRH144PS-FL03-15,7560277950547,GOOD KICK FLARE JEANS,Good Kick Flare,42544219684947,197217753215
3270,GHRKFLRH144PS-FL03-16,7560277950547,GOOD KICK FLARE JEANS,Good Kick Flare,42544219717715,197217753222
3271,GHRKFLRH144PS-FL03-18,7560277950547,GOOD KICK FLARE JEANS,Good Kick Flare,42544219750483,197217753239
3272,GHRKFLRH144PS-FL03-20,7560277950547,GOOD KICK FLARE JEANS,Good Kick Flare,42544219783251,197217753253
3273,GHRKFLRH144PS-FL03-22,7560277950547,GOOD KICK FLARE JEANS,Good Kick Flare,42544219816019,197217753260
3274,GHRKFLRH144PS-FL03-24,7560277950547,GOOD KICK FLARE JEANS,Good Kick Flare,42544219848787,197217753277
3275,GHRKFLRH144PS-FL03-26,7560277950547,GOOD KICK FLARE JEANS,Good Kick Flare,42544219881555,197217753284
3276,GHRKFLRH144PS-FL03-28,7560277950547,GOOD KICK FLARE JEANS,Good Kick Flare,42544219914323,197217753291
3277,GHRKFLRH144PS-FL03-30,7560277950547,GOOD KICK FLARE JEANS,Good Kick Flare,42544219947091,197217753307
3278,GHRKFLRH144PS-FL03-32,7560277950547,GOOD KICK FLARE JEANS,Good Kick Flare,42544219979859,197217753314
1768,GHRKFN802S-I1014-00,7454715576403,GOOD KICK FLARE JEANS,Good Kick Flare,42225472929875,197217735419
1769,GHRKFN802S-I1014-0,7454715576403,GOOD KICK FLARE JEANS,Good Kick Flare,42225473486931,197217735402
1770,GHRKFN802S-I1014-2,7454715576403,GOOD KICK FLARE JEANS,Good Kick Flare,42225472995411,197217735488
1771,GHRKFN802S-I1014-4,7454715576403,GOOD KICK FLARE JEANS,Good Kick Flare,42225472667731,197217735563
1772,GHRKFN802S-I1014-6,7454715576403,GOOD KICK FLARE JEANS,Good Kick Flare,42225473028179,197217735570
1773,GHRKFN802S-I1014-8,7454715576403,GOOD KICK FLARE JEANS,Good Kick Flare,42225472700499,197217735587
1774,GHRKFN802S-I1014-10,7454715576403,GOOD KICK FLARE JEANS,Good Kick Flare,42225473093715,197217735426
1775,GHRKFN802S-I1014-12,7454715576403,GOOD KICK FLARE JEANS,Good Kick Flare,42225472733267,197217735433
1776,GHRKFN802S-I1014-14,7454715576403,GOOD KICK FLARE JEANS,Good Kick Flare,42225473159251,197217735440
1777,GHRKFN802S-I1014-15,7454715576403,GOOD KICK FLARE JEANS,Good Kick Flare,42225472766035,197217735457
1778,GHRKFN802S-I1014-16,7454715576403,GOOD KICK FLARE JEANS,Good Kick Flare,42225473224787,197217735464
1779,GHRKFN802S-I1014-18,7454715576403,GOOD KICK FLARE JEANS,Good Kick Flare,42225472798803,197217735471
1780,GHRKFN802S-I1014-20,7454715576403,GOOD KICK FLARE JEANS,Good Kick Flare,42225473290323,197217735495
1781,GHRKFN802S-I1014-22,7454715576403,GOOD KICK FLARE JEANS,Good Kick Flare,42225472831571,197217735501
1782,GHRKFN802S-I1014-24,7454715576403,GOOD KICK FLARE JEANS,Good Kick Flare,42225473323091,197217735518
1783,GHRKFN802S-I1014-26,7454715576403,GOOD KICK FLARE JEANS,Good Kick Flare,42225472897107,197217735525
1784,GHRKFN802S-I1014-28,7454715576403,GOOD KICK FLARE JEANS,Good Kick Flare,42225473421395,197217735532
1785,GHRKFN802S-I1014-30,7454715576403,GOOD KICK FLARE JEANS,Good Kick Flare,42225472602195,197217735549
1786,GHRKFN802S-I1014-32,7454715576403,GOOD KICK FLARE JEANS,Good Kick Flare,42225472634963,197217735556
153198,GSTKFLCH802S-I1212-00,7652494966867,GOOD KICK FLARE JEANS,Good Kick Flare,42904125374547,197217876198
153199,GSTKFLCH802S-I1212-0,7652494966867,GOOD KICK FLARE JEANS,Good Kick Flare,42904243437651,197217876181
153200,GSTKFLCH802S-I1212-2,7652494966867,GOOD KICK FLARE JEANS,Good Kick Flare,42904125407315,197217876266
153201,GSTKFLCH802S-I1212-4,7652494966867,GOOD KICK FLARE JEANS,Good Kick Flare,42904243470419,197217876341
153202,GSTKFLCH802S-I1212-6,7652494966867,GOOD KICK FLARE JEANS,Good Kick Flare,42904125440083,197217876358
153203,GSTKFLCH802S-I1212-8,7652494966867,GOOD KICK FLARE JEANS,Good Kick Flare,42904243503187,197217876365
153204,GSTKFLCH802S-I1212-10,7652494966867,GOOD KICK FLARE JEANS,Good Kick Flare,42904125472851,197217876204
153205,GSTKFLCH802S-I1212-12,7652494966867,GOOD KICK FLARE JEANS,Good Kick Flare,42904243535955,197217876211
153206,GSTKFLCH802S-I1212-14,7652494966867,GOOD KICK FLARE JEANS,Good Kick Flare,42904243241043,197217876228
153207,GSTKFLCH802S-I1212-15,7652494966867,GOOD KICK FLARE JEANS,Good Kick Flare,42904243568723,197217876235
153208,GSTKFLCH802S-I1212-16,7652494966867,GOOD KICK FLARE JEANS,Good Kick Flare,42904243273811,197217876242
153209,GSTKFLCH802S-I1212-18,7652494966867,GOOD KICK FLARE JEANS,Good Kick Flare,42904243601491,197217876259
153210,GSTKFLCH802S-I1212-20,7652494966867,GOOD KICK FLARE JEANS,Good Kick Flare,42904243306579,197217876273
153211,GSTKFLCH802S-I1212-22,7652494966867,GOOD KICK FLARE JEANS,Good Kick Flare,42904125276243,197217876280
153212,GSTKFLCH802S-I1212-24,7652494966867,GOOD KICK FLARE JEANS,Good Kick Flare,42904243339347,197217876297
153213,GSTKFLCH802S-I1212-26,7652494966867,GOOD KICK FLARE JEANS,Good Kick Flare,42904125309011,197217876303
153214,GSTKFLCH802S-I1212-28,7652494966867,GOOD KICK FLARE JEANS,Good Kick Flare,42904243372115,197217876310
153215,GSTKFLCH802S-I1212-30,7652494966867,GOOD KICK FLARE JEANS,Good Kick Flare,42904125341779,197217876327
153216,GSTKFLCH802S-I1212-32,7652494966867,GOOD KICK FLARE JEANS,Good Kick Flare,42904243404883,197217876334
2201,GHRKF802S-I954-00,7454717706323,GOOD KICK FLARE JEANS,Good Kick Flare,42225500422227,197217735792
2202,GHRKF802S-I954-0,7454717706323,GOOD KICK FLARE JEANS,Good Kick Flare,42225500880979,197217735785
2203,GHRKF802S-I954-2,7454717706323,GOOD KICK FLARE JEANS,Good Kick Flare,42225500454995,197217735860
2204,GHRKF802S-I954-4,7454717706323,GOOD KICK FLARE JEANS,Good Kick Flare,42225501077587,197217735945
2205,GHRKF802S-I954-6,7454717706323,GOOD KICK FLARE JEANS,Good Kick Flare,42225500487763,197217735952
2206,GHRKF802S-I954-8,7454717706323,GOOD KICK FLARE JEANS,Good Kick Flare,42225501012051,197217735969
2207,GHRKF802S-I954-10,7454717706323,GOOD KICK FLARE JEANS,Good Kick Flare,42225500520531,197217735808
2208,GHRKF802S-I954-12,7454717706323,GOOD KICK FLARE JEANS,Good Kick Flare,42225500946515,197217735815
2209,GHRKF802S-I954-14,7454717706323,GOOD KICK FLARE JEANS,Good Kick Flare,42225500553299,197217735822
2210,GHRKF802S-I954-15,7454717706323,GOOD KICK FLARE JEANS,Good Kick Flare,42225500258387,197217735839
2211,GHRKF802S-I954-16,7454717706323,GOOD KICK FLARE JEANS,Good Kick Flare,42225500586067,197217735846
2212,GHRKF802S-I954-18,7454717706323,GOOD KICK FLARE JEANS,Good Kick Flare,42225500291155,197217735853
2213,GHRKF802S-I954-20,7454717706323,GOOD KICK FLARE JEANS,Good Kick Flare,42225500618835,197217735877
2214,GHRKF802S-I954-22,7454717706323,GOOD KICK FLARE JEANS,Good Kick Flare,42225500323923,197217735884
2215,GHRKF802S-I954-24,7454717706323,GOOD KICK FLARE JEANS,Good Kick Flare,42225500684371,197217735891
2216,GHRKF802S-I954-26,7454717706323,GOOD KICK FLARE JEANS,Good Kick Flare,42225500356691,197217735907
2217,GHRKF802S-I954-28,7454717706323,GOOD KICK FLARE JEANS,Good Kick Flare,42225500717139,197217735914
2218,GHRKF802S-I954-30,7454717706323,GOOD KICK FLARE JEANS,Good Kick Flare,42225500389459,197217735921
2219,GHRKF802S-I954-32,7454717706323,GOOD KICK FLARE JEANS,Good Kick Flare,42225500782675,197217735938
1356,GFD440-LKL1-00,7509317714003,GOOD KICK FLARE LEOPARD JEANS,Good Kick Flare,42414938947667,197217776313
1357,GFD440-LKL1-0,7509317714003,GOOD KICK FLARE LEOPARD JEANS,Good Kick Flare,42414938619987,197217776306
1358,GFD440-LKL1-2,7509317714003,GOOD KICK FLARE LEOPARD JEANS,Good Kick Flare,42414938914899,197217776382
1359,GFD440-LKL1-4,7509317714003,GOOD KICK FLARE LEOPARD JEANS,Good Kick Flare,42414938587219,197217776467
1360,GFD440-LKL1-6,7509317714003,GOOD KICK FLARE LEOPARD JEANS,Good Kick Flare,42414938882131,197217776474
1361,GFD440-LKL1-8,7509317714003,GOOD KICK FLARE LEOPARD JEANS,Good Kick Flare,42414938554451,197217776481
1362,GFD440-LKL1-10,7509317714003,GOOD KICK FLARE LEOPARD JEANS,Good Kick Flare,42414938849363,197217776320
1363,GFD440-LKL1-12,7509317714003,GOOD KICK FLARE LEOPARD JEANS,Good Kick Flare,42414938521683,197217776337
1364,GFD440-LKL1-14,7509317714003,GOOD KICK FLARE LEOPARD JEANS,Good Kick Flare,42414938980435,197217776344
1365,GFD440-LKL1-15,7509317714003,GOOD KICK FLARE LEOPARD JEANS,Good Kick Flare,42414938488915,197217776351
1366,GFD440-LKL1-16,7509317714003,GOOD KICK FLARE LEOPARD JEANS,Good Kick Flare,42414938652755,197217776368
1367,GFD440-LKL1-18,7509317714003,GOOD KICK FLARE LEOPARD JEANS,Good Kick Flare,42414938456147,197217776375
1368,GFD440-LKL1-20,7509317714003,GOOD KICK FLARE LEOPARD JEANS,Good Kick Flare,42414938685523,197217776399
1369,GFD440-LKL1-22,7509317714003,GOOD KICK FLARE LEOPARD JEANS,Good Kick Flare,42414938423379,197217776405
1370,GFD440-LKL1-24,7509317714003,GOOD KICK FLARE LEOPARD JEANS,Good Kick Flare,42414938718291,197217776412
1371,GFD440-LKL1-26,7509317714003,GOOD KICK FLARE LEOPARD JEANS,Good Kick Flare,42414938390611,197217776429
1372,GFD440-LKL1-28,7509317714003,GOOD KICK FLARE LEOPARD JEANS,Good Kick Flare,42414938751059,197217776436
1373,GFD440-LKL1-30,7509317714003,GOOD KICK FLARE LEOPARD JEANS,Good Kick Flare,42414938816595,197217776443
1374,GFD440-LKL1-32,7509317714003,GOOD KICK FLARE LEOPARD JEANS,Good Kick Flare,42414938783827,197217776450
2945,GRSTD20T-PRL1-00,7455622168659,GOOD RELAXED STRAIGHT JEANS,Good Relaxed Straight,42229046247507,197217752294
2946,GRSTD20T-PRL1-0,7455622168659,GOOD RELAXED STRAIGHT JEANS,Good Relaxed Straight,42229046444115,197217752287
2947,GRSTD20T-PRL1-2,7455622168659,GOOD RELAXED STRAIGHT JEANS,Good Relaxed Straight,42229046280275,197217752362
2948,GRSTD20T-PRL1-4,7455622168659,GOOD RELAXED STRAIGHT JEANS,Good Relaxed Straight,42229046476883,197217752447
2949,GRSTD20T-PRL1-6,7455622168659,GOOD RELAXED STRAIGHT JEANS,Good Relaxed Straight,42229046313043,197217752454
2950,GRSTD20T-PRL1-8,7455622168659,GOOD RELAXED STRAIGHT JEANS,Good Relaxed Straight,42229046509651,197217752461
2951,GRSTD20T-PRL1-10,7455622168659,GOOD RELAXED STRAIGHT JEANS,Good Relaxed Straight,42229046345811,197217752300
2952,GRSTD20T-PRL1-12,7455622168659,GOOD RELAXED STRAIGHT JEANS,Good Relaxed Straight,42229046542419,197217752317
2953,GRSTD20T-PRL1-14,7455622168659,GOOD RELAXED STRAIGHT JEANS,Good Relaxed Straight,42229046378579,197217752324
2954,GRSTD20T-PRL1-15,7455622168659,GOOD RELAXED STRAIGHT JEANS,Good Relaxed Straight,42229046575187,197217752331
2955,GRSTD20T-PRL1-16,7455622168659,GOOD RELAXED STRAIGHT JEANS,Good Relaxed Straight,42229046411347,197217752348
2956,GRSTD20T-PRL1-18,7455622168659,GOOD RELAXED STRAIGHT JEANS,Good Relaxed Straight,42229046607955,197217752355
2957,GRSTD20T-PRL1-20,7455622168659,GOOD RELAXED STRAIGHT JEANS,Good Relaxed Straight,42229046116435,197217752379
2958,GRSTD20T-PRL1-22,7455622168659,GOOD RELAXED STRAIGHT JEANS,Good Relaxed Straight,42229046018131,197217752386
2959,GRSTD20T-PRL1-24,7455622168659,GOOD RELAXED STRAIGHT JEANS,Good Relaxed Straight,42229046083667,197217752393
2960,GRSTD20T-PRL1-26,7455622168659,GOOD RELAXED STRAIGHT JEANS,Good Relaxed Straight,42229046050899,197217752409
2961,GRSTD20T-PRL1-28,7455622168659,GOOD RELAXED STRAIGHT JEANS,Good Relaxed Straight,42229046181971,197217752416
2962,GRSTD20T-PRL1-30,7455622168659,GOOD RELAXED STRAIGHT JEANS,Good Relaxed Straight,42229046149203,197217752423
2963,GRSTD20T-PRL1-32,7455622168659,GOOD RELAXED STRAIGHT JEANS,Good Relaxed Straight,42229046214739,197217752430
1212,GS419TCET-K184-00,6946542452819,GOOD LEGS STRAIGHT JEANS,Good Legs Straight,42566621298771,197217066612
1213,GS419TCET-K184-0,6946542452819,GOOD LEGS STRAIGHT JEANS,Good Legs Straight,42566621266003,197217066476
1214,GS419TCET-K184-2,6946542452819,GOOD LEGS STRAIGHT JEANS,Good Legs Straight,42566621528147,197217066483
1215,GS419TCET-K184-4,6946542452819,GOOD LEGS STRAIGHT JEANS,Good Legs Straight,42566621691987,197217066490
1216,GS419TCET-K184-6,6946542452819,GOOD LEGS STRAIGHT JEANS,Good Legs Straight,42566621724755,197217066506
1217,GS419TCET-K184-8,6946542452819,GOOD LEGS STRAIGHT JEANS,Good Legs Straight,42566621757523,197217066513
1218,GS419TCET-K184-10,6946542452819,GOOD LEGS STRAIGHT JEANS,Good Legs Straight,42566621331539,197217066520
1219,GS419TCET-K184-12,6946542452819,GOOD LEGS STRAIGHT JEANS,Good Legs Straight,42566621364307,197217066537
1220,GS419TCET-K184-14,6946542452819,GOOD LEGS STRAIGHT JEANS,Good Legs Straight,42566621397075,197217066544
1221,GS419TCET-K184-15,6946542452819,GOOD LEGS STRAIGHT JEANS,Good Legs Straight,42566621429843,197217066629
1222,GS419TCET-K184-16,6946542452819,GOOD LEGS STRAIGHT JEANS,Good Legs Straight,42566621462611,197217066551
1223,GS419TCET-K184-18,6946542452819,GOOD LEGS STRAIGHT JEANS,Good Legs Straight,42566621495379,197217066568
1224,GS419TCET-K184-20,6946542452819,GOOD LEGS STRAIGHT JEANS,Good Legs Straight,42566621560915,197217066575
1225,GS419TCET-K184-22,6946542452819,GOOD LEGS STRAIGHT JEANS,Good Legs Straight,42566621593683,197217066582
1226,GS419TCET-K184-24,6946542452819,GOOD LEGS STRAIGHT JEANS,Good Legs Straight,42566621626451,197217066599
1227,GS419TCET-K184-26,6946542452819,GOOD LEGS STRAIGHT JEANS,Good Legs Straight,42566621659219,197217066605
1228,GS419TCET-K184-28,6946542452819,GOOD LEGS STRAIGHT JEANS,Good Legs Straight,41247165415507,197217089345
1229,GS419TCET-K184-30,6946542452819,GOOD LEGS STRAIGHT JEANS,Good Legs Straight,41247165448275,197217089352
1230,GS419TCET-K184-32,6946542452819,GOOD LEGS STRAIGHT JEANS,Good Legs Straight,41247165481043,197217476800
2698,GS014TE-I271-00,7426031517779,GOOD STRAIGHT COMPRESSION JEANS,Good Straight,42112548372563,197217617432
2699,GS014TE-I271-0,7426031517779,GOOD STRAIGHT COMPRESSION JEANS,Good Straight,42112548405331,197217617425
2700,GS014TE-I271-2,7426031517779,GOOD STRAIGHT COMPRESSION JEANS,Good Straight,42112548438099,197217617500
2701,GS014TE-I271-4,7426031517779,GOOD STRAIGHT COMPRESSION JEANS,Good Straight,42112548470867,197217617586
2702,GS014TE-I271-6,7426031517779,GOOD STRAIGHT COMPRESSION JEANS,Good Straight,42112548503635,197217617593
2703,GS014TE-I271-8,7426031517779,GOOD STRAIGHT COMPRESSION JEANS,Good Straight,42112548536403,197217617609
2704,GS014TE-I271-10,7426031517779,GOOD STRAIGHT COMPRESSION JEANS,Good Straight,42112548569171,197217617449
2705,GS014TE-I271-12,7426031517779,GOOD STRAIGHT COMPRESSION JEANS,Good Straight,42112548601939,197217617456
2706,GS014TE-I271-14,7426031517779,GOOD STRAIGHT COMPRESSION JEANS,Good Straight,42112548634707,197217617463
2707,GS014TE-I271-15,7426031517779,GOOD STRAIGHT COMPRESSION JEANS,Good Straight,42112548667475,197217617470
2708,GS014TE-I271-16,7426031517779,GOOD STRAIGHT COMPRESSION JEANS,Good Straight,42112548700243,197217617487
2709,GS014TE-I271-18,7426031517779,GOOD STRAIGHT COMPRESSION JEANS,Good Straight,42112548733011,197217617494
2710,GS014TE-I271-20,7426031517779,GOOD STRAIGHT COMPRESSION JEANS,Good Straight,42112548765779,197217617517
2711,GS014TE-I271-22,7426031517779,GOOD STRAIGHT COMPRESSION JEANS,Good Straight,42112548798547,197217617524
2712,GS014TE-I271-24,7426031517779,GOOD STRAIGHT COMPRESSION JEANS,Good Straight,42112548831315,197217617531
2713,GS014TE-I271-26,7426031517779,GOOD STRAIGHT COMPRESSION JEANS,Good Straight,42112548864083,197217617548
2714,GS014TE-I271-28,7426031517779,GOOD STRAIGHT COMPRESSION JEANS,Good Straight,42112548896851,197217617555
2715,GS014TE-I271-30,7426031517779,GOOD STRAIGHT COMPRESSION JEANS,Good Straight,42112548929619,197217617562
2716,GS014TE-I271-32,7426031517779,GOOD STRAIGHT COMPRESSION JEANS,Good Straight,42112548962387,197217617579
143235,GSBP941CET-B449-00,6957887815763,GOOD LEGS STRAIGHT JEANS,Good Legs Straight,42566615859283,197217066773
143236,GSBP941CET-B449-0,6957887815763,GOOD LEGS STRAIGHT JEANS,Good Legs Straight,42566616121427,197217066636
143237,GSBP941CET-B449-2,6957887815763,GOOD LEGS STRAIGHT JEANS,Good Legs Straight,42566616055891,197217066643
143238,GSBP941CET-B449-4,6957887815763,GOOD LEGS STRAIGHT JEANS,Good Legs Straight,42566616023123,197217066650
143239,GSBP941CET-B449-6,6957887815763,GOOD LEGS STRAIGHT JEANS,Good Legs Straight,42566615892051,197217066667
143240,GSBP941CET-B449-8,6957887815763,GOOD LEGS STRAIGHT JEANS,Good Legs Straight,42566615826515,197217066674
143241,GSBP941CET-B449-10,6957887815763,GOOD LEGS STRAIGHT JEANS,Good Legs Straight,42566615728211,197217066681
143242,GSBP941CET-B449-12,6957887815763,GOOD LEGS STRAIGHT JEANS,Good Legs Straight,42566615990355,197217066698
143243,GSBP941CET-B449-14,6957887815763,GOOD LEGS STRAIGHT JEANS,Good Legs Straight,42566615629907,197217066704
143244,GSBP941CET-B449-15,6957887815763,GOOD LEGS STRAIGHT JEANS,Good Legs Straight,42566615760979,197217066780
143245,GSBP941CET-B449-16,6957887815763,GOOD LEGS STRAIGHT JEANS,Good Legs Straight,42566615662675,197217066711
143246,GSBP941CET-B449-18,6957887815763,GOOD LEGS STRAIGHT JEANS,Good Legs Straight,42566616088659,197217066728
143247,GSBP941CET-B449-20,6957887815763,GOOD LEGS STRAIGHT JEANS,Good Legs Straight,42566615793747,197217066735
143248,GSBP941CET-B449-22,6957887815763,GOOD LEGS STRAIGHT JEANS,Good Legs Straight,42566615924819,197217066742
143249,GSBP941CET-B449-24,6957887815763,GOOD LEGS STRAIGHT JEANS,Good Legs Straight,42566615957587,197217066759
143250,GSBP941CET-B449-26,6957887815763,GOOD LEGS STRAIGHT JEANS,Good Legs Straight,42566615695443,197217066766
143251,GSBP941CET-B449-28,6957887815763,GOOD LEGS STRAIGHT JEANS,Good Legs Straight,42566616154195,197217080267
143252,GSBP941CET-B449-30,6957887815763,GOOD LEGS STRAIGHT JEANS,Good Legs Straight,42566616186963,197217081349
143253,GSBP941CET-B449-32,6957887815763,GOOD LEGS STRAIGHT JEANS,Good Legs Straight,41303532830803,197217476992
143254,GSBP941CET-B449-32-00,6957887815763,GOOD LEGS STRAIGHT JEANS,Good Legs Straight,42112394297427,197217482702
143255,GSBP941CET-B449-32-0,6957887815763,GOOD LEGS STRAIGHT JEANS,Good Legs Straight,42112394559571,197217482696
143256,GSBP941CET-B449-32-2,6957887815763,GOOD LEGS STRAIGHT JEANS,Good Legs Straight,42112394494035,197217482764
143257,GSBP941CET-B449-32-4,6957887815763,GOOD LEGS STRAIGHT JEANS,Good Legs Straight,42112394461267,197217482849
143258,GSBP941CET-B449-32-6,6957887815763,GOOD LEGS STRAIGHT JEANS,Good Legs Straight,42112394330195,197217482856
143259,GSBP941CET-B449-32-8,6957887815763,GOOD LEGS STRAIGHT JEANS,Good Legs Straight,42112394264659,197217482863
143260,GSBP941CET-B449-32-10,6957887815763,GOOD LEGS STRAIGHT JEANS,Good Legs Straight,42112394166355,197217482719
143261,GSBP941CET-B449-32-12,6957887815763,GOOD LEGS STRAIGHT JEANS,Good Legs Straight,42112394428499,197217482726
143262,GSBP941CET-B449-32-14,6957887815763,GOOD LEGS STRAIGHT JEANS,Good Legs Straight,42112394068051,197217482733
143263,GSBP941CET-B449-32-15,6957887815763,GOOD LEGS STRAIGHT JEANS,Good Legs Straight,42112394199123,197217483068
143264,GSBP941CET-B449-32-16,6957887815763,GOOD LEGS STRAIGHT JEANS,Good Legs Straight,42112394100819,197217482740
143265,GSBP941CET-B449-32-18,6957887815763,GOOD LEGS STRAIGHT JEANS,Good Legs Straight,42112394526803,197217482757
143266,GSBP941CET-B449-32-20,6957887815763,GOOD LEGS STRAIGHT JEANS,Good Legs Straight,42112394231891,197217482771
143267,GSBP941CET-B449-32-22,6957887815763,GOOD LEGS STRAIGHT JEANS,Good Legs Straight,42112394362963,197217482788
143268,GSBP941CET-B449-32-24,6957887815763,GOOD LEGS STRAIGHT JEANS,Good Legs Straight,42112394395731,197217482795
143269,GSBP941CET-B449-32-26,6957887815763,GOOD LEGS STRAIGHT JEANS,Good Legs Straight,42112394133587,197217482801
143270,GSBP941CET-B449-32-28,6957887815763,GOOD LEGS STRAIGHT JEANS,Good Legs Straight,42112394592339,197217482818
143271,GSBP941CET-B449-32-30,6957887815763,GOOD LEGS STRAIGHT JEANS,Good Legs Straight,42112394625107,197217482825
143272,GSBP941CET-B449-32-32,6957887815763,GOOD LEGS STRAIGHT JEANS,Good Legs Straight,42112394657875,197217482832
152210,GTSTD10T-I1147-00,7588751966291,GOOD TRUE STRAIGHT JEANS,Good True Straight,42655511281747,197217811359
152211,GTSTD10T-I1147-0,7588751966291,GOOD TRUE STRAIGHT JEANS,Good True Straight,42655511019603,197217811342
152212,GTSTD10T-I1147-2,7588751966291,GOOD TRUE STRAIGHT JEANS,Good True Straight,42655511248979,197217811427
152213,GTSTD10T-I1147-4,7588751966291,GOOD TRUE STRAIGHT JEANS,Good True Straight,42655510986835,197217811502
152214,GTSTD10T-I1147-6,7588751966291,GOOD TRUE STRAIGHT JEANS,Good True Straight,42655511216211,197217811519
152215,GTSTD10T-I1147-8,7588751966291,GOOD TRUE STRAIGHT JEANS,Good True Straight,42655511511123,197217811526
152216,GTSTD10T-I1147-10,7588751966291,GOOD TRUE STRAIGHT JEANS,Good True Straight,42655510954067,197217811366
152217,GTSTD10T-I1147-12,7588751966291,GOOD TRUE STRAIGHT JEANS,Good True Straight,42655511445587,197217811373
152218,GTSTD10T-I1147-14,7588751966291,GOOD TRUE STRAIGHT JEANS,Good True Straight,42655510921299,197217811380
152219,GTSTD10T-I1147-15,7588751966291,GOOD TRUE STRAIGHT JEANS,Good True Straight,42655511380051,197217811397
152220,GTSTD10T-I1147-16,7588751966291,GOOD TRUE STRAIGHT JEANS,Good True Straight,42655510888531,197217811403
152221,GTSTD10T-I1147-18,7588751966291,GOOD TRUE STRAIGHT JEANS,Good True Straight,42655511314515,197217811410
152222,GTSTD10T-I1147-20,7588751966291,GOOD TRUE STRAIGHT JEANS,Good True Straight,42655511183443,197217811434
152223,GTSTD10T-I1147-22,7588751966291,GOOD TRUE STRAIGHT JEANS,Good True Straight,42655511576659,197217811441
152224,GTSTD10T-I1147-24,7588751966291,GOOD TRUE STRAIGHT JEANS,Good True Straight,42655511150675,197217811458
152225,GTSTD10T-I1147-26,7588751966291,GOOD TRUE STRAIGHT JEANS,Good True Straight,42655511052371,197217811465
152226,GTSTD10T-I1147-28,7588751966291,GOOD TRUE STRAIGHT JEANS,Good True Straight,42655511117907,197217811472
152227,GTSTD10T-I1147-30,7588751966291,GOOD TRUE STRAIGHT JEANS,Good True Straight,42655511347283,197217811489
152228,GTSTD10T-I1147-32,7588751966291,GOOD TRUE STRAIGHT JEANS,Good True Straight,42655511085139,197217811496
152717,GVST062-I1220-00,7654931398739,VINTAGE STRAIGHT ANKLE,Vintage Straight Ankle,42916161847379,197217947720
152718,GVST062-I1220-0,7654931398739,VINTAGE STRAIGHT ANKLE,Vintage Straight Ankle,42916161519699,197217947713
152719,GVST062-I1220-2,7654931398739,VINTAGE STRAIGHT ANKLE,Vintage Straight Ankle,42916161814611,197217947799
152720,GVST062-I1220-4,7654931398739,VINTAGE STRAIGHT ANKLE,Vintage Straight Ankle,42916161486931,197217947874
152721,GVST062-I1220-6,7654931398739,VINTAGE STRAIGHT ANKLE,Vintage Straight Ankle,42916161781843,197217947881
152722,GVST062-I1220-8,7654931398739,VINTAGE STRAIGHT ANKLE,Vintage Straight Ankle,42916162076755,197217947898
152723,GVST062-I1220-10,7654931398739,VINTAGE STRAIGHT ANKLE,Vintage Straight Ankle,42916161749075,197217947737
152724,GVST062-I1220-12,7654931398739,VINTAGE STRAIGHT ANKLE,Vintage Straight Ankle,42916162043987,197217947744
152725,GVST062-I1220-14,7654931398739,VINTAGE STRAIGHT ANKLE,Vintage Straight Ankle,42916161716307,197217947751
152726,GVST062-I1221-00,7654931365971,VINTAGE STRAIGHT ANKLE,Vintage Straight Ankle,42936028954707,197217947911
152727,GVST062-I1221-0,7654931365971,VINTAGE STRAIGHT ANKLE,Vintage Straight Ankle,42936028921939,197217947904
152728,GVST062-I1221-2,7654931365971,VINTAGE STRAIGHT ANKLE,Vintage Straight Ankle,42916160929875,197217947980
152729,GVST062-I1221-4,7654931365971,VINTAGE STRAIGHT ANKLE,Vintage Straight Ankle,42936028889171,197217948062
152730,GVST062-I1221-6,7654931365971,VINTAGE STRAIGHT ANKLE,Vintage Straight Ankle,42916160962643,197217948079
152731,GVST062-I1221-8,7654931365971,VINTAGE STRAIGHT ANKLE,Vintage Straight Ankle,42916161421395,197217948086
152732,GVST062-I1221-10,7654931365971,VINTAGE STRAIGHT ANKLE,Vintage Straight Ankle,42916160995411,197217947928
152733,GVST062-I1221-12,7654931365971,VINTAGE STRAIGHT ANKLE,Vintage Straight Ankle,42916161388627,197217947935
152734,GVST062-I1221-14,7654931365971,VINTAGE STRAIGHT ANKLE,Vintage Straight Ankle,42916161028179,197217947942
152735,GVST062-I1222-00,7654930841683,VINTAGE STRAIGHT ANKLE,Vintage Straight Ankle,42916159127635,197217948109
152736,GVST062-I1222-0,7654930841683,VINTAGE STRAIGHT ANKLE,Vintage Straight Ankle,42916159422547,197217948093
152737,GVST062-I1222-2,7654930841683,VINTAGE STRAIGHT ANKLE,Vintage Straight Ankle,42916159062099,197217948178
152738,GVST062-I1222-4,7654930841683,VINTAGE STRAIGHT ANKLE,Vintage Straight Ankle,42916159389779,197217948253
152739,GVST062-I1222-6,7654930841683,VINTAGE STRAIGHT ANKLE,Vintage Straight Ankle,42916159455315,197217948260
152740,GVST062-I1222-8,7654930841683,VINTAGE STRAIGHT ANKLE,Vintage Straight Ankle,42916159357011,197217948277
152741,GVST062-I1222-10,7654930841683,VINTAGE STRAIGHT ANKLE,Vintage Straight Ankle,42916159488083,197217948116
152742,GVST062-I1222-12,7654930841683,VINTAGE STRAIGHT ANKLE,Vintage Straight Ankle,42916159324243,197217948123
152743,GVST062-I1222-14,7654930841683,VINTAGE STRAIGHT ANKLE,Vintage Straight Ankle,42916159029331,197217948130
152744,GVST062-I1222-15,7654930841683,VINTAGE STRAIGHT ANKLE,Vintage Straight Ankle,42916159291475,197217948147
152745,GVST062-I1222-16,7654930841683,VINTAGE STRAIGHT ANKLE,Vintage Straight Ankle,42916158996563,197217948154
152746,GVST062-I1222-18,7654930841683,VINTAGE STRAIGHT ANKLE,Vintage Straight Ankle,42916159258707,197217948161
152747,GVST062-I1222-20,7654930841683,VINTAGE STRAIGHT ANKLE,Vintage Straight Ankle,42916158963795,197217948185
152748,GVST062-I1222-22,7654930841683,VINTAGE STRAIGHT ANKLE,Vintage Straight Ankle,42916159225939,197217948192
152749,GVST062-I1222-24,7654930841683,VINTAGE STRAIGHT ANKLE,Vintage Straight Ankle,42916159520851,197217948208
152750,GVST062-I1222-26,7654930841683,VINTAGE STRAIGHT ANKLE,Vintage Straight Ankle,42916159193171,197217948215
152751,GVST062-I1222-28,7654930841683,VINTAGE STRAIGHT ANKLE,Vintage Straight Ankle,42916159553619,197217948222
152752,GVST062-I1222-30,7654930841683,VINTAGE STRAIGHT ANKLE,Vintage Straight Ankle,42916159160403,197217948239
152753,GVST062-I1222-32,7654930841683,VINTAGE STRAIGHT ANKLE,Vintage Straight Ankle,42916159094867,197217948246
154652,GVTS235PTI-BTG-00,7652515643475,VINTAGE STRAIGHT ANKLE,Vintage Straight Ankle,42904331944019,197217943333
154653,GVTS235PTI-BTG-0,7652515643475,VINTAGE STRAIGHT ANKLE,Vintage Straight Ankle,42904332402771,197217943326
154654,GVTS235PTI-BTG-2,7652515643475,VINTAGE STRAIGHT ANKLE,Vintage Straight Ankle,42904331976787,197217943401
154655,GVTS235PTI-BTG-4,7652515643475,VINTAGE STRAIGHT ANKLE,Vintage Straight Ankle,42904331812947,197217943487
154656,GVTS235PTI-BTG-6,7652515643475,VINTAGE STRAIGHT ANKLE,Vintage Straight Ankle,42904332009555,197217943494
154657,GVTS235PTI-BTG-8,7652515643475,VINTAGE STRAIGHT ANKLE,Vintage Straight Ankle,42904331845715,197217943500
154658,GVTS235PTI-BTG-10,7652515643475,VINTAGE STRAIGHT ANKLE,Vintage Straight Ankle,42904332042323,197217943340
154659,GVTS235PTI-BTG-12,7652515643475,VINTAGE STRAIGHT ANKLE,Vintage Straight Ankle,42904331878483,197217943357
154660,GVTS235PTI-BTG-14,7652515643475,VINTAGE STRAIGHT ANKLE,Vintage Straight Ankle,42904332075091,197217943364
154661,GVTS235PTI-BTG-15,7652515643475,VINTAGE STRAIGHT ANKLE,Vintage Straight Ankle,42904331911251,197217943371
154662,GVTS235PTI-BTG-16,7652515643475,VINTAGE STRAIGHT ANKLE,Vintage Straight Ankle,42904332107859,197217943388
154663,GVTS235PTI-BTG-18,7652515643475,VINTAGE STRAIGHT ANKLE,Vintage Straight Ankle,42904332271699,197217943395
154664,GVTS235PTI-BTG-20,7652515643475,VINTAGE STRAIGHT ANKLE,Vintage Straight Ankle,42904332140627,197217943418
154665,GVTS235PTI-BTG-22,7652515643475,VINTAGE STRAIGHT ANKLE,Vintage Straight Ankle,42904332238931,197217943425
154666,GVTS235PTI-BTG-24,7652515643475,VINTAGE STRAIGHT ANKLE,Vintage Straight Ankle,42904332173395,197217943432
154667,GVTS235PTI-BTG-26,7652515643475,VINTAGE STRAIGHT ANKLE,Vintage Straight Ankle,42904332337235,197217943449
154668,GVTS235PTI-BTG-28,7652515643475,VINTAGE STRAIGHT ANKLE,Vintage Straight Ankle,42904332206163,197217943456
154669,GVTS235PTI-BTG-30,7652515643475,VINTAGE STRAIGHT ANKLE,Vintage Straight Ankle,42904332370003,197217943463
154670,GVTS235PTI-BTG-32,7652515643475,VINTAGE STRAIGHT ANKLE,Vintage Straight Ankle,42904332304467,197217943470
3021,GWCSBP941T-I326-00,6899006341203,GOOD WAIST SKINNY CROPPED JEANS,Good Waist Skinny Crop,42633959702611,019675756013
3022,GWCSBP941T-I326-0,6899006341203,GOOD WAIST SKINNY CROPPED JEANS,Good Waist Skinny Crop,42633959669843,019675755870
3023,GWCSBP941T-I326-2,6899006341203,GOOD WAIST SKINNY CROPPED JEANS,Good Waist Skinny Crop,42633959931987,019675755887
3024,GWCSBP941T-I326-4,6899006341203,GOOD WAIST SKINNY CROPPED JEANS,Good Waist Skinny Crop,42633960095827,019675755894
3025,GWCSBP941T-I326-6,6899006341203,GOOD WAIST SKINNY CROPPED JEANS,Good Waist Skinny Crop,42633960128595,019675755900
3026,GWCSBP941T-I326-8,6899006341203,GOOD WAIST SKINNY CROPPED JEANS,Good Waist Skinny Crop,42633960161363,019675755917
3027,GWCSBP941T-I326-10,6899006341203,GOOD WAIST SKINNY CROPPED JEANS,Good Waist Skinny Crop,42633959735379,019675755924
3028,GWCSBP941T-I326-12,6899006341203,GOOD WAIST SKINNY CROPPED JEANS,Good Waist Skinny Crop,42633959768147,019675755931
3029,GWCSBP941T-I326-14,6899006341203,GOOD WAIST SKINNY CROPPED JEANS,Good Waist Skinny Crop,42633959800915,019675755948
3030,GWCSBP941T-I326-15,6899006341203,GOOD WAIST SKINNY CROPPED JEANS,Good Waist Skinny Crop,42633959833683,019675756020
3031,GWCSBP941T-I326-16,6899006341203,GOOD WAIST SKINNY CROPPED JEANS,Good Waist Skinny Crop,42633959866451,019675755955
3032,GWCSBP941T-I326-18,6899006341203,GOOD WAIST SKINNY CROPPED JEANS,Good Waist Skinny Crop,42633959899219,019675755962
3033,GWCSBP941T-I326-20,6899006341203,GOOD WAIST SKINNY CROPPED JEANS,Good Waist Skinny Crop,42633959964755,019675755979
3034,GWCSBP941T-I326-22,6899006341203,GOOD WAIST SKINNY CROPPED JEANS,Good Waist Skinny Crop,42633959997523,019675755986
3035,GWCSBP941T-I326-24,6899006341203,GOOD WAIST SKINNY CROPPED JEANS,Good Waist Skinny Crop,42633960030291,019675755993
3036,GWCSBP941T-I326-26,6899006341203,GOOD WAIST SKINNY CROPPED JEANS,Good Waist Skinny Crop,42633960063059,019675756006
3037,GWCSBP941T-I326-28,6899006341203,GOOD WAIST SKINNY CROPPED JEANS,Good Waist Skinny Crop,41303919099987,197217477166
3038,GWCSBP941T-I326-30,6899006341203,GOOD WAIST SKINNY CROPPED JEANS,Good Waist Skinny Crop,41303919132755,197217477173
3039,GWCSBP941T-I326-32,6899006341203,GOOD WAIST SKINNY CROPPED JEANS,Good Waist Skinny Crop,41303919165523,197217477180
1250,GWPC47SBT-K001-00,7246582317139,GOOD WAIST CROPPED PALAZZO NEVER FADE JEANS,Good Waist Palazzo Crop,41634997633107,197217619955
1251,GWPC47SBT-K001-0,7246582317139,GOOD WAIST CROPPED PALAZZO NEVER FADE JEANS,Good Waist Palazzo Crop,41634997698643,197217619948
1252,GWPC47SBT-K001-2,7246582317139,GOOD WAIST CROPPED PALAZZO NEVER FADE JEANS,Good Waist Palazzo Crop,41634997272659,197217620029
1253,GWPC47SBT-K001-4,7246582317139,GOOD WAIST CROPPED PALAZZO NEVER FADE JEANS,Good Waist Palazzo Crop,41634997665875,197217620104
1254,GWPC47SBT-K001-6,7246582317139,GOOD WAIST CROPPED PALAZZO NEVER FADE JEANS,Good Waist Palazzo Crop,41634997436499,197217620111
1255,GWPC47SBT-K001-8,7246582317139,GOOD WAIST CROPPED PALAZZO NEVER FADE JEANS,Good Waist Palazzo Crop,41634997239891,197217620128
1256,GWPC47SBT-K001-10,7246582317139,GOOD WAIST CROPPED PALAZZO NEVER FADE JEANS,Good Waist Palazzo Crop,41634997600339,197217619962
1257,GWPC47SBT-K001-12,7246582317139,GOOD WAIST CROPPED PALAZZO NEVER FADE JEANS,Good Waist Palazzo Crop,41634997207123,197217619979
1258,GWPC47SBT-K001-14,7246582317139,GOOD WAIST CROPPED PALAZZO NEVER FADE JEANS,Good Waist Palazzo Crop,41634997338195,197217619986
1259,GWPC47SBT-K001-15,7246582317139,GOOD WAIST CROPPED PALAZZO NEVER FADE JEANS,Good Waist Palazzo Crop,41634997174355,197217619993
1260,GWPC47SBT-K001-16,7246582317139,GOOD WAIST CROPPED PALAZZO NEVER FADE JEANS,Good Waist Palazzo Crop,41634997305427,197217620005
1261,GWPC47SBT-K001-18,7246582317139,GOOD WAIST CROPPED PALAZZO NEVER FADE JEANS,Good Waist Palazzo Crop,41634997141587,197217620012
1262,GWPC47SBT-K001-20,7246582317139,GOOD WAIST CROPPED PALAZZO NEVER FADE JEANS,Good Waist Palazzo Crop,41634997502035,197217620036
1263,GWPC47SBT-K001-22,7246582317139,GOOD WAIST CROPPED PALAZZO NEVER FADE JEANS,Good Waist Palazzo Crop,41634997108819,197217620043
1264,GWPC47SBT-K001-24,7246582317139,GOOD WAIST CROPPED PALAZZO NEVER FADE JEANS,Good Waist Palazzo Crop,41634997469267,197217620050
1265,GWPC47SBT-K001-26,7246582317139,GOOD WAIST CROPPED PALAZZO NEVER FADE JEANS,Good Waist Palazzo Crop,41634997567571,197217620067
1266,GWPC47SBT-K001-28,7246582317139,GOOD WAIST CROPPED PALAZZO NEVER FADE JEANS,Good Waist Palazzo Crop,41634997403731,197217620074
1267,GWPC47SBT-K001-30,7246582317139,GOOD WAIST CROPPED PALAZZO NEVER FADE JEANS,Good Waist Palazzo Crop,41634997534803,197217620081
1268,GWPC47SBT-K001-32,7246582317139,GOOD WAIST CROPPED PALAZZO NEVER FADE JEANS,Good Waist Palazzo Crop,41634997370963,197217620098
2598,GFD462-HBP1-00,7454717739091,GOOD WAIST CROPPED PALAZZO JEANS,Good Waist Palazzo Crop,42225501208659,197217734849
2599,GFD462-HBP1-0,7454717739091,GOOD WAIST CROPPED PALAZZO JEANS,Good Waist Palazzo Crop,42225501175891,197217734832
2600,GFD462-HBP1-2,7454717739091,GOOD WAIST CROPPED PALAZZO JEANS,Good Waist Palazzo Crop,42225501241427,197217734917
2601,GFD462-HBP1-4,7454717739091,GOOD WAIST CROPPED PALAZZO JEANS,Good Waist Palazzo Crop,42225500651603,197217734993
2602,GFD462-HBP1-6,7454717739091,GOOD WAIST CROPPED PALAZZO JEANS,Good Waist Palazzo Crop,42225501274195,197217735006
2603,GFD462-HBP1-8,7454717739091,GOOD WAIST CROPPED PALAZZO JEANS,Good Waist Palazzo Crop,42225500749907,197217735013
2604,GFD462-HBP1-10,7454717739091,GOOD WAIST CROPPED PALAZZO JEANS,Good Waist Palazzo Crop,42225501306963,197217734856
2605,GFD462-HBP1-12,7454717739091,GOOD WAIST CROPPED PALAZZO JEANS,Good Waist Palazzo Crop,42225500815443,197217734863
2606,GFD462-HBP1-14,7454717739091,GOOD WAIST CROPPED PALAZZO JEANS,Good Waist Palazzo Crop,42225501339731,197217734870
2607,GFD462-HBP1-15,7454717739091,GOOD WAIST CROPPED PALAZZO JEANS,Good Waist Palazzo Crop,42225500848211,197217734887
2608,GFD462-HBP1-16,7454717739091,GOOD WAIST CROPPED PALAZZO JEANS,Good Waist Palazzo Crop,42225501372499,197217734894
2609,GFD462-HBP1-18,7454717739091,GOOD WAIST CROPPED PALAZZO JEANS,Good Waist Palazzo Crop,42225500913747,197217734900
2610,GFD462-HBP1-20,7454717739091,GOOD WAIST CROPPED PALAZZO JEANS,Good Waist Palazzo Crop,42225501405267,197217734924
2611,GFD462-HBP1-22,7454717739091,GOOD WAIST CROPPED PALAZZO JEANS,Good Waist Palazzo Crop,42225500979283,197217734931
2612,GFD462-HBP1-24,7454717739091,GOOD WAIST CROPPED PALAZZO JEANS,Good Waist Palazzo Crop,42225501438035,197217734948
2613,GFD462-HBP1-26,7454717739091,GOOD WAIST CROPPED PALAZZO JEANS,Good Waist Palazzo Crop,42225501044819,197217734955
2614,GFD462-HBP1-28,7454717739091,GOOD WAIST CROPPED PALAZZO JEANS,Good Waist Palazzo Crop,42225501470803,197217734962
2615,GFD462-HBP1-30,7454717739091,GOOD WAIST CROPPED PALAZZO JEANS,Good Waist Palazzo Crop,42225501110355,197217734979
2616,GFD462-HBP1-32,7454717739091,GOOD WAIST CROPPED PALAZZO JEANS,Good Waist Palazzo Crop,42225501143123,197217734986
1586,GWPC802T-I338-00,7084018073683,GOOD WAIST CROPPED PALAZZO JEANS,Good Waist Palazzo Crop,41121569865811,197217417148
1587,GWPC802T-I338-0,7084018073683,GOOD WAIST CROPPED PALAZZO JEANS,Good Waist Palazzo Crop,41121569898579,197217416530
1588,GWPC802T-I338-2,7084018073683,GOOD WAIST CROPPED PALAZZO JEANS,Good Waist Palazzo Crop,41121569931347,197217421275
1589,GWPC802T-I338-4,7084018073683,GOOD WAIST CROPPED PALAZZO JEANS,Good Waist Palazzo Crop,41121569964115,197217426157
1590,GWPC802T-I338-6,7084018073683,GOOD WAIST CROPPED PALAZZO JEANS,Good Waist Palazzo Crop,41121569996883,197217426775
1591,GWPC802T-I338-8,7084018073683,GOOD WAIST CROPPED PALAZZO JEANS,Good Waist Palazzo Crop,41121570029651,197217427291
1592,GWPC802T-I338-10,7084018073683,GOOD WAIST CROPPED PALAZZO JEANS,Good Waist Palazzo Crop,41121570062419,197217417780
1593,GWPC802T-I338-12,7084018073683,GOOD WAIST CROPPED PALAZZO JEANS,Good Waist Palazzo Crop,41121570095187,197217418381
1594,GWPC802T-I338-14,7084018073683,GOOD WAIST CROPPED PALAZZO JEANS,Good Waist Palazzo Crop,41121570127955,197217418961
1595,GWPC802T-I338-15,7084018073683,GOOD WAIST CROPPED PALAZZO JEANS,Good Waist Palazzo Crop,41121570160723,197217419524
1596,GWPC802T-I338-16,7084018073683,GOOD WAIST CROPPED PALAZZO JEANS,Good Waist Palazzo Crop,41121570193491,197217420100
1597,GWPC802T-I338-18,7084018073683,GOOD WAIST CROPPED PALAZZO JEANS,Good Waist Palazzo Crop,41121570226259,197217420698
1598,GWPC802T-I338-20,7084018073683,GOOD WAIST CROPPED PALAZZO JEANS,Good Waist Palazzo Crop,41121570259027,197217421909
1599,GWPC802T-I338-22,7084018073683,GOOD WAIST CROPPED PALAZZO JEANS,Good Waist Palazzo Crop,41121570291795,197217422517
1600,GWPC802T-I338-24,7084018073683,GOOD WAIST CROPPED PALAZZO JEANS,Good Waist Palazzo Crop,41121570324563,197217423149
1601,GWPC802T-I338-26,7084018073683,GOOD WAIST CROPPED PALAZZO JEANS,Good Waist Palazzo Crop,41121570357331,197217423675
1602,GWPC802T-I338-28,7084018073683,GOOD WAIST CROPPED PALAZZO JEANS,Good Waist Palazzo Crop,41121570390099,197217424283
1603,GWPC802T-I338-30,7084018073683,GOOD WAIST CROPPED PALAZZO JEANS,Good Waist Palazzo Crop,41121570422867,197217424917
1604,GWPC802T-I338-32,7084018073683,GOOD WAIST CROPPED PALAZZO JEANS,Good Waist Palazzo Crop,41121570455635,197217425532
150392,GWPC046PT-W001-00,7509673082963,GOOD WAIST CROPPED PALAZZO JEANS,Good Waist Palazzo Crop,42416347578451,197217704088
150393,GWPC046PT-W001-0,7509673082963,GOOD WAIST CROPPED PALAZZO JEANS,Good Waist Palazzo Crop,42416347906131,197217704071
150394,GWPC046PT-W001-2,7509673082963,GOOD WAIST CROPPED PALAZZO JEANS,Good Waist Palazzo Crop,42416347611219,197217704156
150395,GWPC046PT-W001-4,7509673082963,GOOD WAIST CROPPED PALAZZO JEANS,Good Waist Palazzo Crop,42416347938899,197217704231
150396,GWPC046PT-W001-6,7509673082963,GOOD WAIST CROPPED PALAZZO JEANS,Good Waist Palazzo Crop,42416347643987,197217704248
150397,GWPC046PT-W001-8,7509673082963,GOOD WAIST CROPPED PALAZZO JEANS,Good Waist Palazzo Crop,42416347349075,197217704255
150398,GWPC046PT-W001-10,7509673082963,GOOD WAIST CROPPED PALAZZO JEANS,Good Waist Palazzo Crop,42416347676755,197217704095
150399,GWPC046PT-W001-12,7509673082963,GOOD WAIST CROPPED PALAZZO JEANS,Good Waist Palazzo Crop,42416347381843,197217704101
150400,GWPC046PT-W001-14,7509673082963,GOOD WAIST CROPPED PALAZZO JEANS,Good Waist Palazzo Crop,42416347709523,197217704118
150401,GWPC046PT-W001-15,7509673082963,GOOD WAIST CROPPED PALAZZO JEANS,Good Waist Palazzo Crop,42416347414611,197217704125
150402,GWPC046PT-W001-16,7509673082963,GOOD WAIST CROPPED PALAZZO JEANS,Good Waist Palazzo Crop,42416347742291,197217704132
150403,GWPC046PT-W001-18,7509673082963,GOOD WAIST CROPPED PALAZZO JEANS,Good Waist Palazzo Crop,42416347447379,197217704149
150404,GWPC046PT-W001-20,7509673082963,GOOD WAIST CROPPED PALAZZO JEANS,Good Waist Palazzo Crop,42416347775059,197217704163
150405,GWPC046PT-W001-22,7509673082963,GOOD WAIST CROPPED PALAZZO JEANS,Good Waist Palazzo Crop,42416347480147,197217704170
150406,GWPC046PT-W001-24,7509673082963,GOOD WAIST CROPPED PALAZZO JEANS,Good Waist Palazzo Crop,42416347807827,197217704187
150407,GWPC046PT-W001-26,7509673082963,GOOD WAIST CROPPED PALAZZO JEANS,Good Waist Palazzo Crop,42416347512915,197217704194
150408,GWPC046PT-W001-28,7509673082963,GOOD WAIST CROPPED PALAZZO JEANS,Good Waist Palazzo Crop,42416347840595,197217704200
150409,GWPC046PT-W001-30,7509673082963,GOOD WAIST CROPPED PALAZZO JEANS,Good Waist Palazzo Crop,42416347545683,197217704217
150410,GWPC046PT-W001-32,7509673082963,GOOD WAIST CROPPED PALAZZO JEANS,Good Waist Palazzo Crop,42416347873363,197217704224
1155,GW014TE-I312-00,7426031485011,GOOD WAIST SKINNY COMPRESSION JEANS,Good Waist Skinny,42112547749971,197217617814
1156,GW014TE-I312-0,7426031485011,GOOD WAIST SKINNY COMPRESSION JEANS,Good Waist Skinny,42112547782739,197217617807
1157,GW014TE-I312-2,7426031485011,GOOD WAIST SKINNY COMPRESSION JEANS,Good Waist Skinny,42112547815507,197217617883
1158,GW014TE-I312-4,7426031485011,GOOD WAIST SKINNY COMPRESSION JEANS,Good Waist Skinny,42112547848275,197217617968
1159,GW014TE-I312-6,7426031485011,GOOD WAIST SKINNY COMPRESSION JEANS,Good Waist Skinny,42112547881043,197217617975
1160,GW014TE-I312-8,7426031485011,GOOD WAIST SKINNY COMPRESSION JEANS,Good Waist Skinny,42112547913811,197217617982
1161,GW014TE-I312-10,7426031485011,GOOD WAIST SKINNY COMPRESSION JEANS,Good Waist Skinny,42112547946579,197217617821
1162,GW014TE-I312-12,7426031485011,GOOD WAIST SKINNY COMPRESSION JEANS,Good Waist Skinny,42112547979347,197217617838
1163,GW014TE-I312-14,7426031485011,GOOD WAIST SKINNY COMPRESSION JEANS,Good Waist Skinny,42112548012115,197217617845
1164,GW014TE-I312-15,7426031485011,GOOD WAIST SKINNY COMPRESSION JEANS,Good Waist Skinny,42112548044883,197217617852
1165,GW014TE-I312-16,7426031485011,GOOD WAIST SKINNY COMPRESSION JEANS,Good Waist Skinny,42112548077651,197217617869
1166,GW014TE-I312-18,7426031485011,GOOD WAIST SKINNY COMPRESSION JEANS,Good Waist Skinny,42112548110419,197217617876
1167,GW014TE-I312-20,7426031485011,GOOD WAIST SKINNY COMPRESSION JEANS,Good Waist Skinny,42112548143187,197217617890
1168,GW014TE-I312-22,7426031485011,GOOD WAIST SKINNY COMPRESSION JEANS,Good Waist Skinny,42112548175955,197217617906
1169,GW014TE-I312-24,7426031485011,GOOD WAIST SKINNY COMPRESSION JEANS,Good Waist Skinny,42112548208723,197217617913
1170,GW014TE-I312-26,7426031485011,GOOD WAIST SKINNY COMPRESSION JEANS,Good Waist Skinny,42112548241491,197217617920
1171,GW014TE-I312-28,7426031485011,GOOD WAIST SKINNY COMPRESSION JEANS,Good Waist Skinny,42112548274259,197217617937
1172,GW014TE-I312-30,7426031485011,GOOD WAIST SKINNY COMPRESSION JEANS,Good Waist Skinny,42112548307027,197217617944
1173,GW014TE-I312-32,7426031485011,GOOD WAIST SKINNY COMPRESSION JEANS,Good Waist Skinny,42112548339795,197217617951
2220,GWPCBE384T-I999-00,7509598306387,GOOD WAIST PALAZZO CROPPED JEANS,Good Waist Palazzo Crop,42416117907539,197217772087
2221,GWPCBE384T-I999-0,7509598306387,GOOD WAIST PALAZZO CROPPED JEANS,Good Waist Palazzo Crop,42416118136915,197217772070
2222,GWPCBE384T-I999-2,7509598306387,GOOD WAIST PALAZZO CROPPED JEANS,Good Waist Palazzo Crop,42416117940307,197217772186
2223,GWPCBE384T-I999-4,7509598306387,GOOD WAIST PALAZZO CROPPED JEANS,Good Waist Palazzo Crop,42416118169683,197217772278
2224,GWPCBE384T-I999-6,7509598306387,GOOD WAIST PALAZZO CROPPED JEANS,Good Waist Palazzo Crop,42416117973075,197217772292
2225,GWPCBE384T-I999-8,7509598306387,GOOD WAIST PALAZZO CROPPED JEANS,Good Waist Palazzo Crop,42416118202451,197217772315
2226,GWPCBE384T-I999-10,7509598306387,GOOD WAIST PALAZZO CROPPED JEANS,Good Waist Palazzo Crop,42416118005843,197217772100
2227,GWPCBE384T-I999-12,7509598306387,GOOD WAIST PALAZZO CROPPED JEANS,Good Waist Palazzo Crop,42416118235219,197217772124
2228,GWPCBE384T-I999-14,7509598306387,GOOD WAIST PALAZZO CROPPED JEANS,Good Waist Palazzo Crop,42416118038611,197217772148
2229,GWPCBE384T-I999-15,7509598306387,GOOD WAIST PALAZZO CROPPED JEANS,Good Waist Palazzo Crop,42416118267987,197217772155
2230,GWPCBE384T-I999-16,7509598306387,GOOD WAIST PALAZZO CROPPED JEANS,Good Waist Palazzo Crop,42416118071379,197217772162
2231,GWPCBE384T-I999-18,7509598306387,GOOD WAIST PALAZZO CROPPED JEANS,Good Waist Palazzo Crop,42416118300755,197217772179
2232,GWPCBE384T-I999-20,7509598306387,GOOD WAIST PALAZZO CROPPED JEANS,Good Waist Palazzo Crop,42416118104147,197217772193
2233,GWPCBE384T-I999-22,7509598306387,GOOD WAIST PALAZZO CROPPED JEANS,Good Waist Palazzo Crop,42416118333523,197217772209
2234,GWPCBE384T-I999-24,7509598306387,GOOD WAIST PALAZZO CROPPED JEANS,Good Waist Palazzo Crop,42416117612627,197217772216
2235,GWPCBE384T-I999-26,7509598306387,GOOD WAIST PALAZZO CROPPED JEANS,Good Waist Palazzo Crop,42416118366291,197217772223
2236,GWPCBE384T-I999-28,7509598306387,GOOD WAIST PALAZZO CROPPED JEANS,Good Waist Palazzo Crop,42416117645395,197217772230
2237,GWPCBE384T-I999-30,7509598306387,GOOD WAIST PALAZZO CROPPED JEANS,Good Waist Palazzo Crop,42416118399059,197217772247
2238,GWPCBE384T-I999-32,7509598306387,GOOD WAIST PALAZZO CROPPED JEANS,Good Waist Palazzo Crop,42416117678163,197217772254
2239,GWPCBE384T-I999-26-4,7509598306387,GOOD WAIST PALAZZO CROPPED JEANS,Good Waist Palazzo Crop,42416110000004,197217770033
2240,GWPCBE384T-I999-26-6,7509598306387,GOOD WAIST PALAZZO CROPPED JEANS,Good Waist Palazzo Crop,42416110000005,197217770034
2241,GWPCBE384T-I999-26-8,7509598306387,GOOD WAIST PALAZZO CROPPED JEANS,Good Waist Palazzo Crop,42416110000006,197217770035
2242,GWPCBE384T-I999-26-10,7509598306387,GOOD WAIST PALAZZO CROPPED JEANS,Good Waist Palazzo Crop,42416110000001,197217770030
2243,GWPCBE384T-I999-26-12,7509598306387,GOOD WAIST PALAZZO CROPPED JEANS,Good Waist Palazzo Crop,42416110000002,197217770031
2244,GWPCBE384T-I999-26-14,7509598306387,GOOD WAIST PALAZZO CROPPED JEANS,Good Waist Palazzo Crop,42416110000003,197217770032
147268,GWPCDV014T-I862-00,7423563563091,GOOD WAIST PALAZZO CROP COMPRESSION JEANS,Good Waist Palazzo Crop,42101189017683,197217693047
147269,GWPCDV014T-I862-0,7423563563091,GOOD WAIST PALAZZO CROP COMPRESSION JEANS,Good Waist Palazzo Crop,42101189050451,197217693030
147270,GWPCDV014T-I862-2,7423563563091,GOOD WAIST PALAZZO CROP COMPRESSION JEANS,Good Waist Palazzo Crop,42101188952147,197217693115
147271,GWPCDV014T-I862-4,7423563563091,GOOD WAIST PALAZZO CROP COMPRESSION JEANS,Good Waist Palazzo Crop,42101188886611,197217693191
147272,GWPCDV014T-I862-6,7423563563091,GOOD WAIST PALAZZO CROP COMPRESSION JEANS,Good Waist Palazzo Crop,42101189115987,197217693207
147273,GWPCDV014T-I862-8,7423563563091,GOOD WAIST PALAZZO CROP COMPRESSION JEANS,Good Waist Palazzo Crop,42101189181523,197217693214
147274,GWPCDV014T-I862-10,7423563563091,GOOD WAIST PALAZZO CROP COMPRESSION JEANS,Good Waist Palazzo Crop,42101188460627,197217693054
147275,GWPCDV014T-I862-12,7423563563091,GOOD WAIST PALAZZO CROP COMPRESSION JEANS,Good Waist Palazzo Crop,42101189247059,197217693061
147276,GWPCDV014T-I862-14,7423563563091,GOOD WAIST PALAZZO CROP COMPRESSION JEANS,Good Waist Palazzo Crop,42101188558931,197217693078
147277,GWPCDV014T-I862-15,7423563563091,GOOD WAIST PALAZZO CROP COMPRESSION JEANS,Good Waist Palazzo Crop,42101188493395,197217693085
147278,GWPCDV014T-I862-16,7423563563091,GOOD WAIST PALAZZO CROP COMPRESSION JEANS,Good Waist Palazzo Crop,42101188591699,197217693092
147279,GWPCDV014T-I862-18,7423563563091,GOOD WAIST PALAZZO CROP COMPRESSION JEANS,Good Waist Palazzo Crop,42101189312595,197217693108
147280,GWPCDV014T-I862-20,7423563563091,GOOD WAIST PALAZZO CROP COMPRESSION JEANS,Good Waist Palazzo Crop,42101188657235,197217693122
147281,GWPCDV014T-I862-22,7423563563091,GOOD WAIST PALAZZO CROP COMPRESSION JEANS,Good Waist Palazzo Crop,42101189378131,197217693139
147282,GWPCDV014T-I862-24,7423563563091,GOOD WAIST PALAZZO CROP COMPRESSION JEANS,Good Waist Palazzo Crop,42101188722771,197217693146
147283,GWPCDV014T-I862-26,7423563563091,GOOD WAIST PALAZZO CROP COMPRESSION JEANS,Good Waist Palazzo Crop,42101189443667,197217693153
147284,GWPCDV014T-I862-28,7423563563091,GOOD WAIST PALAZZO CROP COMPRESSION JEANS,Good Waist Palazzo Crop,42101188755539,197217693160
147285,GWPCDV014T-I862-30,7423563563091,GOOD WAIST PALAZZO CROP COMPRESSION JEANS,Good Waist Palazzo Crop,42101188427859,197217693177
147286,GWPCDV014T-I862-32,7423563563091,GOOD WAIST PALAZZO CROP COMPRESSION JEANS,Good Waist Palazzo Crop,42101188821075,197217693184
2964,GWPD10T-I977-00,7423563268179,SOFT TECH GOOD WAIST PALAZZO JEANS,Good Waist Palazzo,42102194438227,197217693801
2965,GWPD10T-I977-0,7423563268179,SOFT TECH GOOD WAIST PALAZZO JEANS,Good Waist Palazzo,42101185970259,197217693795
2966,GWPD10T-I977-2,7423563268179,SOFT TECH GOOD WAIST PALAZZO JEANS,Good Waist Palazzo,42101186035795,197217693870
2967,GWPD10T-I977-4,7423563268179,SOFT TECH GOOD WAIST PALAZZO JEANS,Good Waist Palazzo,42101185937491,197217693955
2968,GWPD10T-I977-6,7423563268179,SOFT TECH GOOD WAIST PALAZZO JEANS,Good Waist Palazzo,42102194470995,197217693962
2969,GWPD10T-I977-8,7423563268179,SOFT TECH GOOD WAIST PALAZZO JEANS,Good Waist Palazzo,42101185904723,197217693979
2970,GWPD10T-I977-10,7423563268179,SOFT TECH GOOD WAIST PALAZZO JEANS,Good Waist Palazzo,42102194536531,197217693818
2971,GWPD10T-I977-12,7423563268179,SOFT TECH GOOD WAIST PALAZZO JEANS,Good Waist Palazzo,42101185871955,197217693825
2972,GWPD10T-I977-14,7423563268179,SOFT TECH GOOD WAIST PALAZZO JEANS,Good Waist Palazzo,42101186003027,197217693832
2973,GWPD10T-I977-15,7423563268179,SOFT TECH GOOD WAIST PALAZZO JEANS,Good Waist Palazzo,42101185839187,197217693849
2974,GWPD10T-I977-16,7423563268179,SOFT TECH GOOD WAIST PALAZZO JEANS,Good Waist Palazzo,42102194503763,197217693856
2975,GWPD10T-I977-18,7423563268179,SOFT TECH GOOD WAIST PALAZZO JEANS,Good Waist Palazzo,42101185806419,197217693863
2976,GWPD10T-I977-20,7423563268179,SOFT TECH GOOD WAIST PALAZZO JEANS,Good Waist Palazzo,42102194405459,197217693887
2977,GWPD10T-I977-22,7423563268179,SOFT TECH GOOD WAIST PALAZZO JEANS,Good Waist Palazzo,42101185773651,197217693894
2978,GWPD10T-I977-24,7423563268179,SOFT TECH GOOD WAIST PALAZZO JEANS,Good Waist Palazzo,42102194372691,197217693900
2979,GWPD10T-I977-26,7423563268179,SOFT TECH GOOD WAIST PALAZZO JEANS,Good Waist Palazzo,42102194339923,197217693917
2980,GWPD10T-I977-28,7423563268179,SOFT TECH GOOD WAIST PALAZZO JEANS,Good Waist Palazzo,42102194307155,197217693924
2981,GWPD10T-I977-30,7423563268179,SOFT TECH GOOD WAIST PALAZZO JEANS,Good Waist Palazzo,42102194274387,197217693931
2982,GWPD10T-I977-32,7423563268179,SOFT TECH GOOD WAIST PALAZZO JEANS,Good Waist Palazzo,42102194241619,197217693948
154088,GWP5601T-I1153-00,7588751867987,GOOD WAIST PALAZZO JEANS,Good Waist Palazzo,42655509413971,197217817986
154089,GWP5601T-I1153-0,7588751867987,GOOD WAIST PALAZZO JEANS,Good Waist Palazzo,42655509774419,197217817917
154090,GWP5601T-I1153-2,7588751867987,GOOD WAIST PALAZZO JEANS,Good Waist Palazzo,42655509381203,197217818426
154091,GWP5601T-I1153-4,7588751867987,GOOD WAIST PALAZZO JEANS,Good Waist Palazzo,42655509479507,197217818952
154092,GWP5601T-I1153-6,7588751867987,GOOD WAIST PALAZZO JEANS,Good Waist Palazzo,42655509839955,197217819027
154093,GWP5601T-I1153-8,7588751867987,GOOD WAIST PALAZZO JEANS,Good Waist Palazzo,42655509446739,197217819096
154094,GWP5601T-I1153-10,7588751867987,GOOD WAIST PALAZZO JEANS,Good Waist Palazzo,42655509807187,197217818051
154095,GWP5601T-I1153-12,7588751867987,GOOD WAIST PALAZZO JEANS,Good Waist Palazzo,42655509348435,197217818129
154096,GWP5601T-I1153-14,7588751867987,GOOD WAIST PALAZZO JEANS,Good Waist Palazzo,42655509577811,197217818181
154097,GWP5601T-I1153-15,7588751867987,GOOD WAIST PALAZZO JEANS,Good Waist Palazzo,42655509315667,197217818242
154098,GWP5601T-I1153-16,7588751867987,GOOD WAIST PALAZZO JEANS,Good Waist Palazzo,42655509741651,197217818303
154099,GWP5601T-I1153-18,7588751867987,GOOD WAIST PALAZZO JEANS,Good Waist Palazzo,42655509282899,197217818365
154100,GWP5601T-I1153-20,7588751867987,GOOD WAIST PALAZZO JEANS,Good Waist Palazzo,42655509545043,197217818488
154101,GWP5601T-I1153-22,7588751867987,GOOD WAIST PALAZZO JEANS,Good Waist Palazzo,42655509250131,197217818556
154102,GWP5601T-I1153-24,7588751867987,GOOD WAIST PALAZZO JEANS,Good Waist Palazzo,42655509512275,197217818624
154103,GWP5601T-I1153-26,7588751867987,GOOD WAIST PALAZZO JEANS,Good Waist Palazzo,42655509643347,197217818693
154104,GWP5601T-I1153-28,7588751867987,GOOD WAIST PALAZZO JEANS,Good Waist Palazzo,42655509708883,197217818761
154105,GWP5601T-I1153-30,7588751867987,GOOD WAIST PALAZZO JEANS,Good Waist Palazzo,42655509610579,197217818839
154106,GWP5601T-I1153-32,7588751867987,GOOD WAIST PALAZZO JEANS,Good Waist Palazzo,42655509676115,197217818891
155147,GWP5602T-I1154-00,7588751605843,GOOD WAIST PALAZZO JEANS,Good Waist Palazzo,42655505219667,197217816736
155148,GWP5602T-I1154-0,7588751605843,GOOD WAIST PALAZZO JEANS,Good Waist Palazzo,42655505481811,197217816668
155149,GWP5602T-I1154-2,7588751605843,GOOD WAIST PALAZZO JEANS,Good Waist Palazzo,42655505186899,197217817177
155150,GWP5602T-I1154-4,7588751605843,GOOD WAIST PALAZZO JEANS,Good Waist Palazzo,42655505449043,197217817702
155151,GWP5602T-I1154-6,7588751605843,GOOD WAIST PALAZZO JEANS,Good Waist Palazzo,42655505154131,197217817771
155152,GWP5602T-I1154-8,7588751605843,GOOD WAIST PALAZZO JEANS,Good Waist Palazzo,42655505416275,197217817849
155153,GWP5602T-I1154-10,7588751605843,GOOD WAIST PALAZZO JEANS,Good Waist Palazzo,42655505121363,197217816804
155154,GWP5602T-I1154-12,7588751605843,GOOD WAIST PALAZZO JEANS,Good Waist Palazzo,42655505383507,197217816873
155155,GWP5602T-I1154-14,7588751605843,GOOD WAIST PALAZZO JEANS,Good Waist Palazzo,42655505088595,197217816934
155156,GWP5602T-I1154-15,7588751605843,GOOD WAIST PALAZZO JEANS,Good Waist Palazzo,42655505514579,197217816996
155157,GWP5602T-I1154-16,7588751605843,GOOD WAIST PALAZZO JEANS,Good Waist Palazzo,42655505678419,197217817054
155158,GWP5602T-I1154-18,7588751605843,GOOD WAIST PALAZZO JEANS,Good Waist Palazzo,42655505350739,197217817115
155159,GWP5602T-I1154-20,7588751605843,GOOD WAIST PALAZZO JEANS,Good Waist Palazzo,42655505645651,197217817238
155160,GWP5602T-I1154-22,7588751605843,GOOD WAIST PALAZZO JEANS,Good Waist Palazzo,42655505317971,197217817306
155161,GWP5602T-I1154-24,7588751605843,GOOD WAIST PALAZZO JEANS,Good Waist Palazzo,42655505612883,197217817375
155162,GWP5602T-I1154-26,7588751605843,GOOD WAIST PALAZZO JEANS,Good Waist Palazzo,42655505285203,197217817443
155163,GWP5602T-I1154-28,7588751605843,GOOD WAIST PALAZZO JEANS,Good Waist Palazzo,42655505580115,197217817511
155164,GWP5602T-I1154-30,7588751605843,GOOD WAIST PALAZZO JEANS,Good Waist Palazzo,42655505252435,197217817580
155165,GWP5602T-I1154-32,7588751605843,GOOD WAIST PALAZZO JEANS,Good Waist Palazzo,42655505547347,197217817641
150177,GWP220-I501-10,7673653166163,SOFT TECH GOOD WAIST PALAZZO JEANS,Good Waist Palazzo,43002783236179,197217971060
150178,GWP220-I501-14,7673653166163,SOFT TECH GOOD WAIST PALAZZO JEANS,Good Waist Palazzo,43002783268947,197217971084
150179,GWP220-I501-16,7673653166163,SOFT TECH GOOD WAIST PALAZZO JEANS,Good Waist Palazzo,43002783301715,197217971107
150180,GWP220-I501-20,7673653166163,SOFT TECH GOOD WAIST PALAZZO JEANS,Good Waist Palazzo,43002783334483,197217971138
150181,GWP220-I501-24,7673653166163,SOFT TECH GOOD WAIST PALAZZO JEANS,Good Waist Palazzo,43002783367251,197217971152
150182,GWP220-I501-28,7673653166163,SOFT TECH GOOD WAIST PALAZZO JEANS,Good Waist Palazzo,43002783400019,197217971176
150183,GWP220-I501-32,7673653166163,SOFT TECH GOOD WAIST PALAZZO JEANS,Good Waist Palazzo,43002783432787,197217971190
150184,GWP220-I501-0,7673653166163,SOFT TECH GOOD WAIST PALAZZO JEANS,Good Waist Palazzo,43002783465555,197217971046
150185,GWP220-I501-4,7673653166163,SOFT TECH GOOD WAIST PALAZZO JEANS,Good Waist Palazzo,43002783498323,197217971206
150186,GWP220-I501-8,7673653166163,SOFT TECH GOOD WAIST PALAZZO JEANS,Good Waist Palazzo,43002783531091,197217971220
150187,GWP220-I501-12,7673653166163,SOFT TECH GOOD WAIST PALAZZO JEANS,Good Waist Palazzo,43002783563859,197217971077
150188,GWP220-I501-15,7673653166163,SOFT TECH GOOD WAIST PALAZZO JEANS,Good Waist Palazzo,43002783596627,197217971091
150189,GWP220-I501-18,7673653166163,SOFT TECH GOOD WAIST PALAZZO JEANS,Good Waist Palazzo,43002783629395,197217971114
150190,GWP220-I501-22,7673653166163,SOFT TECH GOOD WAIST PALAZZO JEANS,Good Waist Palazzo,43002783662163,197217971145
150191,GWP220-I501-26,7673653166163,SOFT TECH GOOD WAIST PALAZZO JEANS,Good Waist Palazzo,43002783694931,197217971169
150192,GWP220-I501-30,7673653166163,SOFT TECH GOOD WAIST PALAZZO JEANS,Good Waist Palazzo,43002783727699,197217971183
150193,GWP220-I501-2,7673653166163,SOFT TECH GOOD WAIST PALAZZO JEANS,Good Waist Palazzo,43002783760467,197217971121
150194,GWP220-I501-00,7673653166163,SOFT TECH GOOD WAIST PALAZZO JEANS,Good Waist Palazzo,43002783793235,197217971053
150195,GWP220-I501-6,7673653166163,SOFT TECH GOOD WAIST PALAZZO JEANS,Good Waist Palazzo,43002783826003,197217971213
2579,GWPMSD15T-I957-00,7454718197843,GOOD WAIST PALAZZO JEANS,Good Waist Palazzo,42225507303507,197217735228
2580,GWPMSD15T-I957-0,7454718197843,GOOD WAIST PALAZZO JEANS,Good Waist Palazzo,42225507270739,197217735211
2581,GWPMSD15T-I957-2,7454718197843,GOOD WAIST PALAZZO JEANS,Good Waist Palazzo,42225506811987,197217735297
2582,GWPMSD15T-I957-4,7454718197843,GOOD WAIST PALAZZO JEANS,Good Waist Palazzo,42225507336275,197217735372
2583,GWPMSD15T-I957-6,7454718197843,GOOD WAIST PALAZZO JEANS,Good Waist Palazzo,42225506877523,197217735389
2584,GWPMSD15T-I957-8,7454718197843,GOOD WAIST PALAZZO JEANS,Good Waist Palazzo,42225506910291,197217735396
2585,GWPMSD15T-I957-10,7454718197843,GOOD WAIST PALAZZO JEANS,Good Waist Palazzo,42225506746451,197217735235
2586,GWPMSD15T-I957-12,7454718197843,GOOD WAIST PALAZZO JEANS,Good Waist Palazzo,42225506779219,197217735242
2587,GWPMSD15T-I957-14,7454718197843,GOOD WAIST PALAZZO JEANS,Good Waist Palazzo,42225506943059,197217735259
2588,GWPMSD15T-I957-15,7454718197843,GOOD WAIST PALAZZO JEANS,Good Waist Palazzo,42225506975827,197217735266
2589,GWPMSD15T-I957-16,7454718197843,GOOD WAIST PALAZZO JEANS,Good Waist Palazzo,42225507008595,197217735273
2590,GWPMSD15T-I957-18,7454718197843,GOOD WAIST PALAZZO JEANS,Good Waist Palazzo,42225507237971,197217735280
2591,GWPMSD15T-I957-20,7454718197843,GOOD WAIST PALAZZO JEANS,Good Waist Palazzo,42225507205203,197217735303
2592,GWPMSD15T-I957-22,7454718197843,GOOD WAIST PALAZZO JEANS,Good Waist Palazzo,42225507172435,197217735310
2593,GWPMSD15T-I957-24,7454718197843,GOOD WAIST PALAZZO JEANS,Good Waist Palazzo,42225507139667,197217735327
2594,GWPMSD15T-I957-26,7454718197843,GOOD WAIST PALAZZO JEANS,Good Waist Palazzo,42225507106899,197217735334
2595,GWPMSD15T-I957-28,7454718197843,GOOD WAIST PALAZZO JEANS,Good Waist Palazzo,42225507074131,197217735341
2596,GWPMSD15T-I957-30,7454718197843,GOOD WAIST PALAZZO JEANS,Good Waist Palazzo,42225507041363,197217735358
2597,GWPMSD15T-I957-32,7454718197843,GOOD WAIST PALAZZO JEANS,Good Waist Palazzo,42225506844755,197217735365
143026,GWP900002-I985-00,7509598339155,GOOD WAIST PALAZZO JEANS,Good Waist Palazzo,42416118759507,197217792986
143027,GWP900002-I985-0,7509598339155,GOOD WAIST PALAZZO JEANS,Good Waist Palazzo,42416118956115,197217792979
143028,GWP900002-I985-2,7509598339155,GOOD WAIST PALAZZO JEANS,Good Waist Palazzo,42416118825043,197217793082
143029,GWP900002-I985-4,7509598339155,GOOD WAIST PALAZZO JEANS,Good Waist Palazzo,42416118923347,197217793174
143030,GWP900002-I985-6,7509598339155,GOOD WAIST PALAZZO JEANS,Good Waist Palazzo,42416118726739,197217793198
143031,GWP900002-I985-8,7509598339155,GOOD WAIST PALAZZO JEANS,Good Waist Palazzo,42416118857811,197217793211
143032,GWP900002-I985-10,7509598339155,GOOD WAIST PALAZZO JEANS,Good Waist Palazzo,42416118530131,197217793006
143033,GWP900002-I985-12,7509598339155,GOOD WAIST PALAZZO JEANS,Good Waist Palazzo,42416118792275,197217793020
143034,GWP900002-I985-14,7509598339155,GOOD WAIST PALAZZO JEANS,Good Waist Palazzo,42416118497363,197217793044
143035,GWP900002-I985-15,7509598339155,GOOD WAIST PALAZZO JEANS,Good Waist Palazzo,42416118890579,197217793051
143036,GWP900002-I985-16,7509598339155,GOOD WAIST PALAZZO JEANS,Good Waist Palazzo,42416118464595,197217793068
143037,GWP900002-I985-18,7509598339155,GOOD WAIST PALAZZO JEANS,Good Waist Palazzo,42416118661203,197217793075
143038,GWP900002-I985-20,7509598339155,GOOD WAIST PALAZZO JEANS,Good Waist Palazzo,42416118431827,197217793099
143039,GWP900002-I985-22,7509598339155,GOOD WAIST PALAZZO JEANS,Good Waist Palazzo,42416118562899,197217793105
143040,GWP900002-I985-24,7509598339155,GOOD WAIST PALAZZO JEANS,Good Waist Palazzo,42416119218259,197217793112
143041,GWP900002-I985-26,7509598339155,GOOD WAIST PALAZZO JEANS,Good Waist Palazzo,42416118595667,197217793129
143042,GWP900002-I985-28,7509598339155,GOOD WAIST PALAZZO JEANS,Good Waist Palazzo,42416119185491,197217793136
143043,GWP900002-I985-30,7509598339155,GOOD WAIST PALAZZO JEANS,Good Waist Palazzo,42416118628435,197217793143
143044,GWP900002-I985-32,7509598339155,GOOD WAIST PALAZZO JEANS,Good Waist Palazzo,42416119152723,197217793150
155521,GWPPP478P-W001-00,7512345678478,GOOD WAIST PALAZZO JEANS,Good Waist Palazzo,42416120000001,197217790001
155522,GWPPP478P-W001-0,7512345678478,GOOD WAIST PALAZZO JEANS,Good Waist Palazzo,42416120000002,197217790002
155523,GWPPP478P-W001-2,7512345678478,GOOD WAIST PALAZZO JEANS,Good Waist Palazzo,42416120000003,197217790003
155524,GWPPP478P-W001-4,7512345678478,GOOD WAIST PALAZZO JEANS,Good Waist Palazzo,42416120000004,197217790004
155525,GWPPP478P-W001-6,7512345678478,GOOD WAIST PALAZZO JEANS,Good Waist Palazzo,42416120000005,197217790005
155526,GWPPP478P-W001-8,7512345678478,GOOD WAIST PALAZZO JEANS,Good Waist Palazzo,42416120000006,197217790006
155527,GWPPP478P-W001-10,7512345678478,GOOD WAIST PALAZZO JEANS,Good Waist Palazzo,42416120000007,197217790007
155528,GWPPP478P-W001-12,7512345678478,GOOD WAIST PALAZZO JEANS,Good Waist Palazzo,42416120000008,197217790008
155529,GWPPP478P-W001-14,7512345678478,GOOD WAIST PALAZZO JEANS,Good Waist Palazzo,42416120000009,197217790009
155530,GWPPP478P-W001-15,7512345678478,GOOD WAIST PALAZZO JEANS,Good Waist Palazzo,42416120000010,197217790010
155531,GWPPP478P-W001-16,7512345678478,GOOD WAIST PALAZZO JEANS,Good Waist Palazzo,42416120000011,197217790011
155532,GWPPP478P-W001-18,7512345678478,GOOD WAIST PALAZZO JEANS,Good Waist Palazzo,42416120000012,197217790012
155533,GWPPP478P-W001-20,7512345678478,GOOD WAIST PALAZZO JEANS,Good Waist Palazzo,42416120000013,197217790013
155534,GWPPP478P-W001-22,7512345678478,GOOD WAIST PALAZZO JEANS,Good Waist Palazzo,42416120000014,197217790014
155535,GWPPP478P-W001-24,7512345678478,GOOD WAIST PALAZZO JEANS,Good Waist Palazzo,42416120000015,197217790015
155536,GWPPP478P-W001-26,7512345678478,GOOD WAIST PALAZZO JEANS,Good Waist Palazzo,42416120000016,197217790016
155537,GWPPP478P-W001-28,7512345678478,GOOD WAIST PALAZZO JEANS,Good Waist Palazzo,42416120000017,197217790017
155538,GWPPP478P-W001-30,7512345678478,GOOD WAIST PALAZZO JEANS,Good Waist Palazzo,42416120000018,197217790018
155539,GWPPP478P-W001-32,7512345678478,GOOD WAIST PALAZZO JEANS,Good Waist Palazzo,42416120000019,197217790019
2484,GWPDTH014T-I837-00,7423543378003,GOOD WAIST PALAZZO COMPRESSION JEANS,Good Waist Palazzo,42101150056531,197217693429
2485,GWPDTH014T-I837-0,7423543378003,GOOD WAIST PALAZZO COMPRESSION JEANS,Good Waist Palazzo,42101150515283,197217693412
2486,GWPDTH014T-I837-2,7423543378003,GOOD WAIST PALAZZO COMPRESSION JEANS,Good Waist Palazzo,42101150023763,197217693498
2487,GWPDTH014T-I837-4,7423543378003,GOOD WAIST PALAZZO COMPRESSION JEANS,Good Waist Palazzo,42101150482515,197217693573
2488,GWPDTH014T-I837-6,7423543378003,GOOD WAIST PALAZZO COMPRESSION JEANS,Good Waist Palazzo,42101150613587,197217693580
2489,GWPDTH014T-I837-8,7423543378003,GOOD WAIST PALAZZO COMPRESSION JEANS,Good Waist Palazzo,42101150449747,197217693597
2490,GWPDTH014T-I837-10,7423543378003,GOOD WAIST PALAZZO COMPRESSION JEANS,Good Waist Palazzo,42101150580819,197217693436
2491,GWPDTH014T-I837-12,7423543378003,GOOD WAIST PALAZZO COMPRESSION JEANS,Good Waist Palazzo,42101150416979,197217693443
2492,GWPDTH014T-I837-14,7423543378003,GOOD WAIST PALAZZO COMPRESSION JEANS,Good Waist Palazzo,42101150548051,197217693450
2493,GWPDTH014T-I837-15,7423543378003,GOOD WAIST PALAZZO COMPRESSION JEANS,Good Waist Palazzo,42101150384211,197217693467
2494,GWPDTH014T-I837-16,7423543378003,GOOD WAIST PALAZZO COMPRESSION JEANS,Good Waist Palazzo,42101150220371,197217693474
2495,GWPDTH014T-I837-18,7423543378003,GOOD WAIST PALAZZO COMPRESSION JEANS,Good Waist Palazzo,42101150351443,197217693481
2496,GWPDTH014T-I837-20,7423543378003,GOOD WAIST PALAZZO COMPRESSION JEANS,Good Waist Palazzo,42101150253139,197217693504
2497,GWPDTH014T-I837-22,7423543378003,GOOD WAIST PALAZZO COMPRESSION JEANS,Good Waist Palazzo,42101150318675,197217693511
2498,GWPDTH014T-I837-24,7423543378003,GOOD WAIST PALAZZO COMPRESSION JEANS,Good Waist Palazzo,42101150154835,197217693528
2499,GWPDTH014T-I837-26,7423543378003,GOOD WAIST PALAZZO COMPRESSION JEANS,Good Waist Palazzo,42101150285907,197217693535
2500,GWPDTH014T-I837-28,7423543378003,GOOD WAIST PALAZZO COMPRESSION JEANS,Good Waist Palazzo,42101150122067,197217693542
2501,GWPDTH014T-I837-30,7423543378003,GOOD WAIST PALAZZO COMPRESSION JEANS,Good Waist Palazzo,42101150187603,197217693559
2502,GWPDTH014T-I837-32,7423543378003,GOOD WAIST PALAZZO COMPRESSION JEANS,Good Waist Palazzo,42101150089299,197217693566
2058,GS0561-I1029-00,7509326331987,JEANIUS BARREL SWEATPANTS,Jeanius Barrel Sweatpants,42603059085395,197217803897
2059,GS0561-I1029-0,7509326331987,JEANIUS BARREL SWEATPANTS,Jeanius Barrel Sweatpants,42603058790483,197217803880
2060,GS0561-I1029-2,7509326331987,JEANIUS BARREL SWEATPANTS,Jeanius Barrel Sweatpants,42603059118163,197217803965
2061,GS0561-I1029-4,7509326331987,JEANIUS BARREL SWEATPANTS,Jeanius Barrel Sweatpants,42603059380307,197217804047
2062,GS0561-I1029-6,7509326331987,JEANIUS BARREL SWEATPANTS,Jeanius Barrel Sweatpants,42603059150931,197217804054
2063,GS0561-I1029-8,7509326331987,JEANIUS BARREL SWEATPANTS,Jeanius Barrel Sweatpants,42603058856019,197217804061
2064,GS0561-I1029-10,7509326331987,JEANIUS BARREL SWEATPANTS,Jeanius Barrel Sweatpants,42603059183699,197217803903
2065,GS0561-I1029-12,7509326331987,JEANIUS BARREL SWEATPANTS,Jeanius Barrel Sweatpants,42603058888787,197217803910
2066,GS0561-I1029-14,7509326331987,JEANIUS BARREL SWEATPANTS,Jeanius Barrel Sweatpants,42603059216467,197217803927
2067,GS0561-I1029-15,7509326331987,JEANIUS BARREL SWEATPANTS,Jeanius Barrel Sweatpants,42603058921555,197217803934
2068,GS0561-I1029-16,7509326331987,JEANIUS BARREL SWEATPANTS,Jeanius Barrel Sweatpants,42603059249235,197217803941
2069,GS0561-I1029-18,7509326331987,JEANIUS BARREL SWEATPANTS,Jeanius Barrel Sweatpants,42603058954323,197217803958
2070,GS0561-I1029-20,7509326331987,JEANIUS BARREL SWEATPANTS,Jeanius Barrel Sweatpants,42603059282003,197217803972
2071,GS0561-I1029-22,7509326331987,JEANIUS BARREL SWEATPANTS,Jeanius Barrel Sweatpants,42603058987091,197217803989
2072,GS0561-I1029-24,7509326331987,JEANIUS BARREL SWEATPANTS,Jeanius Barrel Sweatpants,42603059314771,197217803996
2073,GS0561-I1029-26,7509326331987,JEANIUS BARREL SWEATPANTS,Jeanius Barrel Sweatpants,42603059019859,197217804009
2074,GS0561-I1029-28,7509326331987,JEANIUS BARREL SWEATPANTS,Jeanius Barrel Sweatpants,42603059347539,197217804016
2075,GS0561-I1029-30,7509326331987,JEANIUS BARREL SWEATPANTS,Jeanius Barrel Sweatpants,42603059052627,197217804023
2076,GS0561-I1029-32,7509326331987,JEANIUS BARREL SWEATPANTS,Jeanius Barrel Sweatpants,42603058823251,197217804030
2134,GS0563-I1029-XS,7509327511635,JEANIUS BOYFRIEND SWEATPANTS,Jeanius Boyfriend Sweatpants,42415012479059,197217785575
2135,GS0563-I1029-S,7509327511635,JEANIUS BOYFRIEND SWEATPANTS,Jeanius Boyfriend Sweatpants,42415012380755,197217785551
2136,GS0563-I1029-M,7509327511635,JEANIUS BOYFRIEND SWEATPANTS,Jeanius Boyfriend Sweatpants,42415012610131,197217785544
2137,GS0563-I1029-L,7509327511635,JEANIUS BOYFRIEND SWEATPANTS,Jeanius Boyfriend Sweatpants,42415012413523,197217785537
2138,GS0563-I1029-XL,7509327511635,JEANIUS BOYFRIEND SWEATPANTS,Jeanius Boyfriend Sweatpants,42415012577363,197217785568
2139,GS0563-I1029-1XL,7509327511635,JEANIUS BOYFRIEND SWEATPANTS,Jeanius Boyfriend Sweatpants,42415012446291,197217785483
2140,GS0563-I1029-2XL,7509327511635,JEANIUS BOYFRIEND SWEATPANTS,Jeanius Boyfriend Sweatpants,42415012544595,197217785490
2141,GS0563-I1029-3XL,7509327511635,JEANIUS BOYFRIEND SWEATPANTS,Jeanius Boyfriend Sweatpants,42415012642899,197217785506
2142,GS0563-I1029-4XL,7509327511635,JEANIUS BOYFRIEND SWEATPANTS,Jeanius Boyfriend Sweatpants,42415012511827,197217785513
2143,GS0563-I1029-5XL,7509327511635,JEANIUS BOYFRIEND SWEATPANTS,Jeanius Boyfriend Sweatpants,42415012347987,197217785520
2245,GT0640-I1029-XS,REMOVE FROM ALL TABLES,REMOVE FROM ALL TABLES,REMOVE FROM ALL TABLES,REMOVE FROM ALL TABLES,REMOVE FROM ALL TABLES
2246,GT0640-I1029-S,REMOVE FROM ALL TABLES,REMOVE FROM ALL TABLES,REMOVE FROM ALL TABLES,REMOVE FROM ALL TABLES,REMOVE FROM ALL TABLES
2247,GT0640-I1029-M,REMOVE FROM ALL TABLES,REMOVE FROM ALL TABLES,REMOVE FROM ALL TABLES,REMOVE FROM ALL TABLES,REMOVE FROM ALL TABLES
2248,GT0640-I1029-L,REMOVE FROM ALL TABLES,REMOVE FROM ALL TABLES,REMOVE FROM ALL TABLES,REMOVE FROM ALL TABLES,REMOVE FROM ALL TABLES
2249,GT0640-I1029-XL,REMOVE FROM ALL TABLES,REMOVE FROM ALL TABLES,REMOVE FROM ALL TABLES,REMOVE FROM ALL TABLES,REMOVE FROM ALL TABLES
2250,GT0640-I1029-1XL,REMOVE FROM ALL TABLES,REMOVE FROM ALL TABLES,REMOVE FROM ALL TABLES,REMOVE FROM ALL TABLES,REMOVE FROM ALL TABLES
2251,GT0640-I1029-2XL,REMOVE FROM ALL TABLES,REMOVE FROM ALL TABLES,REMOVE FROM ALL TABLES,REMOVE FROM ALL TABLES,REMOVE FROM ALL TABLES
2252,GT0640-I1029-3XL,REMOVE FROM ALL TABLES,REMOVE FROM ALL TABLES,REMOVE FROM ALL TABLES,REMOVE FROM ALL TABLES,REMOVE FROM ALL TABLES
2253,GT0640-I1029-4XL,REMOVE FROM ALL TABLES,REMOVE FROM ALL TABLES,REMOVE FROM ALL TABLES,REMOVE FROM ALL TABLES,REMOVE FROM ALL TABLES
2254,GT0640-I1029-5XL,REMOVE FROM ALL TABLES,REMOVE FROM ALL TABLES,REMOVE FROM ALL TABLES,REMOVE FROM ALL TABLES,REMOVE FROM ALL TABLES
154408,GS0606-I376-00,7652498833491,JEANIUS CROP PALAZZO,Jeanius Palazzo Crop,42904161517651,197217941087
154409,GS0606-I376-0,7652498833491,JEANIUS CROP PALAZZO,Jeanius Palazzo Crop,42904161026131,197217941070
154410,GS0606-I376-2,7652498833491,JEANIUS CROP PALAZZO,Jeanius Palazzo Crop,42904161484883,197217941155
154411,GS0606-I376-4,7652498833491,JEANIUS CROP PALAZZO,Jeanius Palazzo Crop,42904161091667,197217941223
154412,GS0606-I376-6,7652498833491,JEANIUS CROP PALAZZO,Jeanius Palazzo Crop,42904161452115,197217941230
154413,GS0606-I376-8,7652498833491,JEANIUS CROP PALAZZO,Jeanius Palazzo Crop,42904161058899,197217941247
154414,GS0606-I376-10,7652498833491,JEANIUS CROP PALAZZO,Jeanius Palazzo Crop,42904161419347,197217941094
154415,GS0606-I376-12,7652498833491,JEANIUS CROP PALAZZO,Jeanius Palazzo Crop,42904161124435,197217941100
154416,GS0606-I376-14,7652498833491,JEANIUS CROP PALAZZO,Jeanius Palazzo Crop,42904161386579,197217941117
154417,GS0606-I376-15,7652498833491,JEANIUS CROP PALAZZO,Jeanius Palazzo Crop,42904160993363,197217941124
154418,GS0606-I376-16,7652498833491,JEANIUS CROP PALAZZO,Jeanius Palazzo Crop,42904161353811,197217941131
154419,GS0606-I376-18,7652498833491,JEANIUS CROP PALAZZO,Jeanius Palazzo Crop,42904160960595,197217941148
154420,GS0606-I376-20,7652498833491,JEANIUS CROP PALAZZO,Jeanius Palazzo Crop,42904161321043,197217941162
154421,GS0606-I376-22,7652498833491,JEANIUS CROP PALAZZO,Jeanius Palazzo Crop,42904161222739,197217941179
154422,GS0606-I376-24,7652498833491,JEANIUS CROP PALAZZO,Jeanius Palazzo Crop,42904161288275,197217941186
154423,GS0606-I376-26,7652498833491,JEANIUS CROP PALAZZO,Jeanius Palazzo Crop,42904161189971,197217941193
154424,GS0606-I376-28,7652498833491,JEANIUS CROP PALAZZO,Jeanius Palazzo Crop,42904161255507,197217941209
154425,GS0606-I376-30,7652498833491,JEANIUS CROP PALAZZO,Jeanius Palazzo Crop,42904161157203,197217941216
154390,GS0606-I377-00,7652498899027,JEANIUS CROP PALAZZO,Jeanius Palazzo Crop,42904162238547,197217941261
154391,GS0606-I377-0,7652498899027,JEANIUS CROP PALAZZO,Jeanius Palazzo Crop,42904162271315,197217941254
154392,GS0606-I377-2,7652498899027,JEANIUS CROP PALAZZO,Jeanius Palazzo Crop,42904162205779,197217941339
154393,GS0606-I377-4,7652498899027,JEANIUS CROP PALAZZO,Jeanius Palazzo Crop,42904162304083,197217941407
154394,GS0606-I377-6,7652498899027,JEANIUS CROP PALAZZO,Jeanius Palazzo Crop,42904161976403,197217941414
154395,GS0606-I377-8,7652498899027,JEANIUS CROP PALAZZO,Jeanius Palazzo Crop,42904161845331,197217941421
154396,GS0606-I377-10,7652498899027,JEANIUS CROP PALAZZO,Jeanius Palazzo Crop,42904161878099,197217941278
154397,GS0606-I377-12,7652498899027,JEANIUS CROP PALAZZO,Jeanius Palazzo Crop,42904161812563,197217941285
154398,GS0606-I377-14,7652498899027,JEANIUS CROP PALAZZO,Jeanius Palazzo Crop,42904161910867,197217941292
154399,GS0606-I377-15,7652498899027,JEANIUS CROP PALAZZO,Jeanius Palazzo Crop,42904162140243,197217941308
154400,GS0606-I377-16,7652498899027,JEANIUS CROP PALAZZO,Jeanius Palazzo Crop,42904162336851,197217941315
154401,GS0606-I377-18,7652498899027,JEANIUS CROP PALAZZO,Jeanius Palazzo Crop,42904162107475,197217941322
154402,GS0606-I377-20,7652498899027,JEANIUS CROP PALAZZO,Jeanius Palazzo Crop,42904162369619,197217941346
154403,GS0606-I377-22,7652498899027,JEANIUS CROP PALAZZO,Jeanius Palazzo Crop,42904162074707,197217941353
154404,GS0606-I377-24,7652498899027,JEANIUS CROP PALAZZO,Jeanius Palazzo Crop,42904161943635,197217941360
154405,GS0606-I377-26,7652498899027,JEANIUS CROP PALAZZO,Jeanius Palazzo Crop,42904162009171,197217941377
154406,GS0606-I377-28,7652498899027,JEANIUS CROP PALAZZO,Jeanius Palazzo Crop,42904162173011,197217941384
154407,GS0606-I377-30,7652498899027,JEANIUS CROP PALAZZO,Jeanius Palazzo Crop,42904162041939,197217941391
154446,GS0605-I376-XS,REMOVE FROM ALL TABLES,REMOVE FROM ALL TABLES,REMOVE FROM ALL TABLES,REMOVE FROM ALL TABLES,REMOVE FROM ALL TABLES
154447,GS0605-I376-S,REMOVE FROM ALL TABLES,REMOVE FROM ALL TABLES,REMOVE FROM ALL TABLES,REMOVE FROM ALL TABLES,REMOVE FROM ALL TABLES
154448,GS0605-I376-M,REMOVE FROM ALL TABLES,REMOVE FROM ALL TABLES,REMOVE FROM ALL TABLES,REMOVE FROM ALL TABLES,REMOVE FROM ALL TABLES
154449,GS0605-I376-L,REMOVE FROM ALL TABLES,REMOVE FROM ALL TABLES,REMOVE FROM ALL TABLES,REMOVE FROM ALL TABLES,REMOVE FROM ALL TABLES
154450,GS0605-I376-XL,REMOVE FROM ALL TABLES,REMOVE FROM ALL TABLES,REMOVE FROM ALL TABLES,REMOVE FROM ALL TABLES,REMOVE FROM ALL TABLES
154451,GS0605-I376-1XL,REMOVE FROM ALL TABLES,REMOVE FROM ALL TABLES,REMOVE FROM ALL TABLES,REMOVE FROM ALL TABLES,REMOVE FROM ALL TABLES
154452,GS0605-I376-2XL,REMOVE FROM ALL TABLES,REMOVE FROM ALL TABLES,REMOVE FROM ALL TABLES,REMOVE FROM ALL TABLES,REMOVE FROM ALL TABLES
154453,GS0605-I376-3XL,REMOVE FROM ALL TABLES,REMOVE FROM ALL TABLES,REMOVE FROM ALL TABLES,REMOVE FROM ALL TABLES,REMOVE FROM ALL TABLES
154454,GS0605-I376-4XL,REMOVE FROM ALL TABLES,REMOVE FROM ALL TABLES,REMOVE FROM ALL TABLES,REMOVE FROM ALL TABLES,REMOVE FROM ALL TABLES
154455,GS0605-I376-5XL,REMOVE FROM ALL TABLES,REMOVE FROM ALL TABLES,REMOVE FROM ALL TABLES,REMOVE FROM ALL TABLES,REMOVE FROM ALL TABLES
154436,GS0605-I377-XS,REMOVE FROM ALL TABLES,REMOVE FROM ALL TABLES,REMOVE FROM ALL TABLES,REMOVE FROM ALL TABLES,REMOVE FROM ALL TABLES
154437,GS0605-I377-S,REMOVE FROM ALL TABLES,REMOVE FROM ALL TABLES,REMOVE FROM ALL TABLES,REMOVE FROM ALL TABLES,REMOVE FROM ALL TABLES
154438,GS0605-I377-M,REMOVE FROM ALL TABLES,REMOVE FROM ALL TABLES,REMOVE FROM ALL TABLES,REMOVE FROM ALL TABLES,REMOVE FROM ALL TABLES
154439,GS0605-I377-L,REMOVE FROM ALL TABLES,REMOVE FROM ALL TABLES,REMOVE FROM ALL TABLES,REMOVE FROM ALL TABLES,REMOVE FROM ALL TABLES
154440,GS0605-I377-XL,REMOVE FROM ALL TABLES,REMOVE FROM ALL TABLES,REMOVE FROM ALL TABLES,REMOVE FROM ALL TABLES,REMOVE FROM ALL TABLES
154441,GS0605-I377-1XL,REMOVE FROM ALL TABLES,REMOVE FROM ALL TABLES,REMOVE FROM ALL TABLES,REMOVE FROM ALL TABLES,REMOVE FROM ALL TABLES
154442,GS0605-I377-2XL,REMOVE FROM ALL TABLES,REMOVE FROM ALL TABLES,REMOVE FROM ALL TABLES,REMOVE FROM ALL TABLES,REMOVE FROM ALL TABLES
154443,GS0605-I377-3XL,REMOVE FROM ALL TABLES,REMOVE FROM ALL TABLES,REMOVE FROM ALL TABLES,REMOVE FROM ALL TABLES,REMOVE FROM ALL TABLES
154444,GS0605-I377-4XL,REMOVE FROM ALL TABLES,REMOVE FROM ALL TABLES,REMOVE FROM ALL TABLES,REMOVE FROM ALL TABLES,REMOVE FROM ALL TABLES
154445,GS0605-I377-5XL,REMOVE FROM ALL TABLES,REMOVE FROM ALL TABLES,REMOVE FROM ALL TABLES,REMOVE FROM ALL TABLES,REMOVE FROM ALL TABLES
1470,GT0369BVN-K322-XS,REMOVE FROM ALL TABLES,REMOVE FROM ALL TABLES,REMOVE FROM ALL TABLES,REMOVE FROM ALL TABLES,REMOVE FROM ALL TABLES
1471,GT0369BVN-K322-S,REMOVE FROM ALL TABLES,REMOVE FROM ALL TABLES,REMOVE FROM ALL TABLES,REMOVE FROM ALL TABLES,REMOVE FROM ALL TABLES
1472,GT0369BVN-K322-M,REMOVE FROM ALL TABLES,REMOVE FROM ALL TABLES,REMOVE FROM ALL TABLES,REMOVE FROM ALL TABLES,REMOVE FROM ALL TABLES
1473,GT0369BVN-K322-L,REMOVE FROM ALL TABLES,REMOVE FROM ALL TABLES,REMOVE FROM ALL TABLES,REMOVE FROM ALL TABLES,REMOVE FROM ALL TABLES
1474,GT0369BVN-K322-XL,REMOVE FROM ALL TABLES,REMOVE FROM ALL TABLES,REMOVE FROM ALL TABLES,REMOVE FROM ALL TABLES,REMOVE FROM ALL TABLES
1475,GT0369BVN-K322-1XL,REMOVE FROM ALL TABLES,REMOVE FROM ALL TABLES,REMOVE FROM ALL TABLES,REMOVE FROM ALL TABLES,REMOVE FROM ALL TABLES
1476,GT0369BVN-K322-2XL,REMOVE FROM ALL TABLES,REMOVE FROM ALL TABLES,REMOVE FROM ALL TABLES,REMOVE FROM ALL TABLES,REMOVE FROM ALL TABLES
1477,GT0369BVN-K322-3XL,REMOVE FROM ALL TABLES,REMOVE FROM ALL TABLES,REMOVE FROM ALL TABLES,REMOVE FROM ALL TABLES,REMOVE FROM ALL TABLES
1478,GT0369BVN-K322-4XL,REMOVE FROM ALL TABLES,REMOVE FROM ALL TABLES,REMOVE FROM ALL TABLES,REMOVE FROM ALL TABLES,REMOVE FROM ALL TABLES
1479,GT0369BVN-K322-5XL,REMOVE FROM ALL TABLES,REMOVE FROM ALL TABLES,REMOVE FROM ALL TABLES,REMOVE FROM ALL TABLES,REMOVE FROM ALL TABLES
2436,GT0369VN-I586-XS,REMOVE FROM ALL TABLES,REMOVE FROM ALL TABLES,REMOVE FROM ALL TABLES,REMOVE FROM ALL TABLES,REMOVE FROM ALL TABLES
2437,GT0369VN-I586-S,REMOVE FROM ALL TABLES,REMOVE FROM ALL TABLES,REMOVE FROM ALL TABLES,REMOVE FROM ALL TABLES,REMOVE FROM ALL TABLES
2438,GT0369VN-I586-M,REMOVE FROM ALL TABLES,REMOVE FROM ALL TABLES,REMOVE FROM ALL TABLES,REMOVE FROM ALL TABLES,REMOVE FROM ALL TABLES
2439,GT0369VN-I586-L,REMOVE FROM ALL TABLES,REMOVE FROM ALL TABLES,REMOVE FROM ALL TABLES,REMOVE FROM ALL TABLES,REMOVE FROM ALL TABLES
2440,GT0369VN-I586-XL,REMOVE FROM ALL TABLES,REMOVE FROM ALL TABLES,REMOVE FROM ALL TABLES,REMOVE FROM ALL TABLES,REMOVE FROM ALL TABLES
2441,GT0369VN-I586-1XL,REMOVE FROM ALL TABLES,REMOVE FROM ALL TABLES,REMOVE FROM ALL TABLES,REMOVE FROM ALL TABLES,REMOVE FROM ALL TABLES
2442,GT0369VN-I586-2XL,REMOVE FROM ALL TABLES,REMOVE FROM ALL TABLES,REMOVE FROM ALL TABLES,REMOVE FROM ALL TABLES,REMOVE FROM ALL TABLES
2443,GT0369VN-I586-3XL,REMOVE FROM ALL TABLES,REMOVE FROM ALL TABLES,REMOVE FROM ALL TABLES,REMOVE FROM ALL TABLES,REMOVE FROM ALL TABLES
2444,GT0369VN-I586-4XL,REMOVE FROM ALL TABLES,REMOVE FROM ALL TABLES,REMOVE FROM ALL TABLES,REMOVE FROM ALL TABLES,REMOVE FROM ALL TABLES
2445,GT0369VN-I586-5XL,REMOVE FROM ALL TABLES,REMOVE FROM ALL TABLES,REMOVE FROM ALL TABLES,REMOVE FROM ALL TABLES,REMOVE FROM ALL TABLES
1671,GT0661-I586-XS,REMOVE FROM ALL TABLES,REMOVE FROM ALL TABLES,REMOVE FROM ALL TABLES,REMOVE FROM ALL TABLES,REMOVE FROM ALL TABLES
1672,GT0661-I586-S,REMOVE FROM ALL TABLES,REMOVE FROM ALL TABLES,REMOVE FROM ALL TABLES,REMOVE FROM ALL TABLES,REMOVE FROM ALL TABLES
1673,GT0661-I586-M,REMOVE FROM ALL TABLES,REMOVE FROM ALL TABLES,REMOVE FROM ALL TABLES,REMOVE FROM ALL TABLES,REMOVE FROM ALL TABLES
1674,GT0661-I586-L,REMOVE FROM ALL TABLES,REMOVE FROM ALL TABLES,REMOVE FROM ALL TABLES,REMOVE FROM ALL TABLES,REMOVE FROM ALL TABLES
1675,GT0661-I586-XL,REMOVE FROM ALL TABLES,REMOVE FROM ALL TABLES,REMOVE FROM ALL TABLES,REMOVE FROM ALL TABLES,REMOVE FROM ALL TABLES
1676,GT0661-I586-1XL,REMOVE FROM ALL TABLES,REMOVE FROM ALL TABLES,REMOVE FROM ALL TABLES,REMOVE FROM ALL TABLES,REMOVE FROM ALL TABLES
1677,GT0661-I586-2XL,REMOVE FROM ALL TABLES,REMOVE FROM ALL TABLES,REMOVE FROM ALL TABLES,REMOVE FROM ALL TABLES,REMOVE FROM ALL TABLES
1678,GT0661-I586-3XL,REMOVE FROM ALL TABLES,REMOVE FROM ALL TABLES,REMOVE FROM ALL TABLES,REMOVE FROM ALL TABLES,REMOVE FROM ALL TABLES
1679,GT0661-I586-4XL,REMOVE FROM ALL TABLES,REMOVE FROM ALL TABLES,REMOVE FROM ALL TABLES,REMOVE FROM ALL TABLES,REMOVE FROM ALL TABLES
1680,GT0661-I586-5XL,REMOVE FROM ALL TABLES,REMOVE FROM ALL TABLES,REMOVE FROM ALL TABLES,REMOVE FROM ALL TABLES,REMOVE FROM ALL TABLES
147192,GS0526-I900-00,7421354803283,JEANIUS GOOD SKATE CARGO PANTS,Good Skate Cargo,42093367623763,197217666867
147193,GS0526-I900-0,7421354803283,JEANIUS GOOD SKATE CARGO PANTS,Good Skate Cargo,42093367525459,197217666850
147194,GS0526-I900-2,7421354803283,JEANIUS GOOD SKATE CARGO PANTS,Good Skate Cargo,42093367590995,197217666935
147195,GS0526-I900-4,7421354803283,JEANIUS GOOD SKATE CARGO PANTS,Good Skate Cargo,42093367689299,197217667017
147196,GS0526-I900-6,7421354803283,JEANIUS GOOD SKATE CARGO PANTS,Good Skate Cargo,42093367558227,197217667024
147197,GS0526-I900-8,7421354803283,JEANIUS GOOD SKATE CARGO PANTS,Good Skate Cargo,42093367722067,197217667031
147198,GS0526-I900-10,7421354803283,JEANIUS GOOD SKATE CARGO PANTS,Good Skate Cargo,42093367459923,197217666874
147199,GS0526-I900-12,7421354803283,JEANIUS GOOD SKATE CARGO PANTS,Good Skate Cargo,42093367754835,197217666881
147200,GS0526-I900-14,7421354803283,JEANIUS GOOD SKATE CARGO PANTS,Good Skate Cargo,42093367427155,197217666898
147201,GS0526-I900-15,7421354803283,JEANIUS GOOD SKATE CARGO PANTS,Good Skate Cargo,42093367787603,197217666904
147202,GS0526-I900-16,7421354803283,JEANIUS GOOD SKATE CARGO PANTS,Good Skate Cargo,42093367394387,197217666911
147203,GS0526-I900-18,7421354803283,JEANIUS GOOD SKATE CARGO PANTS,Good Skate Cargo,42093367820371,197217666928
147204,GS0526-I900-20,7421354803283,JEANIUS GOOD SKATE CARGO PANTS,Good Skate Cargo,42093367361619,197217666942
147205,GS0526-I900-22,7421354803283,JEANIUS GOOD SKATE CARGO PANTS,Good Skate Cargo,42093367853139,197217666959
147206,GS0526-I900-24,7421354803283,JEANIUS GOOD SKATE CARGO PANTS,Good Skate Cargo,42093367951443,197217666966
147207,GS0526-I900-26,7421354803283,JEANIUS GOOD SKATE CARGO PANTS,Good Skate Cargo,42093367885907,197217666973
147208,GS0526-I900-28,7421354803283,JEANIUS GOOD SKATE CARGO PANTS,Good Skate Cargo,42093367918675,197217666980
147209,GS0526-I900-30,7421354803283,JEANIUS GOOD SKATE CARGO PANTS,Good Skate Cargo,42093367492691,197217666997
147210,GS0526-I900-32,7421354803283,JEANIUS GOOD SKATE CARGO PANTS,Good Skate Cargo,42093367656531,197217667000
1738,GS0409BVN-K322-00,7160372101203,JEANIUS GOOD SKATE SWEATPANTS,Good Skate Sweatpants,41393445830739,197217600885
1739,GS0409BVN-K322-0,7160372101203,JEANIUS GOOD SKATE SWEATPANTS,Good Skate Sweatpants,41393445863507,197217600878
1740,GS0409BVN-K322-2,7160372101203,JEANIUS GOOD SKATE SWEATPANTS,Good Skate Sweatpants,41393445896275,197217600984
1741,GS0409BVN-K322-4,7160372101203,JEANIUS GOOD SKATE SWEATPANTS,Good Skate Sweatpants,41393445961811,197217601073
1742,GS0409BVN-K322-6,7160372101203,JEANIUS GOOD SKATE SWEATPANTS,Good Skate Sweatpants,41393446027347,197217601097
1743,GS0409BVN-K322-8,7160372101203,JEANIUS GOOD SKATE SWEATPANTS,Good Skate Sweatpants,41393446092883,197217601110
1744,GS0409BVN-K322-10,7160372101203,JEANIUS GOOD SKATE SWEATPANTS,Good Skate Sweatpants,41393446191187,197217600908
1745,GS0409BVN-K322-12,7160372101203,JEANIUS GOOD SKATE SWEATPANTS,Good Skate Sweatpants,41393446256723,197217600922
1746,GS0409BVN-K322-14,7160372101203,JEANIUS GOOD SKATE SWEATPANTS,Good Skate Sweatpants,41393446355027,197217600946
1747,GS0409BVN-K322-15,7160372101203,JEANIUS GOOD SKATE SWEATPANTS,Good Skate Sweatpants,41393446420563,197217600953
1748,GS0409BVN-K322-16,7160372101203,JEANIUS GOOD SKATE SWEATPANTS,Good Skate Sweatpants,41393446486099,197217600960
1749,GS0409BVN-K322-18,7160372101203,JEANIUS GOOD SKATE SWEATPANTS,Good Skate Sweatpants,41393446551635,197217600977
1750,GS0409BVN-K322-20,7160372101203,JEANIUS GOOD SKATE SWEATPANTS,Good Skate Sweatpants,41393446617171,197217600991
1751,GS0409BVN-K322-22,7160372101203,JEANIUS GOOD SKATE SWEATPANTS,Good Skate Sweatpants,41393446682707,197217601004
1752,GS0409BVN-K322-24,7160372101203,JEANIUS GOOD SKATE SWEATPANTS,Good Skate Sweatpants,41393446748243,197217601011
1753,GS0409BVN-K322-26,7160372101203,JEANIUS GOOD SKATE SWEATPANTS,Good Skate Sweatpants,41393446813779,197217601028
1754,GS0409BVN-K322-28,7160372101203,JEANIUS GOOD SKATE SWEATPANTS,Good Skate Sweatpants,41393446879315,197217601035
1755,GS0409BVN-K322-30,7160372101203,JEANIUS GOOD SKATE SWEATPANTS,Good Skate Sweatpants,41393446944851,197217601042
1756,GS0409BVN-K322-32,7160372101203,JEANIUS GOOD SKATE SWEATPANTS,Good Skate Sweatpants,41393447043155,197217601059
1963,GS0409VN-I586-00,7160371970131,JEANIUS GOOD SKATE SWEATPANTS,Good Skate Sweatpants,41393443995731,197217585106
1964,GS0409VN-I586-0,7160371970131,JEANIUS GOOD SKATE SWEATPANTS,Good Skate Sweatpants,41393444028499,197217585090
1965,GS0409VN-I586-2,7160371970131,JEANIUS GOOD SKATE SWEATPANTS,Good Skate Sweatpants,41393444061267,197217585175
1966,GS0409VN-I586-4,7160371970131,JEANIUS GOOD SKATE SWEATPANTS,Good Skate Sweatpants,41393444094035,197217585250
1967,GS0409VN-I586-6,7160371970131,JEANIUS GOOD SKATE SWEATPANTS,Good Skate Sweatpants,41393444126803,197217585267
1968,GS0409VN-I586-8,7160371970131,JEANIUS GOOD SKATE SWEATPANTS,Good Skate Sweatpants,41393444159571,197217585274
1969,GS0409VN-I586-10,7160371970131,JEANIUS GOOD SKATE SWEATPANTS,Good Skate Sweatpants,41393444192339,197217585113
1970,GS0409VN-I586-12,7160371970131,JEANIUS GOOD SKATE SWEATPANTS,Good Skate Sweatpants,41393444225107,197217585120
1971,GS0409VN-I586-14,7160371970131,JEANIUS GOOD SKATE SWEATPANTS,Good Skate Sweatpants,41393444257875,197217585137
1972,GS0409VN-I586-15,7160371970131,JEANIUS GOOD SKATE SWEATPANTS,Good Skate Sweatpants,41393444290643,197217585144
1973,GS0409VN-I586-16,7160371970131,JEANIUS GOOD SKATE SWEATPANTS,Good Skate Sweatpants,41393444323411,197217585151
1974,GS0409VN-I586-18,7160371970131,JEANIUS GOOD SKATE SWEATPANTS,Good Skate Sweatpants,41393444356179,197217585168
1975,GS0409VN-I586-20,7160371970131,JEANIUS GOOD SKATE SWEATPANTS,Good Skate Sweatpants,41393444388947,197217585182
1976,GS0409VN-I586-22,7160371970131,JEANIUS GOOD SKATE SWEATPANTS,Good Skate Sweatpants,41393444421715,197217585199
1977,GS0409VN-I586-24,7160371970131,JEANIUS GOOD SKATE SWEATPANTS,Good Skate Sweatpants,41393444454483,197217585205
1978,GS0409VN-I586-26,7160371970131,JEANIUS GOOD SKATE SWEATPANTS,Good Skate Sweatpants,41393444487251,197217585212
1979,GS0409VN-I586-28,7160371970131,JEANIUS GOOD SKATE SWEATPANTS,Good Skate Sweatpants,41393444520019,197217585229
1980,GS0409VN-I586-30,7160371970131,JEANIUS GOOD SKATE SWEATPANTS,Good Skate Sweatpants,41393444552787,197217585236
1981,GS0409VN-I586-32,7160371970131,JEANIUS GOOD SKATE SWEATPANTS,Good Skate Sweatpants,41393444585555,197217585243
3184,GS0541-I586-00,7123456541586,JEANIUS GOOD EASE SWEATPANTS,Good Ease Sweatpants,41393444000001,197217580001
3185,GS0541-I586-0,7123456541586,JEANIUS GOOD EASE SWEATPANTS,Good Ease Sweatpants,41393444000002,197217580002
3186,GS0541-I586-2,7123456541586,JEANIUS GOOD EASE SWEATPANTS,Good Ease Sweatpants,41393444000003,197217580003
3187,GS0541-I586-4,7123456541586,JEANIUS GOOD EASE SWEATPANTS,Good Ease Sweatpants,41393444000004,197217580004
3188,GS0541-I586-6,7123456541586,JEANIUS GOOD EASE SWEATPANTS,Good Ease Sweatpants,41393444000005,197217580005
3189,GS0541-I586-8,7123456541586,JEANIUS GOOD EASE SWEATPANTS,Good Ease Sweatpants,41393444000006,197217580006
3190,GS0541-I586-10,7123456541586,JEANIUS GOOD EASE SWEATPANTS,Good Ease Sweatpants,41393444000007,197217580007
3191,GS0541-I586-12,7123456541586,JEANIUS GOOD EASE SWEATPANTS,Good Ease Sweatpants,41393444000008,197217580008
3192,GS0541-I586-14,7123456541586,JEANIUS GOOD EASE SWEATPANTS,Good Ease Sweatpants,41393444000009,197217580009
3193,GS0541-I586-15,7123456541586,JEANIUS GOOD EASE SWEATPANTS,Good Ease Sweatpants,41393444000010,197217580010
3194,GS0541-I586-16,7123456541586,JEANIUS GOOD EASE SWEATPANTS,Good Ease Sweatpants,41393444000011,197217580011
3195,GS0541-I586-18,7123456541586,JEANIUS GOOD EASE SWEATPANTS,Good Ease Sweatpants,41393444000012,197217580012
3196,GS0541-I586-20,7123456541586,JEANIUS GOOD EASE SWEATPANTS,Good Ease Sweatpants,41393444000013,197217580013
3197,GS0541-I586-22,7123456541586,JEANIUS GOOD EASE SWEATPANTS,Good Ease Sweatpants,41393444000014,197217580014
3198,GS0541-I586-24,7123456541586,JEANIUS GOOD EASE SWEATPANTS,Good Ease Sweatpants,41393444000015,197217580015
3199,GS0541-I586-26,7123456541586,JEANIUS GOOD EASE SWEATPANTS,Good Ease Sweatpants,41393444000016,197217580016
3200,GS0541-I586-28,7123456541586,JEANIUS GOOD EASE SWEATPANTS,Good Ease Sweatpants,41393444000017,197217580017
3201,GS0541-I586-30,7123456541586,JEANIUS GOOD EASE SWEATPANTS,Good Ease Sweatpants,41393444000018,197217580018
3202,GS0541-I586-32,7123456541586,JEANIUS GOOD EASE SWEATPANTS,Good Ease Sweatpants,41393444000019,197217580019
149811,GS0524-I900-XS,7421354606675,JEANIUS PULL ON FLARE LEGGINGS,Jeanius Flare Pull On Leggings,42093365592147,197217666546
149812,GS0524-I900-S,7421354606675,JEANIUS PULL ON FLARE LEGGINGS,Jeanius Flare Pull On Leggings,42093365559379,197217666522
149813,GS0524-I900-M,7421354606675,JEANIUS PULL ON FLARE LEGGINGS,Jeanius Flare Pull On Leggings,42093365428307,197217666515
149814,GS0524-I900-L,7421354606675,JEANIUS PULL ON FLARE LEGGINGS,Jeanius Flare Pull On Leggings,42093365690451,197217666508
149815,GS0524-I900-XL,7421354606675,JEANIUS PULL ON FLARE LEGGINGS,Jeanius Flare Pull On Leggings,42093365395539,197217666539
149816,GS0524-I900-1XL,7421354606675,JEANIUS PULL ON FLARE LEGGINGS,Jeanius Flare Pull On Leggings,42189807124563,197217711659
149817,GS0524-I900-2XL,7421354606675,JEANIUS PULL ON FLARE LEGGINGS,Jeanius Flare Pull On Leggings,42093365657683,197217666461
149818,GS0524-I900-3XL,7421354606675,JEANIUS PULL ON FLARE LEGGINGS,Jeanius Flare Pull On Leggings,42093365526611,197217666478
149819,GS0524-I900-4XL,7421354606675,JEANIUS PULL ON FLARE LEGGINGS,Jeanius Flare Pull On Leggings,42093365493843,197217666485
149820,GS0524-I900-5XL,7421354606675,JEANIUS PULL ON FLARE LEGGINGS,Jeanius Flare Pull On Leggings,42093365624915,197217666492
154426,GS0604-I377-XS,REMOVE FROM ALL TABLES,REMOVE FROM ALL TABLES,REMOVE FROM ALL TABLES,REMOVE FROM ALL TABLES,REMOVE FROM ALL TABLES
154427,GS0604-I377-S,REMOVE FROM ALL TABLES,REMOVE FROM ALL TABLES,REMOVE FROM ALL TABLES,REMOVE FROM ALL TABLES,REMOVE FROM ALL TABLES
154428,GS0604-I377-M,REMOVE FROM ALL TABLES,REMOVE FROM ALL TABLES,REMOVE FROM ALL TABLES,REMOVE FROM ALL TABLES,REMOVE FROM ALL TABLES
154429,GS0604-I377-L,REMOVE FROM ALL TABLES,REMOVE FROM ALL TABLES,REMOVE FROM ALL TABLES,REMOVE FROM ALL TABLES,REMOVE FROM ALL TABLES
154430,GS0604-I377-XL,REMOVE FROM ALL TABLES,REMOVE FROM ALL TABLES,REMOVE FROM ALL TABLES,REMOVE FROM ALL TABLES,REMOVE FROM ALL TABLES
154431,GS0604-I377-1XL,REMOVE FROM ALL TABLES,REMOVE FROM ALL TABLES,REMOVE FROM ALL TABLES,REMOVE FROM ALL TABLES,REMOVE FROM ALL TABLES
154432,GS0604-I377-2XL,REMOVE FROM ALL TABLES,REMOVE FROM ALL TABLES,REMOVE FROM ALL TABLES,REMOVE FROM ALL TABLES,REMOVE FROM ALL TABLES
154433,GS0604-I377-3XL,REMOVE FROM ALL TABLES,REMOVE FROM ALL TABLES,REMOVE FROM ALL TABLES,REMOVE FROM ALL TABLES,REMOVE FROM ALL TABLES
154434,GS0604-I377-4XL,REMOVE FROM ALL TABLES,REMOVE FROM ALL TABLES,REMOVE FROM ALL TABLES,REMOVE FROM ALL TABLES,REMOVE FROM ALL TABLES
154435,GS0604-I377-5XL,REMOVE FROM ALL TABLES,REMOVE FROM ALL TABLES,REMOVE FROM ALL TABLES,REMOVE FROM ALL TABLES,REMOVE FROM ALL TABLES
143045,GICST046002-LKL1-00,7509323251795,LEOPARD GOOD ICON STRAIGHT DIAMOND JEANS,Good Icon Straight Diamond,42414959689811,197217790173
143046,GICST046002-LKL1-0,7509323251795,LEOPARD GOOD ICON STRAIGHT DIAMOND JEANS,Good Icon Straight Diamond,42414960017491,197217790166
143047,GICST046002-LKL1-2,7509323251795,LEOPARD GOOD ICON STRAIGHT DIAMOND JEANS,Good Icon Straight Diamond,42414959722579,197217790241
143048,GICST046002-LKL1-4,7509323251795,LEOPARD GOOD ICON STRAIGHT DIAMOND JEANS,Good Icon Straight Diamond,42414960050259,197217790326
143049,GICST046002-LKL1-6,7509323251795,LEOPARD GOOD ICON STRAIGHT DIAMOND JEANS,Good Icon Straight Diamond,42414959755347,197217790333
143050,GICST046002-LKL1-8,7509323251795,LEOPARD GOOD ICON STRAIGHT DIAMOND JEANS,Good Icon Straight Diamond,42414960115795,197217790340
143051,GICST046002-LKL1-10,7509323251795,LEOPARD GOOD ICON STRAIGHT DIAMOND JEANS,Good Icon Straight Diamond,42414959788115,197217790180
143052,GICST046002-LKL1-12,7509323251795,LEOPARD GOOD ICON STRAIGHT DIAMOND JEANS,Good Icon Straight Diamond,42414960181331,197217790197
143053,GICST046002-LKL1-14,7509323251795,LEOPARD GOOD ICON STRAIGHT DIAMOND JEANS,Good Icon Straight Diamond,42414959820883,197217790203
143054,GICST046002-LKL1-15,7509323251795,LEOPARD GOOD ICON STRAIGHT DIAMOND JEANS,Good Icon Straight Diamond,42414960246867,197217790210
143055,GICST046002-LKL1-16,7509323251795,LEOPARD GOOD ICON STRAIGHT DIAMOND JEANS,Good Icon Straight Diamond,42414959853651,197217790227
143056,GICST046002-LKL1-18,7509323251795,LEOPARD GOOD ICON STRAIGHT DIAMOND JEANS,Good Icon Straight Diamond,42414959558739,197217790234
143057,GICST046002-LKL1-20,7509323251795,LEOPARD GOOD ICON STRAIGHT DIAMOND JEANS,Good Icon Straight Diamond,42414959886419,197217790258
143058,GICST046002-LKL1-22,7509323251795,LEOPARD GOOD ICON STRAIGHT DIAMOND JEANS,Good Icon Straight Diamond,42414959591507,197217790265
143059,GICST046002-LKL1-24,7509323251795,LEOPARD GOOD ICON STRAIGHT DIAMOND JEANS,Good Icon Straight Diamond,42414959919187,197217790272
143060,GICST046002-LKL1-26,7509323251795,LEOPARD GOOD ICON STRAIGHT DIAMOND JEANS,Good Icon Straight Diamond,42414959624275,197217790289
143061,GICST046002-LKL1-28,7509323251795,LEOPARD GOOD ICON STRAIGHT DIAMOND JEANS,Good Icon Straight Diamond,42414959951955,197217790296
143062,GICST046002-LKL1-30,7509323251795,LEOPARD GOOD ICON STRAIGHT DIAMOND JEANS,Good Icon Straight Diamond,42414959657043,197217790302
143063,GICST046002-LKL1-32,7509323251795,LEOPARD GOOD ICON STRAIGHT DIAMOND JEANS,Good Icon Straight Diamond,42414959984723,197217790319
678,GLRBAG156S-I893-00,7423207899219,GOOD LOW RISE BAGGY JEANS,Good Baggy,42100269154387,197217687572
679,GLRBAG156S-I893-0,7423207899219,GOOD LOW RISE BAGGY JEANS,Good Baggy,42101192065107,197217687565
680,GLRBAG156S-I893-2,7423207899219,GOOD LOW RISE BAGGY JEANS,Good Baggy,42100269121619,197217687640
681,GLRBAG156S-I893-4,7423207899219,GOOD LOW RISE BAGGY JEANS,Good Baggy,42101192032339,197217687725
682,GLRBAG156S-I893-6,7423207899219,GOOD LOW RISE BAGGY JEANS,Good Baggy,42100269088851,197217687732
683,GLRBAG156S-I893-8,7423207899219,GOOD LOW RISE BAGGY JEANS,Good Baggy,42101191999571,197217687749
684,GLRBAG156S-I893-10,7423207899219,GOOD LOW RISE BAGGY JEANS,Good Baggy,42100269056083,197217687589
685,GLRBAG156S-I893-12,7423207899219,GOOD LOW RISE BAGGY JEANS,Good Baggy,42101191966803,197217687596
686,GLRBAG156S-I893-14,7423207899219,GOOD LOW RISE BAGGY JEANS,Good Baggy,42100269023315,197217687602
687,GLRBAG156S-I893-15,7423207899219,GOOD LOW RISE BAGGY JEANS,Good Baggy,42101191934035,197217687619
688,GLRBAG156S-I893-16,7423207899219,GOOD LOW RISE BAGGY JEANS,Good Baggy,42100268990547,197217687626
689,GLRBAG156S-I893-18,7423207899219,GOOD LOW RISE BAGGY JEANS,Good Baggy,42101191901267,197217687633
690,GLRBAG156S-I893-20,7423207899219,GOOD LOW RISE BAGGY JEANS,Good Baggy,42100268957779,197217687657
691,GLRBAG156S-I893-22,7423207899219,GOOD LOW RISE BAGGY JEANS,Good Baggy,42101191868499,197217687664
692,GLRBAG156S-I893-24,7423207899219,GOOD LOW RISE BAGGY JEANS,Good Baggy,42100268925011,197217687671
693,GLRBAG156S-I893-26,7423207899219,GOOD LOW RISE BAGGY JEANS,Good Baggy,42100269219923,197217687688
694,GLRBAG156S-I893-28,7423207899219,GOOD LOW RISE BAGGY JEANS,Good Baggy,42100268892243,197217687695
695,GLRBAG156S-I893-30,7423207899219,GOOD LOW RISE BAGGY JEANS,Good Baggy,42100268859475,197217687701
696,GLRBAG156S-I893-32,7423207899219,GOOD LOW RISE BAGGY JEANS,Good Baggy,42100269187155,197217687718
154107,GL47SBTPK-K001-00,7515765047379,GOOD LEGS SKINNY JEANS,Good Legs Skinny,42433403289683,197217706631
154108,GL47SBTPK-K001-0,7515765047379,GOOD LEGS SKINNY JEANS,Good Legs Skinny,42433403158611,197217706624
154109,GL47SBTPK-K001-2,7515765047379,GOOD LEGS SKINNY JEANS,Good Legs Skinny,42433402962003,197217706709
154110,GL47SBTPK-K001-4,7515765047379,GOOD LEGS SKINNY JEANS,Good Legs Skinny,42433403191379,197217706785
154111,GL47SBTPK-K001-6,7515765047379,GOOD LEGS SKINNY JEANS,Good Legs Skinny,42433402929235,197217706792
154112,GL47SBTPK-K001-8,7515765047379,GOOD LEGS SKINNY JEANS,Good Legs Skinny,42433403224147,197217706808
154113,GL47SBTPK-K001-10,7515765047379,GOOD LEGS SKINNY JEANS,Good Legs Skinny,42433402896467,197217706648
154114,GL47SBTPK-K001-12,7515765047379,GOOD LEGS SKINNY JEANS,Good Legs Skinny,42433403256915,197217706655
154115,GL47SBTPK-K001-14,7515765047379,GOOD LEGS SKINNY JEANS,Good Legs Skinny,42433402863699,197217706662
154116,GL47SBTPK-K001-15,7515765047379,GOOD LEGS SKINNY JEANS,Good Legs Skinny,42433403355219,197217706679
154117,GL47SBTPK-K001-16,7515765047379,GOOD LEGS SKINNY JEANS,Good Legs Skinny,42433402994771,197217706686
154118,GL47SBTPK-K001-18,7515765047379,GOOD LEGS SKINNY JEANS,Good Legs Skinny,42433403387987,197217706693
154119,GL47SBTPK-K001-20,7515765047379,GOOD LEGS SKINNY JEANS,Good Legs Skinny,42433403027539,197217706716
154120,GL47SBTPK-K001-22,7515765047379,GOOD LEGS SKINNY JEANS,Good Legs Skinny,42433403420755,197217706723
154121,GL47SBTPK-K001-24,7515765047379,GOOD LEGS SKINNY JEANS,Good Legs Skinny,42433403060307,197217706730
154122,GL47SBTPK-K001-26,7515765047379,GOOD LEGS SKINNY JEANS,Good Legs Skinny,42433403453523,197217706747
154123,GL47SBTPK-K001-28,7515765047379,GOOD LEGS SKINNY JEANS,Good Legs Skinny,42433403093075,197217706754
154124,GL47SBTPK-K001-30,7515765047379,GOOD LEGS SKINNY JEANS,Good Legs Skinny,42433403125843,197217706761
154125,GL47SBTPK-K001-32,7515765047379,GOOD LEGS SKINNY JEANS,Good Legs Skinny,42433403322451,197217706778
147239,GLF478BT-K001-0,7223456789478,POWER STRETCH PULL-ON FLARE JEANS,Power Stretch Flare Pull On,40572840000010,197217080010
147240,GLF478BT-K001-1,7223456789478,POWER STRETCH PULL-ON FLARE JEANS,Power Stretch Flare Pull On,40572840000011,197217080011
147241,GLF478BT-K001-2,7223456789478,POWER STRETCH PULL-ON FLARE JEANS,Power Stretch Flare Pull On,40572840000012,197217080012
147242,GLF478BT-K001-3,7223456789478,POWER STRETCH PULL-ON FLARE JEANS,Power Stretch Flare Pull On,40572840000013,197217080013
147243,GLF478BT-K001-4,7223456789478,POWER STRETCH PULL-ON FLARE JEANS,Power Stretch Flare Pull On,40572840000014,197217080014
147244,GLF478BT-K001-1XL,7223456789478,POWER STRETCH PULL-ON FLARE JEANS,Power Stretch Flare Pull On,40572840000019,197217080019
147245,GLF478BT-K001-5,7223456789478,POWER STRETCH PULL-ON FLARE JEANS,Power Stretch Flare Pull On,40572840000015,197217080015
147246,GLF478BT-K001-6,7223456789478,POWER STRETCH PULL-ON FLARE JEANS,Power Stretch Flare Pull On,40572840000016,197217080016
147247,GLF478BT-K001-7,7223456789478,POWER STRETCH PULL-ON FLARE JEANS,Power Stretch Flare Pull On,40572840000017,197217080017
147248,GLF478BT-K001-8,7223456789478,POWER STRETCH PULL-ON FLARE JEANS,Power Stretch Flare Pull On,40572840000018,197217080018
979,GLF478BTE-K001-0,6958505558099,POWER STRETCH PULL-ON FLARE JEANS,Power Stretch Flare Pull On,40572845490259,197217084227
980,GLF478BTE-K001-1,6958505558099,POWER STRETCH PULL-ON FLARE JEANS,Power Stretch Flare Pull On,40572845523027,197217084234
981,GLF478BTE-K001-2,6958505558099,POWER STRETCH PULL-ON FLARE JEANS,Power Stretch Flare Pull On,40572845555795,197217084241
982,GLF478BTE-K001-3,6958505558099,POWER STRETCH PULL-ON FLARE JEANS,Power Stretch Flare Pull On,40572845588563,197217084258
983,GLF478BTE-K001-4,6958505558099,POWER STRETCH PULL-ON FLARE JEANS,Power Stretch Flare Pull On,40572845621331,197217084265
984,GLF478BTE-K001-5,6958505558099,POWER STRETCH PULL-ON FLARE JEANS,Power Stretch Flare Pull On,40572845654099,197217084272
985,GLF478BTE-K001-6,6958505558099,POWER STRETCH PULL-ON FLARE JEANS,Power Stretch Flare Pull On,40572845686867,197217084289
986,GLF478BTE-K001-7,6958505558099,POWER STRETCH PULL-ON FLARE JEANS,Power Stretch Flare Pull On,40572845719635,197217084296
987,GLF478BTE-K001-8,6958505558099,POWER STRETCH PULL-ON FLARE JEANS,Power Stretch Flare Pull On,40572845752403,197217084302
1757,GLF478T-I490-0,6862189101139,POWER STRETCH PULL-ON FLARE JEANS,Power Stretch Flare Pull On,42567931232339,019695405885
1758,GLF478T-I490-1,6862189101139,POWER STRETCH PULL-ON FLARE JEANS,Power Stretch Flare Pull On,42567931265107,019695405892
1759,GLF478T-I490-2,6862189101139,POWER STRETCH PULL-ON FLARE JEANS,Power Stretch Flare Pull On,42567931297875,019695405908
1760,GLF478T-I490-3,6862189101139,POWER STRETCH PULL-ON FLARE JEANS,Power Stretch Flare Pull On,42567931330643,019695405915
1761,GLF478T-I490-4,6862189101139,POWER STRETCH PULL-ON FLARE JEANS,Power Stretch Flare Pull On,42567931363411,019695405922
1762,GLF478T-I490-XXL,6862189101139,POWER STRETCH PULL-ON FLARE JEANS,Power Stretch Flare Pull On,42567931000001,019695400001
1763,GLF478T-I490-1XL,6862189101139,POWER STRETCH PULL-ON FLARE JEANS,Power Stretch Flare Pull On,42189990527059,197217710140
1764,GLF478T-I490-5,6862189101139,POWER STRETCH PULL-ON FLARE JEANS,Power Stretch Flare Pull On,42567931396179,019695405939
1765,GLF478T-I490-6,6862189101139,POWER STRETCH PULL-ON FLARE JEANS,Power Stretch Flare Pull On,42567931428947,019695405946
1766,GLF478T-I490-7,6862189101139,POWER STRETCH PULL-ON FLARE JEANS,Power Stretch Flare Pull On,42567931461715,019695405953
1767,GLF478T-I490-8,6862189101139,POWER STRETCH PULL-ON FLARE JEANS,Power Stretch Flare Pull On,42567931494483,019695405960
854,GLF478T-I491-0,6862189330515,POWER STRETCH PULL-ON FLARE JEANS,Power Stretch Flare Pull On,42567931756627,019695405977
855,GLF478T-I491-1,6862189330515,POWER STRETCH PULL-ON FLARE JEANS,Power Stretch Flare Pull On,42567931789395,019695405984
856,GLF478T-I491-2,6862189330515,POWER STRETCH PULL-ON FLARE JEANS,Power Stretch Flare Pull On,42567931822163,019695405991
857,GLF478T-I491-3,6862189330515,POWER STRETCH PULL-ON FLARE JEANS,Power Stretch Flare Pull On,42567931854931,019695406004
858,GLF478T-I491-4,6862189330515,POWER STRETCH PULL-ON FLARE JEANS,Power Stretch Flare Pull On,42567931887699,019695406011
859,GLF478T-I491-XXL,6862189330515,POWER STRETCH PULL-ON FLARE JEANS,Power Stretch Flare Pull On,42567931000002,019695400002
860,GLF478T-I491-1XL,6862189330515,POWER STRETCH PULL-ON FLARE JEANS,Power Stretch Flare Pull On,42189990559827,197217710249
861,GLF478T-I491-5,6862189330515,POWER STRETCH PULL-ON FLARE JEANS,Power Stretch Flare Pull On,42567931920467,019695406028
862,GLF478T-I491-6,6862189330515,POWER STRETCH PULL-ON FLARE JEANS,Power Stretch Flare Pull On,42567931953235,019695406035
863,GLF478T-I491-7,6862189330515,POWER STRETCH PULL-ON FLARE JEANS,Power Stretch Flare Pull On,42567931986003,019695406042
864,GLF478T-I491-8,6862189330515,POWER STRETCH PULL-ON FLARE JEANS,Power Stretch Flare Pull On,42567932018771,019695406059
1662,GLF478TE-I491-0,6958505492563,POWER STRETCH PULL-ON FLARE JEANS,Power Stretch Flare Pull On,40572844900435,197217084401
1663,GLF478TE-I491-1,6958505492563,POWER STRETCH PULL-ON FLARE JEANS,Power Stretch Flare Pull On,40572844933203,197217084418
1664,GLF478TE-I491-2,6958505492563,POWER STRETCH PULL-ON FLARE JEANS,Power Stretch Flare Pull On,40572844965971,197217084425
1665,GLF478TE-I491-3,6958505492563,POWER STRETCH PULL-ON FLARE JEANS,Power Stretch Flare Pull On,40572844998739,197217084432
1666,GLF478TE-I491-4,6958505492563,POWER STRETCH PULL-ON FLARE JEANS,Power Stretch Flare Pull On,40572845031507,197217084449
1667,GLF478TE-I491-5,6958505492563,POWER STRETCH PULL-ON FLARE JEANS,Power Stretch Flare Pull On,40572845064275,197217084456
1668,GLF478TE-I491-6,6958505492563,POWER STRETCH PULL-ON FLARE JEANS,Power Stretch Flare Pull On,40572845097043,197217084463
1669,GLF478TE-I491-7,6958505492563,POWER STRETCH PULL-ON FLARE JEANS,Power Stretch Flare Pull On,40572845129811,197217084470
1670,GLF478TE-I491-8,6958505492563,POWER STRETCH PULL-ON FLARE JEANS,Power Stretch Flare Pull On,40572845162579,197217084487
1269,GLV478BT-K001-0,6861787201619,POWER STRETCH PULL-ON SKINNY JEANS,Power Stretch Skinny Pull On,42567930937427,019695402419
1270,GLV478BT-K001-1,6861787201619,POWER STRETCH PULL-ON SKINNY JEANS,Power Stretch Skinny Pull On,42567930970195,019695402426
1271,GLV478BT-K001-2,6861787201619,POWER STRETCH PULL-ON SKINNY JEANS,Power Stretch Skinny Pull On,42567931002963,019695402433
1272,GLV478BT-K001-3,6861787201619,POWER STRETCH PULL-ON SKINNY JEANS,Power Stretch Skinny Pull On,42567931035731,019695402440
1273,GLV478BT-K001-4,6861787201619,POWER STRETCH PULL-ON SKINNY JEANS,Power Stretch Skinny Pull On,42567931068499,019695402457
1274,GLV478BT-K001-XXL,6861787201619,POWER STRETCH PULL-ON SKINNY JEANS,Power Stretch Skinny Pull On,42112544473171,197217707058
1275,GLV478BT-K001-1XL,6861787201619,POWER STRETCH PULL-ON SKINNY JEANS,Power Stretch Skinny Pull On,42189990395987,197217710447
1276,GLV478BT-K001-5,6861787201619,POWER STRETCH PULL-ON SKINNY JEANS,Power Stretch Skinny Pull On,42567931101267,019695402464
1277,GLV478BT-K001-6,6861787201619,POWER STRETCH PULL-ON SKINNY JEANS,Power Stretch Skinny Pull On,42567931134035,019695402471
1278,GLV478BT-K001-7,6861787201619,POWER STRETCH PULL-ON SKINNY JEANS,Power Stretch Skinny Pull On,42567931166803,019695402488
1279,GLV478BT-K001-8,6861787201619,POWER STRETCH PULL-ON SKINNY JEANS,Power Stretch Skinny Pull On,42567931199571,019695402495
152092,GLV478BTE-K001-XS,7001033375827,POWER STRETCH PULL-ON SKINNY JEANS,Power Stretch Skinny Pull On,40834894299219,197217320455
152093,GLV478BTE-K001-S,7001033375827,POWER STRETCH PULL-ON SKINNY JEANS,Power Stretch Skinny Pull On,40834894331987,197217320431
152094,GLV478BTE-K001-M,7001033375827,POWER STRETCH PULL-ON SKINNY JEANS,Power Stretch Skinny Pull On,40834894364755,197217320424
152095,GLV478BTE-K001-L,7001033375827,POWER STRETCH PULL-ON SKINNY JEANS,Power Stretch Skinny Pull On,40834894397523,197217320417
152096,GLV478BTE-K001-XL,7001033375827,POWER STRETCH PULL-ON SKINNY JEANS,Power Stretch Skinny Pull On,40834894430291,197217320448
152097,GLV478BTE-K001-2XL,7001033375827,POWER STRETCH PULL-ON SKINNY JEANS,Power Stretch Skinny Pull On,40834894463059,197217320370
152098,GLV478BTE-K001-3XL,7001033375827,POWER STRETCH PULL-ON SKINNY JEANS,Power Stretch Skinny Pull On,40834894495827,197217320387
152099,GLV478BTE-K001-4XL,7001033375827,POWER STRETCH PULL-ON SKINNY JEANS,Power Stretch Skinny Pull On,40834894528595,197217320394
152100,GLV478BTE-K001-5XL,7001033375827,POWER STRETCH PULL-ON SKINNY JEANS,Power Stretch Skinny Pull On,40834894561363,197217320400
1556,GLV478T-I491-0,6861787529299,POWER STRETCH PULL-ON SKINNY JEANS,Power Stretch Skinny Pull On,42566607011923,019695402594
1557,GLV478T-I491-1,6861787529299,POWER STRETCH PULL-ON SKINNY JEANS,Power Stretch Skinny Pull On,42566607044691,019695402600
1558,GLV478T-I491-2,6861787529299,POWER STRETCH PULL-ON SKINNY JEANS,Power Stretch Skinny Pull On,42566607077459,019695402617
1559,GLV478T-I491-3,6861787529299,POWER STRETCH PULL-ON SKINNY JEANS,Power Stretch Skinny Pull On,42566607110227,019695402624
1560,GLV478T-I491-4,6861787529299,POWER STRETCH PULL-ON SKINNY JEANS,Power Stretch Skinny Pull On,42566607142995,019695402631
1561,GLV478T-I491-XXL,6861787529299,POWER STRETCH PULL-ON SKINNY JEANS,Power Stretch Skinny Pull On,42566607000001,019695400003
1562,GLV478T-I491-1XL,6861787529299,POWER STRETCH PULL-ON SKINNY JEANS,Power Stretch Skinny Pull On,42189990461523,197217710041
1563,GLV478T-I491-5,6861787529299,POWER STRETCH PULL-ON SKINNY JEANS,Power Stretch Skinny Pull On,42566607175763,019695402648
1564,GLV478T-I491-6,6861787529299,POWER STRETCH PULL-ON SKINNY JEANS,Power Stretch Skinny Pull On,42566607208531,019695402655
1565,GLV478T-I491-7,6861787529299,POWER STRETCH PULL-ON SKINNY JEANS,Power Stretch Skinny Pull On,42566607241299,019695402662
1566,GLV478T-I491-8,6861787529299,POWER STRETCH PULL-ON SKINNY JEANS,Power Stretch Skinny Pull On,42566607274067,019695402679
147230,GLV478TE-I491-0,6958505656403,POWER STRETCH PULL-ON SKINNY JEANS,Power Stretch Skinny Pull On,40572846669907,197217087525
147231,GLV478TE-I491-1,6958505656403,POWER STRETCH PULL-ON SKINNY JEANS,Power Stretch Skinny Pull On,40572846702675,197217087532
147232,GLV478TE-I491-2,6958505656403,POWER STRETCH PULL-ON SKINNY JEANS,Power Stretch Skinny Pull On,40572846735443,197217087549
147233,GLV478TE-I491-3,6958505656403,POWER STRETCH PULL-ON SKINNY JEANS,Power Stretch Skinny Pull On,40572846768211,197217087556
147234,GLV478TE-I491-4,6958505656403,POWER STRETCH PULL-ON SKINNY JEANS,Power Stretch Skinny Pull On,40572846800979,197217087563
147235,GLV478TE-I491-5,6958505656403,POWER STRETCH PULL-ON SKINNY JEANS,Power Stretch Skinny Pull On,40572846833747,197217087570
147236,GLV478TE-I491-6,6958505656403,POWER STRETCH PULL-ON SKINNY JEANS,Power Stretch Skinny Pull On,40572846866515,197217087587
147237,GLV478TE-I491-7,6958505656403,POWER STRETCH PULL-ON SKINNY JEANS,Power Stretch Skinny Pull On,40572846899283,197217087594
147238,GLV478TE-I491-8,6958505656403,POWER STRETCH PULL-ON SKINNY JEANS,Power Stretch Skinny Pull On,40572846932051,197217087600
143216,GRST175S-I868-00,7423543443539,GOOD RELAXED STRAIGHT JEANS,Good Relaxed Straight,42101152612435,197217698912
143217,GRST175S-I868-0,7423543443539,GOOD RELAXED STRAIGHT JEANS,Good Relaxed Straight,42101152219219,197217698905
143218,GRST175S-I868-2,7423543443539,GOOD RELAXED STRAIGHT JEANS,Good Relaxed Straight,42101152579667,197217698981
143219,GRST175S-I868-4,7423543443539,GOOD RELAXED STRAIGHT JEANS,Good Relaxed Straight,42101152120915,197217699063
143220,GRST175S-I868-6,7423543443539,GOOD RELAXED STRAIGHT JEANS,Good Relaxed Straight,42101152546899,197217699070
143221,GRST175S-I868-8,7423543443539,GOOD RELAXED STRAIGHT JEANS,Good Relaxed Straight,42101152350291,197217699087
143222,GRST175S-I868-10,7423543443539,GOOD RELAXED STRAIGHT JEANS,Good Relaxed Straight,42101152514131,197217698929
143223,GRST175S-I868-12,7423543443539,GOOD RELAXED STRAIGHT JEANS,Good Relaxed Straight,42101152317523,197217698936
143224,GRST175S-I868-14,7423543443539,GOOD RELAXED STRAIGHT JEANS,Good Relaxed Straight,42101152481363,197217698943
143225,GRST175S-I868-15,7423543443539,GOOD RELAXED STRAIGHT JEANS,Good Relaxed Straight,42101152284755,197217698950
143226,GRST175S-I868-16,7423543443539,GOOD RELAXED STRAIGHT JEANS,Good Relaxed Straight,42101152448595,197217698967
143227,GRST175S-I868-18,7423543443539,GOOD RELAXED STRAIGHT JEANS,Good Relaxed Straight,42101152251987,197217698974
143228,GRST175S-I868-20,7423543443539,GOOD RELAXED STRAIGHT JEANS,Good Relaxed Straight,42101152415827,197217698998
143229,GRST175S-I868-22,7423543443539,GOOD RELAXED STRAIGHT JEANS,Good Relaxed Straight,42101152710739,197217699001
143230,GRST175S-I868-24,7423543443539,GOOD RELAXED STRAIGHT JEANS,Good Relaxed Straight,42101152383059,197217699018
143231,GRST175S-I868-26,7423543443539,GOOD RELAXED STRAIGHT JEANS,Good Relaxed Straight,42101152677971,197217699025
143232,GRST175S-I868-28,7423543443539,GOOD RELAXED STRAIGHT JEANS,Good Relaxed Straight,42101152153683,197217699032
143233,GRST175S-I868-30,7423543443539,GOOD RELAXED STRAIGHT JEANS,Good Relaxed Straight,42101152645203,197217699049
143234,GRST175S-I868-32,7423543443539,GOOD RELAXED STRAIGHT JEANS,Good Relaxed Straight,42101152186451,197217699056
143178,GRST156S-I885-00,7423208456275,GOOD RELAXED STRAIGHT JEANS,Good Relaxed Straight,42102240477267,197217692095
143179,GRST156S-I885-0,7423208456275,GOOD RELAXED STRAIGHT JEANS,Good Relaxed Straight,42102240641107,197217692088
143180,GRST156S-I885-2,7423208456275,GOOD RELAXED STRAIGHT JEANS,Good Relaxed Straight,42102240444499,197217692163
143181,GRST156S-I885-4,7423208456275,GOOD RELAXED STRAIGHT JEANS,Good Relaxed Straight,42102240608339,197217692248
143182,GRST156S-I885-6,7423208456275,GOOD RELAXED STRAIGHT JEANS,Good Relaxed Straight,42102240411731,197217692255
143183,GRST156S-I885-8,7423208456275,GOOD RELAXED STRAIGHT JEANS,Good Relaxed Straight,42100271251539,197217692262
143184,GRST156S-I885-10,7423208456275,GOOD RELAXED STRAIGHT JEANS,Good Relaxed Straight,42102240378963,197217692101
143185,GRST156S-I885-12,7423208456275,GOOD RELAXED STRAIGHT JEANS,Good Relaxed Straight,42100271284307,197217692118
143186,GRST156S-I885-14,7423208456275,GOOD RELAXED STRAIGHT JEANS,Good Relaxed Straight,42101192818771,197217692125
143187,GRST156S-I885-15,7423208456275,GOOD RELAXED STRAIGHT JEANS,Good Relaxed Straight,42100271317075,197217692132
143188,GRST156S-I885-16,7423208456275,GOOD RELAXED STRAIGHT JEANS,Good Relaxed Straight,42102240346195,197217692149
143189,GRST156S-I885-18,7423208456275,GOOD RELAXED STRAIGHT JEANS,Good Relaxed Straight,42102240542803,197217692156
143190,GRST156S-I885-20,7423208456275,GOOD RELAXED STRAIGHT JEANS,Good Relaxed Straight,42102240313427,197217692170
143191,GRST156S-I885-22,7423208456275,GOOD RELAXED STRAIGHT JEANS,Good Relaxed Straight,42102240575571,197217692187
143192,GRST156S-I885-24,7423208456275,GOOD RELAXED STRAIGHT JEANS,Good Relaxed Straight,42102240215123,197217692194
143193,GRST156S-I885-26,7423208456275,GOOD RELAXED STRAIGHT JEANS,Good Relaxed Straight,42102240247891,197217692200
143194,GRST156S-I885-28,7423208456275,GOOD RELAXED STRAIGHT JEANS,Good Relaxed Straight,42102240182355,197217692217
143195,GRST156S-I885-30,7423208456275,GOOD RELAXED STRAIGHT JEANS,Good Relaxed Straight,42102240510035,197217692224
143196,GRST156S-I885-32,7423208456275,GOOD RELAXED STRAIGHT JEANS,Good Relaxed Straight,42102240280659,197217692231
2039,GRST156S-I887-00,7423563530323,GOOD RELAXED STRAIGHT JEANS,Good Relaxed Straight,42101188231251,197217692286
2040,GRST156S-I887-0,7423563530323,GOOD RELAXED STRAIGHT JEANS,Good Relaxed Straight,42101188001875,197217692279
2041,GRST156S-I887-2,7423563530323,GOOD RELAXED STRAIGHT JEANS,Good Relaxed Straight,42101188198483,197217692354
2042,GRST156S-I887-4,7423563530323,GOOD RELAXED STRAIGHT JEANS,Good Relaxed Straight,42101187969107,197217692439
2043,GRST156S-I887-6,7423563530323,GOOD RELAXED STRAIGHT JEANS,Good Relaxed Straight,42101188165715,197217692446
2044,GRST156S-I887-8,7423563530323,GOOD RELAXED STRAIGHT JEANS,Good Relaxed Straight,42101187936339,197217692453
2045,GRST156S-I887-10,7423563530323,GOOD RELAXED STRAIGHT JEANS,Good Relaxed Straight,42101188132947,197217692293
2046,GRST156S-I887-12,7423563530323,GOOD RELAXED STRAIGHT JEANS,Good Relaxed Straight,42101187903571,197217692309
2047,GRST156S-I887-14,7423563530323,GOOD RELAXED STRAIGHT JEANS,Good Relaxed Straight,42101188100179,197217692316
2048,GRST156S-I887-15,7423563530323,GOOD RELAXED STRAIGHT JEANS,Good Relaxed Straight,42101187870803,197217692323
2049,GRST156S-I887-16,7423563530323,GOOD RELAXED STRAIGHT JEANS,Good Relaxed Straight,42101188067411,197217692330
2050,GRST156S-I887-18,7423563530323,GOOD RELAXED STRAIGHT JEANS,Good Relaxed Straight,42101187838035,197217692347
2051,GRST156S-I887-20,7423563530323,GOOD RELAXED STRAIGHT JEANS,Good Relaxed Straight,42101188034643,197217692361
2052,GRST156S-I887-22,7423563530323,GOOD RELAXED STRAIGHT JEANS,Good Relaxed Straight,42101187805267,197217692378
2053,GRST156S-I887-24,7423563530323,GOOD RELAXED STRAIGHT JEANS,Good Relaxed Straight,42101188329555,197217692385
2054,GRST156S-I887-26,7423563530323,GOOD RELAXED STRAIGHT JEANS,Good Relaxed Straight,42101188395091,197217692392
2055,GRST156S-I887-28,7423563530323,GOOD RELAXED STRAIGHT JEANS,Good Relaxed Straight,42101188362323,197217692408
2056,GRST156S-I887-30,7423563530323,GOOD RELAXED STRAIGHT JEANS,Good Relaxed Straight,42101188296787,197217692415
2057,GRST156S-I887-32,7423563530323,GOOD RELAXED STRAIGHT JEANS,Good Relaxed Straight,42101188264019,197217692422
2096,GFD338-I1083-00,7514633699411,REWORKED WIDE LEG JEANS,Reworked Wide,42430424416339,197217800582
2097,GFD338-I1083-0,7514633699411,REWORKED WIDE LEG JEANS,Reworked Wide,42430424252499,197217800575
2098,GFD338-I1083-2,7514633699411,REWORKED WIDE LEG JEANS,Reworked Wide,42430424383571,197217800650
2099,GFD338-I1083-4,7514633699411,REWORKED WIDE LEG JEANS,Reworked Wide,42430424285267,197217800735
2100,GFD338-I1083-6,7514633699411,REWORKED WIDE LEG JEANS,Reworked Wide,42430423826515,197217800742
2101,GFD338-I1083-8,7514633699411,REWORKED WIDE LEG JEANS,Reworked Wide,42430424219731,197217800759
2102,GFD338-I1083-10,7514633699411,REWORKED WIDE LEG JEANS,Reworked Wide,42430423859283,197217800599
2103,GFD338-I1083-12,7514633699411,REWORKED WIDE LEG JEANS,Reworked Wide,42430424186963,197217800605
2104,GFD338-I1083-14,7514633699411,REWORKED WIDE LEG JEANS,Reworked Wide,42430423892051,197217800612
2105,GFD338-I1083-15,7514633699411,REWORKED WIDE LEG JEANS,Reworked Wide,42430424154195,197217800629
2106,GFD338-I1083-16,7514633699411,REWORKED WIDE LEG JEANS,Reworked Wide,42430423924819,197217800636
2107,GFD338-I1083-18,7514633699411,REWORKED WIDE LEG JEANS,Reworked Wide,42430424121427,197217800643
2108,GFD338-I1083-20,7514633699411,REWORKED WIDE LEG JEANS,Reworked Wide,42430423957587,197217800667
2109,GFD338-I1083-22,7514633699411,REWORKED WIDE LEG JEANS,Reworked Wide,42430424088659,197217800674
2110,GFD338-I1083-24,7514633699411,REWORKED WIDE LEG JEANS,Reworked Wide,42430423990355,197217800681
2111,GFD338-I1083-26,7514633699411,REWORKED WIDE LEG JEANS,Reworked Wide,42430424055891,197217800698
2112,GFD338-I1083-28,7514633699411,REWORKED WIDE LEG JEANS,Reworked Wide,42430424318035,197217800704
2113,GFD338-I1083-30,7514633699411,REWORKED WIDE LEG JEANS,Reworked Wide,42430424023123,197217800711
2114,GFD338-I1083-32,7514633699411,REWORKED WIDE LEG JEANS,Reworked Wide,42430424350803,197217800728
150120,GCLB220B-K344-22,7673653231699,SOFT TECH GOOD CLASSIC BOOTCUT JEANS,Good Classic Bootcut,43002784481363,197217970575
150121,GCLB220B-K344-10,7673653231699,SOFT TECH GOOD CLASSIC BOOTCUT JEANS,Good Classic Bootcut,43002784514131,197217970490
150122,GCLB220B-K344-30,7673653231699,SOFT TECH GOOD CLASSIC BOOTCUT JEANS,Good Classic Bootcut,43002784546899,197217970612
150123,GCLB220B-K344-32,7673653231699,SOFT TECH GOOD CLASSIC BOOTCUT JEANS,Good Classic Bootcut,43002784579667,197217970629
150124,GCLB220B-K344-28,7673653231699,SOFT TECH GOOD CLASSIC BOOTCUT JEANS,Good Classic Bootcut,43002784612435,197217970605
150125,GCLB220B-K344-24,7673653231699,SOFT TECH GOOD CLASSIC BOOTCUT JEANS,Good Classic Bootcut,43002784645203,197217970582
150126,GCLB220B-K344-20,7673653231699,SOFT TECH GOOD CLASSIC BOOTCUT JEANS,Good Classic Bootcut,43002784677971,197217970568
150127,GCLB220B-K344-16,7673653231699,SOFT TECH GOOD CLASSIC BOOTCUT JEANS,Good Classic Bootcut,43002784710739,197217970537
150128,GCLB220B-K344-14,7673653231699,SOFT TECH GOOD CLASSIC BOOTCUT JEANS,Good Classic Bootcut,43002784743507,197217970513
150129,GCLB220B-K344-18,7673653231699,SOFT TECH GOOD CLASSIC BOOTCUT JEANS,Good Classic Bootcut,43002784776275,197217970544
150130,GCLB220B-K344-15,7673653231699,SOFT TECH GOOD CLASSIC BOOTCUT JEANS,Good Classic Bootcut,43002784809043,197217970520
150131,GCLB220B-K344-12,7673653231699,SOFT TECH GOOD CLASSIC BOOTCUT JEANS,Good Classic Bootcut,43002784841811,197217970506
150132,GCLB220B-K344-8,7673653231699,SOFT TECH GOOD CLASSIC BOOTCUT JEANS,Good Classic Bootcut,43002784874579,197217970650
150133,GCLB220B-K344-4,7673653231699,SOFT TECH GOOD CLASSIC BOOTCUT JEANS,Good Classic Bootcut,43002784907347,197217970636
150134,GCLB220B-K344-0,7673653231699,SOFT TECH GOOD CLASSIC BOOTCUT JEANS,Good Classic Bootcut,43002784940115,197217970476
150135,GCLB220B-K344-00,7673653231699,SOFT TECH GOOD CLASSIC BOOTCUT JEANS,Good Classic Bootcut,43002784972883,197217970483
150136,GCLB220B-K344-2,7673653231699,SOFT TECH GOOD CLASSIC BOOTCUT JEANS,Good Classic Bootcut,43002785005651,197217970551
150137,GCLB220B-K344-6,7673653231699,SOFT TECH GOOD CLASSIC BOOTCUT JEANS,Good Classic Bootcut,43002785038419,197217970643
150138,GCLB220B-K344-26,7673653231699,SOFT TECH GOOD CLASSIC BOOTCUT JEANS,Good Classic Bootcut,43002785071187,197217970599
154728,GCLB960T-I1275-00,7654931333203,SOFT TECH GOOD CLASSIC BOOTCUT JEANS,Good Classic Bootcut,42916160405587,197217948857
154729,GCLB960T-I1275-0,7654931333203,SOFT TECH GOOD CLASSIC BOOTCUT JEANS,Good Classic Bootcut,42916160634963,197217948840
154730,GCLB960T-I1275-2,7654931333203,SOFT TECH GOOD CLASSIC BOOTCUT JEANS,Good Classic Bootcut,42916160438355,197217948925
154731,GCLB960T-I1275-4,7654931333203,SOFT TECH GOOD CLASSIC BOOTCUT JEANS,Good Classic Bootcut,42916160667731,197217949007
154732,GCLB960T-I1275-6,7654931333203,SOFT TECH GOOD CLASSIC BOOTCUT JEANS,Good Classic Bootcut,42916160471123,197217949014
154733,GCLB960T-I1275-8,7654931333203,SOFT TECH GOOD CLASSIC BOOTCUT JEANS,Good Classic Bootcut,42916160700499,197217949021
154734,GCLB960T-I1275-10,7654931333203,SOFT TECH GOOD CLASSIC BOOTCUT JEANS,Good Classic Bootcut,42916160503891,197217948864
154735,GCLB960T-I1275-12,7654931333203,SOFT TECH GOOD CLASSIC BOOTCUT JEANS,Good Classic Bootcut,42916160733267,197217948871
154736,GCLB960T-I1275-14,7654931333203,SOFT TECH GOOD CLASSIC BOOTCUT JEANS,Good Classic Bootcut,42916160536659,197217948888
154737,GCLB960T-I1275-15,7654931333203,SOFT TECH GOOD CLASSIC BOOTCUT JEANS,Good Classic Bootcut,42916160766035,197217948895
154738,GCLB960T-I1275-16,7654931333203,SOFT TECH GOOD CLASSIC BOOTCUT JEANS,Good Classic Bootcut,42916160569427,197217948901
154739,GCLB960T-I1275-18,7654931333203,SOFT TECH GOOD CLASSIC BOOTCUT JEANS,Good Classic Bootcut,42916160798803,197217948918
154740,GCLB960T-I1275-20,7654931333203,SOFT TECH GOOD CLASSIC BOOTCUT JEANS,Good Classic Bootcut,42916160602195,197217948932
154741,GCLB960T-I1275-22,7654931333203,SOFT TECH GOOD CLASSIC BOOTCUT JEANS,Good Classic Bootcut,42916160831571,197217948949
154742,GCLB960T-I1275-24,7654931333203,SOFT TECH GOOD CLASSIC BOOTCUT JEANS,Good Classic Bootcut,42916160307283,197217948956
154743,GCLB960T-I1275-26,7654931333203,SOFT TECH GOOD CLASSIC BOOTCUT JEANS,Good Classic Bootcut,42916160864339,197217948963
154744,GCLB960T-I1275-28,7654931333203,SOFT TECH GOOD CLASSIC BOOTCUT JEANS,Good Classic Bootcut,42916160340051,197217948970
154745,GCLB960T-I1275-30,7654931333203,SOFT TECH GOOD CLASSIC BOOTCUT JEANS,Good Classic Bootcut,42916160897107,197217948987
154746,GCLB960T-I1275-32,7654931333203,SOFT TECH GOOD CLASSIC BOOTCUT JEANS,Good Classic Bootcut,42916160372819,197217948994
2322,GCLBCH960T-I511-00,7454718787667,SOFT TECH GOOD CLASSIC BOOTCUT JEANS,Good Classic Bootcut,42225515135059,197217736935
2323,GCLBCH960T-I511-0,7454718787667,SOFT TECH GOOD CLASSIC BOOTCUT JEANS,Good Classic Bootcut,42225514971219,197217736928
2324,GCLBCH960T-I511-2,7454718787667,SOFT TECH GOOD CLASSIC BOOTCUT JEANS,Good Classic Bootcut,42225515069523,197217737000
2325,GCLBCH960T-I511-4,7454718787667,SOFT TECH GOOD CLASSIC BOOTCUT JEANS,Good Classic Bootcut,42225514905683,197217737086
2326,GCLBCH960T-I511-6,7454718787667,SOFT TECH GOOD CLASSIC BOOTCUT JEANS,Good Classic Bootcut,42225515003987,197217737093
2327,GCLBCH960T-I511-8,7454718787667,SOFT TECH GOOD CLASSIC BOOTCUT JEANS,Good Classic Bootcut,42225514840147,197217737109
2328,GCLBCH960T-I511-10,7454718787667,SOFT TECH GOOD CLASSIC BOOTCUT JEANS,Good Classic Bootcut,42225514938451,197217736942
2329,GCLBCH960T-I511-12,7454718787667,SOFT TECH GOOD CLASSIC BOOTCUT JEANS,Good Classic Bootcut,42225514774611,197217736959
2330,GCLBCH960T-I511-14,7454718787667,SOFT TECH GOOD CLASSIC BOOTCUT JEANS,Good Classic Bootcut,42225514872915,197217736966
2331,GCLBCH960T-I511-15,7454718787667,SOFT TECH GOOD CLASSIC BOOTCUT JEANS,Good Classic Bootcut,42225514709075,197217736973
2332,GCLBCH960T-I511-16,7454718787667,SOFT TECH GOOD CLASSIC BOOTCUT JEANS,Good Classic Bootcut,42225514807379,197217736980
2333,GCLBCH960T-I511-18,7454718787667,SOFT TECH GOOD CLASSIC BOOTCUT JEANS,Good Classic Bootcut,42225514676307,197217736997
2334,GCLBCH960T-I511-20,7454718787667,SOFT TECH GOOD CLASSIC BOOTCUT JEANS,Good Classic Bootcut,42225514741843,197217737017
2335,GCLBCH960T-I511-22,7454718787667,SOFT TECH GOOD CLASSIC BOOTCUT JEANS,Good Classic Bootcut,42225514643539,197217737024
2336,GCLBCH960T-I511-24,7454718787667,SOFT TECH GOOD CLASSIC BOOTCUT JEANS,Good Classic Bootcut,42225515102291,197217737031
2337,GCLBCH960T-I511-26,7454718787667,SOFT TECH GOOD CLASSIC BOOTCUT JEANS,Good Classic Bootcut,42225514610771,197217737048
2338,GCLBCH960T-I511-28,7454718787667,SOFT TECH GOOD CLASSIC BOOTCUT JEANS,Good Classic Bootcut,42225515167827,197217737055
2339,GCLBCH960T-I511-30,7454718787667,SOFT TECH GOOD CLASSIC BOOTCUT JEANS,Good Classic Bootcut,42225514578003,197217737062
2340,GCLBCH960T-I511-32,7454718787667,SOFT TECH GOOD CLASSIC BOOTCUT JEANS,Good Classic Bootcut,42225515036755,197217737079
3146,GCLB960T-I572-00,7412345696572,SOFT TECH GOOD CLASSIC BOOTCUT JEANS,Good Classic Bootcut,42225510000001,197217730001
3147,GCLB960T-I572-0,7412345696572,SOFT TECH GOOD CLASSIC BOOTCUT JEANS,Good Classic Bootcut,42225510000002,197217730002
3148,GCLB960T-I572-2,7412345696572,SOFT TECH GOOD CLASSIC BOOTCUT JEANS,Good Classic Bootcut,42225510000003,197217730003
3149,GCLB960T-I572-4,7412345696572,SOFT TECH GOOD CLASSIC BOOTCUT JEANS,Good Classic Bootcut,42225510000004,197217730004
3150,GCLB960T-I572-6,7412345696572,SOFT TECH GOOD CLASSIC BOOTCUT JEANS,Good Classic Bootcut,42225510000005,197217730005
3151,GCLB960T-I572-8,7412345696572,SOFT TECH GOOD CLASSIC BOOTCUT JEANS,Good Classic Bootcut,42225510000006,197217730006
3152,GCLB960T-I572-10,7412345696572,SOFT TECH GOOD CLASSIC BOOTCUT JEANS,Good Classic Bootcut,42225510000007,197217730007
3153,GCLB960T-I572-12,7412345696572,SOFT TECH GOOD CLASSIC BOOTCUT JEANS,Good Classic Bootcut,42225510000008,197217730008
3154,GCLB960T-I572-14,7412345696572,SOFT TECH GOOD CLASSIC BOOTCUT JEANS,Good Classic Bootcut,42225510000009,197217730009
3155,GCLB960T-I572-15,7412345696572,SOFT TECH GOOD CLASSIC BOOTCUT JEANS,Good Classic Bootcut,42225510000010,197217730010
3156,GCLB960T-I572-16,7412345696572,SOFT TECH GOOD CLASSIC BOOTCUT JEANS,Good Classic Bootcut,42225510000011,197217730011
3157,GCLB960T-I572-18,7412345696572,SOFT TECH GOOD CLASSIC BOOTCUT JEANS,Good Classic Bootcut,42225510000012,197217730012
3158,GCLB960T-I572-20,7412345696572,SOFT TECH GOOD CLASSIC BOOTCUT JEANS,Good Classic Bootcut,42225510000013,197217730013
3159,GCLB960T-I572-22,7412345696572,SOFT TECH GOOD CLASSIC BOOTCUT JEANS,Good Classic Bootcut,42225510000014,197217730014
3160,GCLB960T-I572-24,7412345696572,SOFT TECH GOOD CLASSIC BOOTCUT JEANS,Good Classic Bootcut,42225510000015,197217730015
3161,GCLB960T-I572-26,7412345696572,SOFT TECH GOOD CLASSIC BOOTCUT JEANS,Good Classic Bootcut,42225510000016,197217730016
3162,GCLB960T-I572-28,7412345696572,SOFT TECH GOOD CLASSIC BOOTCUT JEANS,Good Classic Bootcut,42225510000017,197217730017
3163,GCLB960T-I572-30,7412345696572,SOFT TECH GOOD CLASSIC BOOTCUT JEANS,Good Classic Bootcut,42225510000018,197217730018
3164,GCLB960T-I572-32,7412345696572,SOFT TECH GOOD CLASSIC BOOTCUT JEANS,Good Classic Bootcut,42225510000019,197217730019
154709,GCB863ST-I863-00,7655711113299,SOFT TECH GOOD CLASSIC BOOTCUT JEANS,Good Classic Bootcut,42921548218451,197217951864
154710,GCB863ST-I863-0,7655711113299,SOFT TECH GOOD CLASSIC BOOTCUT JEANS,Good Classic Bootcut,42921560178771,197217951857
154711,GCB863ST-I863-2,7655711113299,SOFT TECH GOOD CLASSIC BOOTCUT JEANS,Good Classic Bootcut,42921560277075,197217951932
154712,GCB863ST-I863-4,7655711113299,SOFT TECH GOOD CLASSIC BOOTCUT JEANS,Good Classic Bootcut,42921560244307,197217952014
154713,GCB863ST-I863-6,7655711113299,SOFT TECH GOOD CLASSIC BOOTCUT JEANS,Good Classic Bootcut,42921560703059,197217952021
154714,GCB863ST-I863-8,7655711113299,SOFT TECH GOOD CLASSIC BOOTCUT JEANS,Good Classic Bootcut,42921560440915,197217952038
154715,GCB863ST-I863-10,7655711113299,SOFT TECH GOOD CLASSIC BOOTCUT JEANS,Good Classic Bootcut,42921560408147,197217951871
154716,GCB863ST-I863-12,7655711113299,SOFT TECH GOOD CLASSIC BOOTCUT JEANS,Good Classic Bootcut,42921560473683,197217951888
154717,GCB863ST-I863-14,7655711113299,SOFT TECH GOOD CLASSIC BOOTCUT JEANS,Good Classic Bootcut,42921560506451,197217951895
154718,GCB863ST-I863-15,7655711113299,SOFT TECH GOOD CLASSIC BOOTCUT JEANS,Good Classic Bootcut,42921560539219,197217951901
154719,GCB863ST-I863-16,7655711113299,SOFT TECH GOOD CLASSIC BOOTCUT JEANS,Good Classic Bootcut,42921560571987,197217951918
154720,GCB863ST-I863-18,7655711113299,SOFT TECH GOOD CLASSIC BOOTCUT JEANS,Good Classic Bootcut,42921560604755,197217951925
154721,GCB863ST-I863-20,7655711113299,SOFT TECH GOOD CLASSIC BOOTCUT JEANS,Good Classic Bootcut,42921560637523,197217951949
154722,GCB863ST-I863-22,7655711113299,SOFT TECH GOOD CLASSIC BOOTCUT JEANS,Good Classic Bootcut,42921560670291,197217951956
154723,GCB863ST-I863-24,7655711113299,SOFT TECH GOOD CLASSIC BOOTCUT JEANS,Good Classic Bootcut,42921560375379,197217951963
154724,GCB863ST-I863-26,7655711113299,SOFT TECH GOOD CLASSIC BOOTCUT JEANS,Good Classic Bootcut,42921560342611,197217951970
154725,GCB863ST-I863-28,7655711113299,SOFT TECH GOOD CLASSIC BOOTCUT JEANS,Good Classic Bootcut,42921560309843,197217951987
154726,GCB863ST-I863-30,7655711113299,SOFT TECH GOOD CLASSIC BOOTCUT JEANS,Good Classic Bootcut,42921560211539,197217951994
154727,GCB863ST-I863-32,7655711113299,SOFT TECH GOOD CLASSIC BOOTCUT JEANS,Good Classic Bootcut,42921560735827,197217952007
383,GCLBDV220T-I627-00,7084009652307,SOFT TECH GOOD CLASSIC BOOTCUT JEANS,Good Classic Bootcut,41121539522643,197217417179
384,GCLBDV220T-I627-0,7084009652307,SOFT TECH GOOD CLASSIC BOOTCUT JEANS,Good Classic Bootcut,41121539555411,197217416615
385,GCLBDV220T-I627-2,7084009652307,SOFT TECH GOOD CLASSIC BOOTCUT JEANS,Good Classic Bootcut,41121539588179,197217421404
386,GCLBDV220T-I627-4,7084009652307,SOFT TECH GOOD CLASSIC BOOTCUT JEANS,Good Classic Bootcut,41121539620947,197217426225
387,GCLBDV220T-I627-6,7084009652307,SOFT TECH GOOD CLASSIC BOOTCUT JEANS,Good Classic Bootcut,41121539653715,197217426867
388,GCLBDV220T-I627-8,7084009652307,SOFT TECH GOOD CLASSIC BOOTCUT JEANS,Good Classic Bootcut,41121539686483,197217427338
389,GCLBDV220T-I627-10,7084009652307,SOFT TECH GOOD CLASSIC BOOTCUT JEANS,Good Classic Bootcut,41121539719251,197217417810
390,GCLBDV220T-I627-12,7084009652307,SOFT TECH GOOD CLASSIC BOOTCUT JEANS,Good Classic Bootcut,41121539752019,197217418398
391,GCLBDV220T-I627-14,7084009652307,SOFT TECH GOOD CLASSIC BOOTCUT JEANS,Good Classic Bootcut,41121539784787,197217419036
392,GCLBDV220T-I627-15,7084009652307,SOFT TECH GOOD CLASSIC BOOTCUT JEANS,Good Classic Bootcut,41121539817555,197217419586
393,GCLBDV220T-I627-16,7084009652307,SOFT TECH GOOD CLASSIC BOOTCUT JEANS,Good Classic Bootcut,41121539850323,197217420162
394,GCLBDV220T-I627-18,7084009652307,SOFT TECH GOOD CLASSIC BOOTCUT JEANS,Good Classic Bootcut,41121539883091,197217420773
395,GCLBDV220T-I627-20,7084009652307,SOFT TECH GOOD CLASSIC BOOTCUT JEANS,Good Classic Bootcut,41121539915859,197217422029
396,GCLBDV220T-I627-22,7084009652307,SOFT TECH GOOD CLASSIC BOOTCUT JEANS,Good Classic Bootcut,41121539948627,197217422661
397,GCLBDV220T-I627-24,7084009652307,SOFT TECH GOOD CLASSIC BOOTCUT JEANS,Good Classic Bootcut,41121539981395,197217423323
398,GCLBDV220T-I627-26,7084009652307,SOFT TECH GOOD CLASSIC BOOTCUT JEANS,Good Classic Bootcut,41121540014163,197217423828
399,GCLBDV220T-I627-28,7084009652307,SOFT TECH GOOD CLASSIC BOOTCUT JEANS,Good Classic Bootcut,41121540046931,197217424443
400,GCLBDV220T-I627-30,7084009652307,SOFT TECH GOOD CLASSIC BOOTCUT JEANS,Good Classic Bootcut,41121540079699,197217425051
401,GCLBDV220T-I627-32,7084009652307,SOFT TECH GOOD CLASSIC BOOTCUT JEANS,Good Classic Bootcut,41121540112467,197217425655
2144,GCST220003-I1072-00,7509324103763,SOFT TECH GOOD CURVE STRAIGHT JEANS,Good Curve Straight,42414970306643,197217791743
2145,GCST220003-I1072-0,7509324103763,SOFT TECH GOOD CURVE STRAIGHT JEANS,Good Curve Straight,42414970634323,197217791736
2146,GCST220003-I1072-2,7509324103763,SOFT TECH GOOD CURVE STRAIGHT JEANS,Good Curve Straight,42414970339411,197217791811
2147,GCST220003-I1072-4,7509324103763,SOFT TECH GOOD CURVE STRAIGHT JEANS,Good Curve Straight,42414970667091,197217791897
2148,GCST220003-I1072-6,7509324103763,SOFT TECH GOOD CURVE STRAIGHT JEANS,Good Curve Straight,42414970372179,197217791903
2149,GCST220003-I1072-8,7509324103763,SOFT TECH GOOD CURVE STRAIGHT JEANS,Good Curve Straight,42414970699859,197217791910
2150,GCST220003-I1072-10,7509324103763,SOFT TECH GOOD CURVE STRAIGHT JEANS,Good Curve Straight,42414970404947,197217791750
2151,GCST220003-I1072-12,7509324103763,SOFT TECH GOOD CURVE STRAIGHT JEANS,Good Curve Straight,42414970732627,197217791767
2152,GCST220003-I1072-14,7509324103763,SOFT TECH GOOD CURVE STRAIGHT JEANS,Good Curve Straight,42414970437715,197217791774
2153,GCST220003-I1072-15,7509324103763,SOFT TECH GOOD CURVE STRAIGHT JEANS,Good Curve Straight,42414970273875,197217791781
2154,GCST220003-I1072-16,7509324103763,SOFT TECH GOOD CURVE STRAIGHT JEANS,Good Curve Straight,42414970470483,197217791798
2155,GCST220003-I1072-18,7509324103763,SOFT TECH GOOD CURVE STRAIGHT JEANS,Good Curve Straight,42414970241107,197217791804
2156,GCST220003-I1072-20,7509324103763,SOFT TECH GOOD CURVE STRAIGHT JEANS,Good Curve Straight,42414970142803,197217791828
2157,GCST220003-I1072-22,7509324103763,SOFT TECH GOOD CURVE STRAIGHT JEANS,Good Curve Straight,42414970208339,197217791835
2158,GCST220003-I1072-24,7509324103763,SOFT TECH GOOD CURVE STRAIGHT JEANS,Good Curve Straight,42414970536019,197217791842
2159,GCST220003-I1072-26,7509324103763,SOFT TECH GOOD CURVE STRAIGHT JEANS,Good Curve Straight,42414970175571,197217791859
2160,GCST220003-I1072-28,7509324103763,SOFT TECH GOOD CURVE STRAIGHT JEANS,Good Curve Straight,42414970568787,197217791866
2161,GCST220003-I1072-30,7509324103763,SOFT TECH GOOD CURVE STRAIGHT JEANS,Good Curve Straight,42414970503251,197217791873
2162,GCST220003-I1072-32,7509324103763,SOFT TECH GOOD CURVE STRAIGHT JEANS,Good Curve Straight,42414970601555,197217791880
147249,GCST220T-I737-00,7246528512083,SOFT-TECH GOOD CURVE STRAIGHT JEANS,Good Curve Straight,41634784182355,197217619009
147250,GCST220T-I737-0,7246528512083,SOFT-TECH GOOD CURVE STRAIGHT JEANS,Good Curve Straight,41634784739411,197217618996
147251,GCST220T-I737-2,7246528512083,SOFT-TECH GOOD CURVE STRAIGHT JEANS,Good Curve Straight,41634784378963,197217619078
147252,GCST220T-I737-4,7246528512083,SOFT-TECH GOOD CURVE STRAIGHT JEANS,Good Curve Straight,41634784477267,197217619153
147253,GCST220T-I737-6,7246528512083,SOFT-TECH GOOD CURVE STRAIGHT JEANS,Good Curve Straight,41634784313427,197217619160
147254,GCST220T-I737-8,7246528512083,SOFT-TECH GOOD CURVE STRAIGHT JEANS,Good Curve Straight,41634784510035,197217619177
147255,GCST220T-I737-10,7246528512083,SOFT-TECH GOOD CURVE STRAIGHT JEANS,Good Curve Straight,41634784247891,197217619016
147256,GCST220T-I737-12,7246528512083,SOFT-TECH GOOD CURVE STRAIGHT JEANS,Good Curve Straight,41634784575571,197217619023
147257,GCST220T-I737-14,7246528512083,SOFT-TECH GOOD CURVE STRAIGHT JEANS,Good Curve Straight,41634784706643,197217619030
147258,GCST220T-I737-15,7246528512083,SOFT-TECH GOOD CURVE STRAIGHT JEANS,Good Curve Straight,41634784673875,197217619047
147259,GCST220T-I737-16,7246528512083,SOFT-TECH GOOD CURVE STRAIGHT JEANS,Good Curve Straight,41634784772179,197217619054
147260,GCST220T-I737-18,7246528512083,SOFT-TECH GOOD CURVE STRAIGHT JEANS,Good Curve Straight,41634783920211,197217619061
147261,GCST220T-I737-20,7246528512083,SOFT-TECH GOOD CURVE STRAIGHT JEANS,Good Curve Straight,41634784804947,197217619085
147262,GCST220T-I737-22,7246528512083,SOFT-TECH GOOD CURVE STRAIGHT JEANS,Good Curve Straight,41634783985747,197217619092
147263,GCST220T-I737-24,7246528512083,SOFT-TECH GOOD CURVE STRAIGHT JEANS,Good Curve Straight,41634784837715,197217619108
147264,GCST220T-I737-26,7246528512083,SOFT-TECH GOOD CURVE STRAIGHT JEANS,Good Curve Straight,41634784051283,197217619115
147265,GCST220T-I737-28,7246528512083,SOFT-TECH GOOD CURVE STRAIGHT JEANS,Good Curve Straight,41634784870483,197217619122
147266,GCST220T-I737-30,7246528512083,SOFT-TECH GOOD CURVE STRAIGHT JEANS,Good Curve Straight,41634784116819,197217619139
147267,GCST220T-I737-32,7246528512083,SOFT-TECH GOOD CURVE STRAIGHT JEANS,Good Curve Straight,41634784903251,197217619146
143958,GCST960T-I989-00,7509317255251,SOFT TECH GOOD CURVE STRAIGHT JEANS,Good Curve Straight,42414931673171,197217799572
143959,GCST960T-I989-0,7509317255251,SOFT TECH GOOD CURVE STRAIGHT JEANS,Good Curve Straight,42414931443795,197217799565
143960,GCST960T-I989-2,7509317255251,SOFT TECH GOOD CURVE STRAIGHT JEANS,Good Curve Straight,42414931705939,197217799640
143961,GCST960T-I989-4,7509317255251,SOFT TECH GOOD CURVE STRAIGHT JEANS,Good Curve Straight,42414931476563,197217799725
143962,GCST960T-I989-6,7509317255251,SOFT TECH GOOD CURVE STRAIGHT JEANS,Good Curve Straight,42414931738707,197217799732
143963,GCST960T-I989-8,7509317255251,SOFT TECH GOOD CURVE STRAIGHT JEANS,Good Curve Straight,42414931509331,197217799749
143964,GCST960T-I989-10,7509317255251,SOFT TECH GOOD CURVE STRAIGHT JEANS,Good Curve Straight,42414931771475,197217799589
143965,GCST960T-I989-12,7509317255251,SOFT TECH GOOD CURVE STRAIGHT JEANS,Good Curve Straight,42414931640403,197217799596
143966,GCST960T-I989-14,7509317255251,SOFT TECH GOOD CURVE STRAIGHT JEANS,Good Curve Straight,42414931804243,197217799602
143967,GCST960T-I989-15,7509317255251,SOFT TECH GOOD CURVE STRAIGHT JEANS,Good Curve Straight,42414931837011,197217799619
143968,GCST960T-I989-16,7509317255251,SOFT TECH GOOD CURVE STRAIGHT JEANS,Good Curve Straight,42414931542099,197217799626
143969,GCST960T-I989-18,7509317255251,SOFT TECH GOOD CURVE STRAIGHT JEANS,Good Curve Straight,42414931869779,197217799633
143970,GCST960T-I989-20,7509317255251,SOFT TECH GOOD CURVE STRAIGHT JEANS,Good Curve Straight,42414931574867,197217799657
143971,GCST960T-I989-22,7509317255251,SOFT TECH GOOD CURVE STRAIGHT JEANS,Good Curve Straight,42414931902547,197217799664
143972,GCST960T-I989-24,7509317255251,SOFT TECH GOOD CURVE STRAIGHT JEANS,Good Curve Straight,42414931607635,197217799671
143973,GCST960T-I989-26,7509317255251,SOFT TECH GOOD CURVE STRAIGHT JEANS,Good Curve Straight,42414931935315,197217799688
143974,GCST960T-I989-28,7509317255251,SOFT TECH GOOD CURVE STRAIGHT JEANS,Good Curve Straight,42414932000851,197217799695
143975,GCST960T-I989-30,7509317255251,SOFT TECH GOOD CURVE STRAIGHT JEANS,Good Curve Straight,42414931968083,197217799701
143976,GCST960T-I989-32,7509317255251,SOFT TECH GOOD CURVE STRAIGHT JEANS,Good Curve Straight,42414932033619,197217799718
148212,GLCMBRH960BT-K405-00,7509328724051,SOFT TECH GOOD LEGS CROPPED MINI BOOT JEANS,Good Legs Mini Boot Crop,42415025946707,197217772902
148213,GLCMBRH960BT-K405-0,7509328724051,SOFT TECH GOOD LEGS CROPPED MINI BOOT JEANS,Good Legs Mini Boot Crop,42415026274387,197217772896
148214,GLCMBRH960BT-K405-2,7509328724051,SOFT TECH GOOD LEGS CROPPED MINI BOOT JEANS,Good Legs Mini Boot Crop,42415026110547,197217772971
148215,GLCMBRH960BT-K405-4,7509328724051,SOFT TECH GOOD LEGS CROPPED MINI BOOT JEANS,Good Legs Mini Boot Crop,42415025684563,197217773053
148216,GLCMBRH960BT-K405-6,7509328724051,SOFT TECH GOOD LEGS CROPPED MINI BOOT JEANS,Good Legs Mini Boot Crop,42415026143315,197217773060
148217,GLCMBRH960BT-K405-8,7509328724051,SOFT TECH GOOD LEGS CROPPED MINI BOOT JEANS,Good Legs Mini Boot Crop,42415025717331,197217773077
148218,GLCMBRH960BT-K405-10,7509328724051,SOFT TECH GOOD LEGS CROPPED MINI BOOT JEANS,Good Legs Mini Boot Crop,42415026176083,197217772919
148219,GLCMBRH960BT-K405-12,7509328724051,SOFT TECH GOOD LEGS CROPPED MINI BOOT JEANS,Good Legs Mini Boot Crop,42415025750099,197217772926
148220,GLCMBRH960BT-K405-14,7509328724051,SOFT TECH GOOD LEGS CROPPED MINI BOOT JEANS,Good Legs Mini Boot Crop,42415026208851,197217772933
148221,GLCMBRH960BT-K405-15,7509328724051,SOFT TECH GOOD LEGS CROPPED MINI BOOT JEANS,Good Legs Mini Boot Crop,42415025782867,197217772940
148222,GLCMBRH960BT-K405-16,7509328724051,SOFT TECH GOOD LEGS CROPPED MINI BOOT JEANS,Good Legs Mini Boot Crop,42415026045011,197217772957
148223,GLCMBRH960BT-K405-18,7509328724051,SOFT TECH GOOD LEGS CROPPED MINI BOOT JEANS,Good Legs Mini Boot Crop,42415025815635,197217772964
148224,GLCMBRH960BT-K405-20,7509328724051,SOFT TECH GOOD LEGS CROPPED MINI BOOT JEANS,Good Legs Mini Boot Crop,42415026012243,197217772988
148225,GLCMBRH960BT-K405-22,7509328724051,SOFT TECH GOOD LEGS CROPPED MINI BOOT JEANS,Good Legs Mini Boot Crop,42415025848403,197217772995
148226,GLCMBRH960BT-K405-24,7509328724051,SOFT TECH GOOD LEGS CROPPED MINI BOOT JEANS,Good Legs Mini Boot Crop,42415025979475,197217773008
148227,GLCMBRH960BT-K405-26,7509328724051,SOFT TECH GOOD LEGS CROPPED MINI BOOT JEANS,Good Legs Mini Boot Crop,42415025881171,197217773015
148228,GLCMBRH960BT-K405-28,7509328724051,SOFT TECH GOOD LEGS CROPPED MINI BOOT JEANS,Good Legs Mini Boot Crop,42415026241619,197217773022
148229,GLCMBRH960BT-K405-30,7509328724051,SOFT TECH GOOD LEGS CROPPED MINI BOOT JEANS,Good Legs Mini Boot Crop,42415025913939,197217773039
148230,GLCMBRH960BT-K405-32,7509328724051,SOFT TECH GOOD LEGS CROPPED MINI BOOT JEANS,Good Legs Mini Boot Crop,42415026077779,197217773046
147211,GLCMBB960T-I521-00,7012202905683,SOFT-TECH GOOD LEGS CROPPED MINI BOOT JEANS,Good Legs Mini Boot Crop,40989385687123,197217276059
147212,GLCMBB960T-I521-0,7012202905683,SOFT-TECH GOOD LEGS CROPPED MINI BOOT JEANS,Good Legs Mini Boot Crop,40989385719891,197217276028
147213,GLCMBB960T-I521-2,7012202905683,SOFT-TECH GOOD LEGS CROPPED MINI BOOT JEANS,Good Legs Mini Boot Crop,40989385752659,197217276264
147214,GLCMBB960T-I521-4,7012202905683,SOFT-TECH GOOD LEGS CROPPED MINI BOOT JEANS,Good Legs Mini Boot Crop,40989385785427,197217276509
147215,GLCMBB960T-I521-6,7012202905683,SOFT-TECH GOOD LEGS CROPPED MINI BOOT JEANS,Good Legs Mini Boot Crop,40989385818195,197217276530
147216,GLCMBB960T-I521-8,7012202905683,SOFT-TECH GOOD LEGS CROPPED MINI BOOT JEANS,Good Legs Mini Boot Crop,40989385850963,197217276561
147217,GLCMBB960T-I521-10,7012202905683,SOFT-TECH GOOD LEGS CROPPED MINI BOOT JEANS,Good Legs Mini Boot Crop,40989385883731,197217276080
147218,GLCMBB960T-I521-12,7012202905683,SOFT-TECH GOOD LEGS CROPPED MINI BOOT JEANS,Good Legs Mini Boot Crop,40989385916499,197217276110
147219,GLCMBB960T-I521-14,7012202905683,SOFT-TECH GOOD LEGS CROPPED MINI BOOT JEANS,Good Legs Mini Boot Crop,40989385949267,197217276141
147220,GLCMBB960T-I521-15,7012202905683,SOFT-TECH GOOD LEGS CROPPED MINI BOOT JEANS,Good Legs Mini Boot Crop,40989385982035,197217276172
147221,GLCMBB960T-I521-16,7012202905683,SOFT-TECH GOOD LEGS CROPPED MINI BOOT JEANS,Good Legs Mini Boot Crop,40989386014803,197217276202
147222,GLCMBB960T-I521-18,7012202905683,SOFT-TECH GOOD LEGS CROPPED MINI BOOT JEANS,Good Legs Mini Boot Crop,40989386047571,197217276233
147223,GLCMBB960T-I521-20,7012202905683,SOFT-TECH GOOD LEGS CROPPED MINI BOOT JEANS,Good Legs Mini Boot Crop,40989386080339,197217276295
147224,GLCMBB960T-I521-22,7012202905683,SOFT-TECH GOOD LEGS CROPPED MINI BOOT JEANS,Good Legs Mini Boot Crop,40989386113107,197217276325
147225,GLCMBB960T-I521-24,7012202905683,SOFT-TECH GOOD LEGS CROPPED MINI BOOT JEANS,Good Legs Mini Boot Crop,40989386145875,197217276356
147226,GLCMBB960T-I521-26,7012202905683,SOFT-TECH GOOD LEGS CROPPED MINI BOOT JEANS,Good Legs Mini Boot Crop,40989386178643,197217276387
147227,GLCMBB960T-I521-28,7012202905683,SOFT-TECH GOOD LEGS CROPPED MINI BOOT JEANS,Good Legs Mini Boot Crop,40989386211411,197217276417
147228,GLCMBB960T-I521-30,7012202905683,SOFT-TECH GOOD LEGS CROPPED MINI BOOT JEANS,Good Legs Mini Boot Crop,40989386244179,197217276448
147229,GLCMBB960T-I521-32,7012202905683,SOFT-TECH GOOD LEGS CROPPED MINI BOOT JEANS,Good Legs Mini Boot Crop,40989386276947,197217276479
1499,GLCMBRH960T-I818-00,7454715707475,SOFT TECH GOOD LEGS CROPPED MINI BOOT JEANS,Good Legs Mini Boot Crop,42225475027027,197217736362
1500,GLCMBRH960T-I818-0,7454715707475,SOFT TECH GOOD LEGS CROPPED MINI BOOT JEANS,Good Legs Mini Boot Crop,42225475420243,197217736355
1501,GLCMBRH960T-I818-2,7454715707475,SOFT TECH GOOD LEGS CROPPED MINI BOOT JEANS,Good Legs Mini Boot Crop,42225474994259,197217736430
1502,GLCMBRH960T-I818-4,7454715707475,SOFT TECH GOOD LEGS CROPPED MINI BOOT JEANS,Good Legs Mini Boot Crop,42225474797651,197217736515
1503,GLCMBRH960T-I818-6,7454715707475,SOFT TECH GOOD LEGS CROPPED MINI BOOT JEANS,Good Legs Mini Boot Crop,42225474961491,197217736522
1504,GLCMBRH960T-I818-8,7454715707475,SOFT TECH GOOD LEGS CROPPED MINI BOOT JEANS,Good Legs Mini Boot Crop,42225475125331,197217736539
1505,GLCMBRH960T-I818-10,7454715707475,SOFT TECH GOOD LEGS CROPPED MINI BOOT JEANS,Good Legs Mini Boot Crop,42225474863187,197217736379
1506,GLCMBRH960T-I818-12,7454715707475,SOFT TECH GOOD LEGS CROPPED MINI BOOT JEANS,Good Legs Mini Boot Crop,42225475387475,197217736386
1507,GLCMBRH960T-I818-14,7454715707475,SOFT TECH GOOD LEGS CROPPED MINI BOOT JEANS,Good Legs Mini Boot Crop,42225474830419,197217736393
1508,GLCMBRH960T-I818-15,7454715707475,SOFT TECH GOOD LEGS CROPPED MINI BOOT JEANS,Good Legs Mini Boot Crop,42225475321939,197217736409
1509,GLCMBRH960T-I818-16,7454715707475,SOFT TECH GOOD LEGS CROPPED MINI BOOT JEANS,Good Legs Mini Boot Crop,42225475223635,197217736416
1510,GLCMBRH960T-I818-18,7454715707475,SOFT TECH GOOD LEGS CROPPED MINI BOOT JEANS,Good Legs Mini Boot Crop,42225475289171,197217736423
1511,GLCMBRH960T-I818-20,7454715707475,SOFT TECH GOOD LEGS CROPPED MINI BOOT JEANS,Good Legs Mini Boot Crop,42225475190867,197217736447
1512,GLCMBRH960T-I818-22,7454715707475,SOFT TECH GOOD LEGS CROPPED MINI BOOT JEANS,Good Legs Mini Boot Crop,42225475256403,197217736454
1513,GLCMBRH960T-I818-24,7454715707475,SOFT TECH GOOD LEGS CROPPED MINI BOOT JEANS,Good Legs Mini Boot Crop,42225475158099,197217736461
1514,GLCMBRH960T-I818-26,7454715707475,SOFT TECH GOOD LEGS CROPPED MINI BOOT JEANS,Good Legs Mini Boot Crop,42225475092563,197217736478
1515,GLCMBRH960T-I818-28,7454715707475,SOFT TECH GOOD LEGS CROPPED MINI BOOT JEANS,Good Legs Mini Boot Crop,42225474928723,197217736485
1516,GLCMBRH960T-I818-30,7454715707475,SOFT TECH GOOD LEGS CROPPED MINI BOOT JEANS,Good Legs Mini Boot Crop,42225475059795,197217736492
1517,GLCMBRH960T-I818-32,7454715707475,SOFT TECH GOOD LEGS CROPPED MINI BOOT JEANS,Good Legs Mini Boot Crop,42225474895955,197217736508
143397,GLF960DP-I1019-00,7466836033619,DOLLY JOLEANS FLARE JEANS,Dolly Joleans Flare,42272362692691,197217758340
143398,GLF960DP-I1019-0,7466836033619,DOLLY JOLEANS FLARE JEANS,Dolly Joleans Flare,42272362627155,197217758333
143399,GLF960DP-I1019-2,7466836033619,DOLLY JOLEANS FLARE JEANS,Dolly Joleans Flare,42272362659923,197217758418
143400,GLF960DP-I1019-4,7466836033619,DOLLY JOLEANS FLARE JEANS,Dolly Joleans Flare,42272362594387,197217758494
143401,GLF960DP-I1019-6,7466836033619,DOLLY JOLEANS FLARE JEANS,Dolly Joleans Flare,42272363085907,197217758500
143402,GLF960DP-I1019-8,7466836033619,DOLLY JOLEANS FLARE JEANS,Dolly Joleans Flare,42272362561619,197217758517
143403,GLF960DP-I1019-10,7466836033619,DOLLY JOLEANS FLARE JEANS,Dolly Joleans Flare,42272363053139,197217758357
143404,GLF960DP-I1019-12,7466836033619,DOLLY JOLEANS FLARE JEANS,Dolly Joleans Flare,42272362889299,197217758364
143405,GLF960DP-I1019-14,7466836033619,DOLLY JOLEANS FLARE JEANS,Dolly Joleans Flare,42272363020371,197217758371
143406,GLF960DP-I1019-15,7466836033619,DOLLY JOLEANS FLARE JEANS,Dolly Joleans Flare,42272362856531,197217758388
143407,GLF960DP-I1019-16,7466836033619,DOLLY JOLEANS FLARE JEANS,Dolly Joleans Flare,42272362987603,197217758395
143408,GLF960DP-I1019-18,7466836033619,DOLLY JOLEANS FLARE JEANS,Dolly Joleans Flare,42272362823763,197217758401
143409,GLF960DP-I1019-20,7466836033619,DOLLY JOLEANS FLARE JEANS,Dolly Joleans Flare,42272362758227,197217758425
143410,GLF960DP-I1019-22,7466836033619,DOLLY JOLEANS FLARE JEANS,Dolly Joleans Flare,42272362790995,197217758432
143411,GLF960DP-I1019-24,7466836033619,DOLLY JOLEANS FLARE JEANS,Dolly Joleans Flare,42272362922067,197217758449
143412,GLF960DP-I1019-26,7466836033619,DOLLY JOLEANS FLARE JEANS,Dolly Joleans Flare,42272363151443,197217758456
143413,GLF960DP-I1019-28,7466836033619,DOLLY JOLEANS FLARE JEANS,Dolly Joleans Flare,42272362954835,197217758463
143414,GLF960DP-I1019-30,7466836033619,DOLLY JOLEANS FLARE JEANS,Dolly Joleans Flare,42272363118675,197217758470
143415,GLF960DP-I1019-32,7466836033619,DOLLY JOLEANS FLARE JEANS,Dolly Joleans Flare,42272362725459,197217758487
143435,GLF960DP-I1020-00,7466836066387,DOLLY JOLEANS FLARE JEANS,Dolly Joleans Flare,42272392118355,197217758531
143436,GLF960DP-I1020-0,7466836066387,DOLLY JOLEANS FLARE JEANS,Dolly Joleans Flare,42272363315283,197217758524
143437,GLF960DP-I1020-2,7466836066387,DOLLY JOLEANS FLARE JEANS,Dolly Joleans Flare,42272392151123,197217758609
143438,GLF960DP-I1020-4,7466836066387,DOLLY JOLEANS FLARE JEANS,Dolly Joleans Flare,42272363282515,197217758685
143439,GLF960DP-I1020-6,7466836066387,DOLLY JOLEANS FLARE JEANS,Dolly Joleans Flare,42272392183891,197217758692
143440,GLF960DP-I1020-8,7466836066387,DOLLY JOLEANS FLARE JEANS,Dolly Joleans Flare,42272363249747,197217758708
143441,GLF960DP-I1020-10,7466836066387,DOLLY JOLEANS FLARE JEANS,Dolly Joleans Flare,42272392216659,197217758548
143442,GLF960DP-I1020-12,7466836066387,DOLLY JOLEANS FLARE JEANS,Dolly Joleans Flare,42272363216979,197217758555
143443,GLF960DP-I1020-14,7466836066387,DOLLY JOLEANS FLARE JEANS,Dolly Joleans Flare,42272392249427,197217758562
143444,GLF960DP-I1020-15,7466836066387,DOLLY JOLEANS FLARE JEANS,Dolly Joleans Flare,42272363184211,197217758579
143445,GLF960DP-I1020-16,7466836066387,DOLLY JOLEANS FLARE JEANS,Dolly Joleans Flare,42272392380499,197217758586
143446,GLF960DP-I1020-18,7466836066387,DOLLY JOLEANS FLARE JEANS,Dolly Joleans Flare,42272392314963,197217758593
143447,GLF960DP-I1020-20,7466836066387,DOLLY JOLEANS FLARE JEANS,Dolly Joleans Flare,42272392413267,197217758616
143448,GLF960DP-I1020-22,7466836066387,DOLLY JOLEANS FLARE JEANS,Dolly Joleans Flare,42272392347731,197217758623
143449,GLF960DP-I1020-24,7466836066387,DOLLY JOLEANS FLARE JEANS,Dolly Joleans Flare,42272392446035,197217758630
143450,GLF960DP-I1020-26,7466836066387,DOLLY JOLEANS FLARE JEANS,Dolly Joleans Flare,42272392282195,197217758647
143451,GLF960DP-I1020-28,7466836066387,DOLLY JOLEANS FLARE JEANS,Dolly Joleans Flare,42272392052819,197217758654
143452,GLF960DP-I1020-30,7466836066387,DOLLY JOLEANS FLARE JEANS,Dolly Joleans Flare,42272363348051,197217758661
143453,GLF960DP-I1020-32,7466836066387,DOLLY JOLEANS FLARE JEANS,Dolly Joleans Flare,42272392085587,197217758678
150158,GLFDVD10T-I855-4,7673653198931,SOFT TECH GOOD LEGS FLARE JEANS,Good Legs Flare,43002783858771,197217971015
150159,GLFDVD10T-I855-0,7673653198931,SOFT TECH GOOD LEGS FLARE JEANS,Good Legs Flare,43002783891539,197217970858
150160,GLFDVD10T-I855-30,7673653198931,SOFT TECH GOOD LEGS FLARE JEANS,Good Legs Flare,43002783924307,197217970995
150161,GLFDVD10T-I855-26,7673653198931,SOFT TECH GOOD LEGS FLARE JEANS,Good Legs Flare,43002783957075,197217970971
150162,GLFDVD10T-I855-22,7673653198931,SOFT TECH GOOD LEGS FLARE JEANS,Good Legs Flare,43002783989843,197217970957
150163,GLFDVD10T-I855-18,7673653198931,SOFT TECH GOOD LEGS FLARE JEANS,Good Legs Flare,43002784022611,197217970926
150164,GLFDVD10T-I855-32,7673653198931,SOFT TECH GOOD LEGS FLARE JEANS,Good Legs Flare,43002784055379,197217971008
150165,GLFDVD10T-I855-12,7673653198931,SOFT TECH GOOD LEGS FLARE JEANS,Good Legs Flare,43002784088147,197217970889
150166,GLFDVD10T-I855-15,7673653198931,SOFT TECH GOOD LEGS FLARE JEANS,Good Legs Flare,43002784120915,197217970902
150167,GLFDVD10T-I855-28,7673653198931,SOFT TECH GOOD LEGS FLARE JEANS,Good Legs Flare,43002784153683,197217970988
150168,GLFDVD10T-I855-24,7673653198931,SOFT TECH GOOD LEGS FLARE JEANS,Good Legs Flare,43002784186451,197217970964
150169,GLFDVD10T-I855-20,7673653198931,SOFT TECH GOOD LEGS FLARE JEANS,Good Legs Flare,43002784219219,197217970940
150170,GLFDVD10T-I855-16,7673653198931,SOFT TECH GOOD LEGS FLARE JEANS,Good Legs Flare,43002784251987,197217970919
150171,GLFDVD10T-I855-14,7673653198931,SOFT TECH GOOD LEGS FLARE JEANS,Good Legs Flare,43002784284755,197217970896
150172,GLFDVD10T-I855-10,7673653198931,SOFT TECH GOOD LEGS FLARE JEANS,Good Legs Flare,43002784317523,197217970872
150173,GLFDVD10T-I855-6,7673653198931,SOFT TECH GOOD LEGS FLARE JEANS,Good Legs Flare,43002784350291,197217971022
150174,GLFDVD10T-I855-2,7673653198931,SOFT TECH GOOD LEGS FLARE JEANS,Good Legs Flare,43002784383059,197217970933
150175,GLFDVD10T-I855-8,7673653198931,SOFT TECH GOOD LEGS FLARE JEANS,Good Legs Flare,43002784415827,197217971039
150176,GLFDVD10T-I855-00,7673653198931,SOFT TECH GOOD LEGS FLARE JEANS,Good Legs Flare,43002784448595,197217970865
1413,GLFTWIS960T-I995-00,7509328756819,SOFT TECH GOOD LEGS FLARE JEANS,Good Legs Flare,42415026307155,197217772711
1414,GLFTWIS960T-I995-0,7509328756819,SOFT TECH GOOD LEGS FLARE JEANS,Good Legs Flare,42415026765907,197217772704
1415,GLFTWIS960T-I995-2,7509328756819,SOFT TECH GOOD LEGS FLARE JEANS,Good Legs Flare,42415026339923,197217772780
1416,GLFTWIS960T-I995-4,7509328756819,SOFT TECH GOOD LEGS FLARE JEANS,Good Legs Flare,42415026798675,197217772865
1417,GLFTWIS960T-I995-6,7509328756819,SOFT TECH GOOD LEGS FLARE JEANS,Good Legs Flare,42415026372691,197217772872
1418,GLFTWIS960T-I995-8,7509328756819,SOFT TECH GOOD LEGS FLARE JEANS,Good Legs Flare,42415026831443,197217772889
1419,GLFTWIS960T-I995-10,7509328756819,SOFT TECH GOOD LEGS FLARE JEANS,Good Legs Flare,42415026405459,197217772728
1420,GLFTWIS960T-I995-12,7509328756819,SOFT TECH GOOD LEGS FLARE JEANS,Good Legs Flare,42415026864211,197217772735
1421,GLFTWIS960T-I995-14,7509328756819,SOFT TECH GOOD LEGS FLARE JEANS,Good Legs Flare,42415026438227,197217772742
1422,GLFTWIS960T-I995-15,7509328756819,SOFT TECH GOOD LEGS FLARE JEANS,Good Legs Flare,42415026896979,197217772759
1423,GLFTWIS960T-I995-16,7509328756819,SOFT TECH GOOD LEGS FLARE JEANS,Good Legs Flare,42415026470995,197217772766
1424,GLFTWIS960T-I995-18,7509328756819,SOFT TECH GOOD LEGS FLARE JEANS,Good Legs Flare,42415026634835,197217772773
1425,GLFTWIS960T-I995-20,7509328756819,SOFT TECH GOOD LEGS FLARE JEANS,Good Legs Flare,42415026503763,197217772797
1426,GLFTWIS960T-I995-22,7509328756819,SOFT TECH GOOD LEGS FLARE JEANS,Good Legs Flare,42415026667603,197217772803
1427,GLFTWIS960T-I995-24,7509328756819,SOFT TECH GOOD LEGS FLARE JEANS,Good Legs Flare,42415026536531,197217772810
1428,GLFTWIS960T-I995-26,7509328756819,SOFT TECH GOOD LEGS FLARE JEANS,Good Legs Flare,42415026700371,197217772827
1429,GLFTWIS960T-I995-28,7509328756819,SOFT TECH GOOD LEGS FLARE JEANS,Good Legs Flare,42415026569299,197217772834
1430,GLFTWIS960T-I995-30,7509328756819,SOFT TECH GOOD LEGS FLARE JEANS,Good Legs Flare,42415026733139,197217772841
1431,GLFTWIS960T-I995-32,7509328756819,SOFT TECH GOOD LEGS FLARE JEANS,Good Legs Flare,42415026602067,197217772858
1567,GLSK960001-I1068-00,7509324562515,SOFT TECH GOOD LEGS SKINNY JEANS,Good Legs Skinny,42458324762707,197217800971
1568,GLSK960001-I1068-0,7509324562515,SOFT TECH GOOD LEGS SKINNY JEANS,Good Legs Skinny,42458325188691,197217800964
1569,GLSK960001-I1068-2,7509324562515,SOFT TECH GOOD LEGS SKINNY JEANS,Good Legs Skinny,42458324795475,197217801046
1570,GLSK960001-I1068-4,7509324562515,SOFT TECH GOOD LEGS SKINNY JEANS,Good Legs Skinny,42458324992083,197217801121
1571,GLSK960001-I1068-6,7509324562515,SOFT TECH GOOD LEGS SKINNY JEANS,Good Legs Skinny,42458324828243,197217801138
1572,GLSK960001-I1068-8,7509324562515,SOFT TECH GOOD LEGS SKINNY JEANS,Good Legs Skinny,42458325024851,197217801145
1573,GLSK960001-I1068-10,7509324562515,SOFT TECH GOOD LEGS SKINNY JEANS,Good Legs Skinny,42458324861011,197217800988
1574,GLSK960001-I1068-12,7509324562515,SOFT TECH GOOD LEGS SKINNY JEANS,Good Legs Skinny,42458325057619,197217800995
1575,GLSK960001-I1068-14,7509324562515,SOFT TECH GOOD LEGS SKINNY JEANS,Good Legs Skinny,42458324893779,197217801008
1576,GLSK960001-I1068-15,7509324562515,SOFT TECH GOOD LEGS SKINNY JEANS,Good Legs Skinny,42458324598867,197217801015
1577,GLSK960001-I1068-16,7509324562515,SOFT TECH GOOD LEGS SKINNY JEANS,Good Legs Skinny,42458324926547,197217801022
1578,GLSK960001-I1068-18,7509324562515,SOFT TECH GOOD LEGS SKINNY JEANS,Good Legs Skinny,42458324631635,197217801039
1579,GLSK960001-I1068-20,7509324562515,SOFT TECH GOOD LEGS SKINNY JEANS,Good Legs Skinny,42458324959315,197217801053
1580,GLSK960001-I1068-22,7509324562515,SOFT TECH GOOD LEGS SKINNY JEANS,Good Legs Skinny,42458324664403,197217801060
1581,GLSK960001-I1068-24,7509324562515,SOFT TECH GOOD LEGS SKINNY JEANS,Good Legs Skinny,42458325090387,197217801077
1582,GLSK960001-I1068-26,7509324562515,SOFT TECH GOOD LEGS SKINNY JEANS,Good Legs Skinny,42458324697171,197217801084
1583,GLSK960001-I1068-28,7509324562515,SOFT TECH GOOD LEGS SKINNY JEANS,Good Legs Skinny,42458325123155,197217801091
1584,GLSK960001-I1068-30,7509324562515,SOFT TECH GOOD LEGS SKINNY JEANS,Good Legs Skinny,42458324729939,197217801107
1585,GLSK960001-I1068-32,7509324562515,SOFT TECH GOOD LEGS SKINNY JEANS,Good Legs Skinny,42458325155923,197217801114
1451,GLDBP960T-I1076-00,7509324333139,SOFT TECH GOOD LEGS SKINNY JEANS,Good Legs Skinny,42414973550675,197217773282
1452,GLDBP960T-I1076-0,7509324333139,SOFT TECH GOOD LEGS SKINNY JEANS,Good Legs Skinny,42414973878355,197217773275
1453,GLDBP960T-I1076-2,7509324333139,SOFT TECH GOOD LEGS SKINNY JEANS,Good Legs Skinny,42414973583443,197217773350
1454,GLDBP960T-I1076-4,7509324333139,SOFT TECH GOOD LEGS SKINNY JEANS,Good Legs Skinny,42414973845587,197217773435
1455,GLDBP960T-I1076-6,7509324333139,SOFT TECH GOOD LEGS SKINNY JEANS,Good Legs Skinny,42414973616211,197217773442
1456,GLDBP960T-I1076-8,7509324333139,SOFT TECH GOOD LEGS SKINNY JEANS,Good Legs Skinny,42414973943891,197217773459
1457,GLDBP960T-I1076-10,7509324333139,SOFT TECH GOOD LEGS SKINNY JEANS,Good Legs Skinny,42414973648979,197217773299
1458,GLDBP960T-I1076-12,7509324333139,SOFT TECH GOOD LEGS SKINNY JEANS,Good Legs Skinny,42414973354067,197217773305
1459,GLDBP960T-I1076-14,7509324333139,SOFT TECH GOOD LEGS SKINNY JEANS,Good Legs Skinny,42414973681747,197217773312
1460,GLDBP960T-I1076-15,7509324333139,SOFT TECH GOOD LEGS SKINNY JEANS,Good Legs Skinny,42414973386835,197217773329
1461,GLDBP960T-I1076-16,7509324333139,SOFT TECH GOOD LEGS SKINNY JEANS,Good Legs Skinny,42414973714515,197217773336
1462,GLDBP960T-I1076-18,7509324333139,SOFT TECH GOOD LEGS SKINNY JEANS,Good Legs Skinny,42414973419603,197217773343
1463,GLDBP960T-I1076-20,7509324333139,SOFT TECH GOOD LEGS SKINNY JEANS,Good Legs Skinny,42414973747283,197217773367
1464,GLDBP960T-I1076-22,7509324333139,SOFT TECH GOOD LEGS SKINNY JEANS,Good Legs Skinny,42414973452371,197217773374
1465,GLDBP960T-I1076-24,7509324333139,SOFT TECH GOOD LEGS SKINNY JEANS,Good Legs Skinny,42414973780051,197217773381
1466,GLDBP960T-I1076-26,7509324333139,SOFT TECH GOOD LEGS SKINNY JEANS,Good Legs Skinny,42414973485139,197217773398
1467,GLDBP960T-I1076-28,7509324333139,SOFT TECH GOOD LEGS SKINNY JEANS,Good Legs Skinny,42414973812819,197217773404
1468,GLDBP960T-I1076-30,7509324333139,SOFT TECH GOOD LEGS SKINNY JEANS,Good Legs Skinny,42414973517907,197217773411
1469,GLDBP960T-I1076-32,7509324333139,SOFT TECH GOOD LEGS SKINNY JEANS,Good Legs Skinny,42414973911123,197217773428
2755,GLDV960T-I799-00,7454715871315,SOFT TECH GOOD LEGS SKINNY JEANS,Good Legs Skinny,42225476829267,197217726288
2756,GLDV960T-I799-0,7454715871315,SOFT TECH GOOD LEGS SKINNY JEANS,Good Legs Skinny,42225477222483,197217726271
2757,GLDV960T-I799-2,7454715871315,SOFT TECH GOOD LEGS SKINNY JEANS,Good Legs Skinny,42225477288019,197217726356
2758,GLDV960T-I799-4,7454715871315,SOFT TECH GOOD LEGS SKINNY JEANS,Good Legs Skinny,42225477255251,197217726431
2759,GLDV960T-I799-6,7454715871315,SOFT TECH GOOD LEGS SKINNY JEANS,Good Legs Skinny,42225476894803,197217726448
2760,GLDV960T-I799-8,7454715871315,SOFT TECH GOOD LEGS SKINNY JEANS,Good Legs Skinny,42225476862035,197217726455
2761,GLDV960T-I799-10,7454715871315,SOFT TECH GOOD LEGS SKINNY JEANS,Good Legs Skinny,42225476730963,197217726295
2762,GLDV960T-I799-12,7454715871315,SOFT TECH GOOD LEGS SKINNY JEANS,Good Legs Skinny,42225477025875,197217726301
2763,GLDV960T-I799-14,7454715871315,SOFT TECH GOOD LEGS SKINNY JEANS,Good Legs Skinny,42225476763731,197217726318
2764,GLDV960T-I799-15,7454715871315,SOFT TECH GOOD LEGS SKINNY JEANS,Good Legs Skinny,42225477058643,197217726325
2765,GLDV960T-I799-16,7454715871315,SOFT TECH GOOD LEGS SKINNY JEANS,Good Legs Skinny,42225476796499,197217726332
2766,GLDV960T-I799-18,7454715871315,SOFT TECH GOOD LEGS SKINNY JEANS,Good Legs Skinny,42225477091411,197217726349
2767,GLDV960T-I799-20,7454715871315,SOFT TECH GOOD LEGS SKINNY JEANS,Good Legs Skinny,42225477320787,197217726363
2768,GLDV960T-I799-22,7454715871315,SOFT TECH GOOD LEGS SKINNY JEANS,Good Legs Skinny,42225477124179,197217726370
2769,GLDV960T-I799-24,7454715871315,SOFT TECH GOOD LEGS SKINNY JEANS,Good Legs Skinny,42225476927571,197217726387
2770,GLDV960T-I799-26,7454715871315,SOFT TECH GOOD LEGS SKINNY JEANS,Good Legs Skinny,42225477156947,197217726394
2771,GLDV960T-I799-28,7454715871315,SOFT TECH GOOD LEGS SKINNY JEANS,Good Legs Skinny,42225476960339,197217726400
2772,GLDV960T-I799-30,7454715871315,SOFT TECH GOOD LEGS SKINNY JEANS,Good Legs Skinny,42225477189715,197217726417
2773,GLDV960T-I799-32,7454715871315,SOFT TECH GOOD LEGS SKINNY JEANS,Good Legs Skinny,42225476993107,197217726424
155166,GLST960005T-I1275-00,7652519936083,SOFT TECH GOOD LEGS STRAIGHT JEANS,Good Legs Straight,42904385978451,197217946679
155167,GLST960005T-I1275-0,7652519936083,SOFT TECH GOOD LEGS STRAIGHT JEANS,Good Legs Straight,42904385618003,197217946662
155168,GLST960005T-I1275-2,7652519936083,SOFT TECH GOOD LEGS STRAIGHT JEANS,Good Legs Straight,42904386043987,197217946747
155169,GLST960005T-I1275-4,7652519936083,SOFT TECH GOOD LEGS STRAIGHT JEANS,Good Legs Straight,42904386142291,197217946822
155170,GLST960005T-I1275-6,7652519936083,SOFT TECH GOOD LEGS STRAIGHT JEANS,Good Legs Straight,42904386109523,197217946839
155171,GLST960005T-I1275-8,7652519936083,SOFT TECH GOOD LEGS STRAIGHT JEANS,Good Legs Straight,42904385716307,197217946846
155172,GLST960005T-I1275-10,7652519936083,SOFT TECH GOOD LEGS STRAIGHT JEANS,Good Legs Straight,42911794004051,197217946686
155173,GLST960005T-I1275-12,7652519936083,SOFT TECH GOOD LEGS STRAIGHT JEANS,Good Legs Straight,42904385781843,197217946693
155174,GLST960005T-I1275-14,7652519936083,SOFT TECH GOOD LEGS STRAIGHT JEANS,Good Legs Straight,42911794036819,197217946709
155175,GLST960005T-I1275-15,7652519936083,SOFT TECH GOOD LEGS STRAIGHT JEANS,Good Legs Straight,42904385847379,197217946716
155176,GLST960005T-I1275-16,7652519936083,SOFT TECH GOOD LEGS STRAIGHT JEANS,Good Legs Straight,42904385683539,197217946723
155177,GLST960005T-I1275-18,7652519936083,SOFT TECH GOOD LEGS STRAIGHT JEANS,Good Legs Straight,42904385945683,197217946730
155178,GLST960005T-I1275-20,7652519936083,SOFT TECH GOOD LEGS STRAIGHT JEANS,Good Legs Straight,42904385749075,197217946754
155179,GLST960005T-I1275-22,7652519936083,SOFT TECH GOOD LEGS STRAIGHT JEANS,Good Legs Straight,42904386011219,197217946761
155180,GLST960005T-I1275-24,7652519936083,SOFT TECH GOOD LEGS STRAIGHT JEANS,Good Legs Straight,42904385814611,197217946778
155181,GLST960005T-I1275-26,7652519936083,SOFT TECH GOOD LEGS STRAIGHT JEANS,Good Legs Straight,42904386076755,197217946785
155182,GLST960005T-I1275-28,7652519936083,SOFT TECH GOOD LEGS STRAIGHT JEANS,Good Legs Straight,42904385880147,197217946792
155183,GLST960005T-I1275-30,7652519936083,SOFT TECH GOOD LEGS STRAIGHT JEANS,Good Legs Straight,42904385650771,197217946808
155184,GLST960005T-I1275-32,7652519936083,SOFT TECH GOOD LEGS STRAIGHT JEANS,Good Legs Straight,42904385912915,197217946815
4509,GLSCHD10T-I1012-00,7454715904083,SOFT TECH GOOD LEGS STRAIGHT JEANS,Good Legs Straight,42225477681235,197217726479
4510,GLSCHD10T-I1012-0,7454715904083,SOFT TECH GOOD LEGS STRAIGHT JEANS,Good Legs Straight,42225477386323,197217726462
4511,GLSCHD10T-I1012-2,7454715904083,SOFT TECH GOOD LEGS STRAIGHT JEANS,Good Legs Straight,42225477714003,197217726547
4512,GLSCHD10T-I1012-4,7454715904083,SOFT TECH GOOD LEGS STRAIGHT JEANS,Good Legs Straight,42225477976147,197217726622
4513,GLSCHD10T-I1012-6,7454715904083,SOFT TECH GOOD LEGS STRAIGHT JEANS,Good Legs Straight,42225477746771,197217726639
4514,GLSCHD10T-I1012-8,7454715904083,SOFT TECH GOOD LEGS STRAIGHT JEANS,Good Legs Straight,42225477451859,197217726646
4515,GLSCHD10T-I1012-10,7454715904083,SOFT TECH GOOD LEGS STRAIGHT JEANS,Good Legs Straight,42225477779539,197217726486
4516,GLSCHD10T-I1012-12,7454715904083,SOFT TECH GOOD LEGS STRAIGHT JEANS,Good Legs Straight,42225477419091,197217726493
4517,GLSCHD10T-I1012-14,7454715904083,SOFT TECH GOOD LEGS STRAIGHT JEANS,Good Legs Straight,42225477484627,197217726509
4518,GLSCHD10T-I1012-15,7454715904083,SOFT TECH GOOD LEGS STRAIGHT JEANS,Good Legs Straight,42225477812307,197217726516
4519,GLSCHD10T-I1012-16,7454715904083,SOFT TECH GOOD LEGS STRAIGHT JEANS,Good Legs Straight,42225477517395,197217726523
4520,GLSCHD10T-I1012-18,7454715904083,SOFT TECH GOOD LEGS STRAIGHT JEANS,Good Legs Straight,42225477648467,197217726530
4521,GLSCHD10T-I1012-20,7454715904083,SOFT TECH GOOD LEGS STRAIGHT JEANS,Good Legs Straight,42225477550163,197217726554
4522,GLSCHD10T-I1012-22,7454715904083,SOFT TECH GOOD LEGS STRAIGHT JEANS,Good Legs Straight,42225477615699,197217726561
4523,GLSCHD10T-I1012-24,7454715904083,SOFT TECH GOOD LEGS STRAIGHT JEANS,Good Legs Straight,42225477582931,197217726578
4524,GLSCHD10T-I1012-26,7454715904083,SOFT TECH GOOD LEGS STRAIGHT JEANS,Good Legs Straight,42225477845075,197217726585
4525,GLSCHD10T-I1012-28,7454715904083,SOFT TECH GOOD LEGS STRAIGHT JEANS,Good Legs Straight,42225477910611,197217726592
4526,GLSCHD10T-I1012-30,7454715904083,SOFT TECH GOOD LEGS STRAIGHT JEANS,Good Legs Straight,42225477877843,197217726608
4527,GLSCHD10T-I1012-32,7454715904083,SOFT TECH GOOD LEGS STRAIGHT JEANS,Good Legs Straight,42225477943379,197217726615
654,GLST960003-I1077-00,7509325217875,SOFT TECH GOOD LEGS STRAIGHT JEANS,Good Legs Straight,42414984200275,197217796588
655,GLST960003-I1077-0,7509325217875,SOFT TECH GOOD LEGS STRAIGHT JEANS,Good Legs Straight,42414984593491,197217796571
656,GLST960003-I1077-2,7509325217875,SOFT TECH GOOD LEGS STRAIGHT JEANS,Good Legs Straight,42414984396883,197217796656
657,GLST960003-I1077-4,7509325217875,SOFT TECH GOOD LEGS STRAIGHT JEANS,Good Legs Straight,42414984560723,197217796731
658,GLST960003-I1077-6,7509325217875,SOFT TECH GOOD LEGS STRAIGHT JEANS,Good Legs Straight,42414984429651,197217796748
659,GLST960003-I1077-8,7509325217875,SOFT TECH GOOD LEGS STRAIGHT JEANS,Good Legs Straight,42414984527955,197217796755
660,GLST960003-I1077-10,7509325217875,SOFT TECH GOOD LEGS STRAIGHT JEANS,Good Legs Straight,42414984462419,197217796595
661,GLST960003-I1077-12,7509325217875,SOFT TECH GOOD LEGS STRAIGHT JEANS,Good Legs Straight,42414984167507,197217796601
662,GLST960003-I1077-14,7509325217875,SOFT TECH GOOD LEGS STRAIGHT JEANS,Good Legs Straight,42414984495187,197217796618
663,GLST960003-I1077-15,7509325217875,SOFT TECH GOOD LEGS STRAIGHT JEANS,Good Legs Straight,42414984364115,197217796625
664,GLST960003-I1077-16,7509325217875,SOFT TECH GOOD LEGS STRAIGHT JEANS,Good Legs Straight,42414984134739,197217796632
665,GLST960003-I1077-18,7509325217875,SOFT TECH GOOD LEGS STRAIGHT JEANS,Good Legs Straight,42414984233043,197217796649
666,GLST960003-I1077-20,7509325217875,SOFT TECH GOOD LEGS STRAIGHT JEANS,Good Legs Straight,42414984101971,197217796663
667,GLST960003-I1077-22,7509325217875,SOFT TECH GOOD LEGS STRAIGHT JEANS,Good Legs Straight,42414984265811,197217796670
668,GLST960003-I1077-24,7509325217875,SOFT TECH GOOD LEGS STRAIGHT JEANS,Good Legs Straight,42414984069203,197217796687
669,GLST960003-I1077-26,7509325217875,SOFT TECH GOOD LEGS STRAIGHT JEANS,Good Legs Straight,42414984298579,197217796694
670,GLST960003-I1077-28,7509325217875,SOFT TECH GOOD LEGS STRAIGHT JEANS,Good Legs Straight,42414984036435,197217796700
671,GLST960003-I1077-30,7509325217875,SOFT TECH GOOD LEGS STRAIGHT JEANS,Good Legs Straight,42414984331347,197217796717
672,GLST960003-I1077-32,7509325217875,SOFT TECH GOOD LEGS STRAIGHT JEANS,Good Legs Straight,42414984626259,197217796724
441,GLS960T-I511-00,7004100886611,SOFT-TECH GOOD LEGS STRAIGHT JEANS,Good Legs Straight,40847529574483,197217269136
442,GLS960T-I511-0,7004100886611,SOFT-TECH GOOD LEGS STRAIGHT JEANS,Good Legs Straight,40847529607251,197217269105
443,GLS960T-I511-2,7004100886611,SOFT-TECH GOOD LEGS STRAIGHT JEANS,Good Legs Straight,40847529640019,197217269341
444,GLS960T-I511-4,7004100886611,SOFT-TECH GOOD LEGS STRAIGHT JEANS,Good Legs Straight,40847529672787,197217269587
445,GLS960T-I511-6,7004100886611,SOFT-TECH GOOD LEGS STRAIGHT JEANS,Good Legs Straight,40847529705555,197217269617
446,GLS960T-I511-8,7004100886611,SOFT-TECH GOOD LEGS STRAIGHT JEANS,Good Legs Straight,40847529738323,197217269648
447,GLS960T-I511-10,7004100886611,SOFT-TECH GOOD LEGS STRAIGHT JEANS,Good Legs Straight,40847529771091,197217269167
448,GLS960T-I511-12,7004100886611,SOFT-TECH GOOD LEGS STRAIGHT JEANS,Good Legs Straight,40847529803859,197217269198
449,GLS960T-I511-14,7004100886611,SOFT-TECH GOOD LEGS STRAIGHT JEANS,Good Legs Straight,40847529836627,197217269228
450,GLS960T-I511-15,7004100886611,SOFT-TECH GOOD LEGS STRAIGHT JEANS,Good Legs Straight,40847529869395,197217269259
451,GLS960T-I511-16,7004100886611,SOFT-TECH GOOD LEGS STRAIGHT JEANS,Good Legs Straight,40847529902163,197217269280
452,GLS960T-I511-18,7004100886611,SOFT-TECH GOOD LEGS STRAIGHT JEANS,Good Legs Straight,40847529934931,197217269310
453,GLS960T-I511-20,7004100886611,SOFT-TECH GOOD LEGS STRAIGHT JEANS,Good Legs Straight,40847529967699,197217269372
454,GLS960T-I511-22,7004100886611,SOFT-TECH GOOD LEGS STRAIGHT JEANS,Good Legs Straight,40847530000467,197217269402
455,GLS960T-I511-24,7004100886611,SOFT-TECH GOOD LEGS STRAIGHT JEANS,Good Legs Straight,40847530033235,197217269433
456,GLS960T-I511-26,7004100886611,SOFT-TECH GOOD LEGS STRAIGHT JEANS,Good Legs Straight,40847530066003,197217269464
457,GLS960T-I511-28,7004100886611,SOFT-TECH GOOD LEGS STRAIGHT JEANS,Good Legs Straight,40847530098771,197217269495
458,GLS960T-I511-30,7004100886611,SOFT-TECH GOOD LEGS STRAIGHT JEANS,Good Legs Straight,40847530131539,197217269525
459,GLS960T-I511-32,7004100886611,SOFT-TECH GOOD LEGS STRAIGHT JEANS,Good Legs Straight,40847530164307,197217269556
1700,GLSDBP960T-I514-00,7012202971219,SOFT-TECH GOOD LEGS STRAIGHT JEANS,Good Legs Straight,40989386932307,197217269709
1701,GLSDBP960T-I514-0,7012202971219,SOFT-TECH GOOD LEGS STRAIGHT JEANS,Good Legs Straight,40989386965075,197217269679
1702,GLSDBP960T-I514-2,7012202971219,SOFT-TECH GOOD LEGS STRAIGHT JEANS,Good Legs Straight,40989386997843,197217270552
1703,GLSDBP960T-I514-4,7012202971219,SOFT-TECH GOOD LEGS STRAIGHT JEANS,Good Legs Straight,40989387030611,197217270804
1704,GLSDBP960T-I514-6,7012202971219,SOFT-TECH GOOD LEGS STRAIGHT JEANS,Good Legs Straight,40989387063379,197217270835
1705,GLSDBP960T-I514-8,7012202971219,SOFT-TECH GOOD LEGS STRAIGHT JEANS,Good Legs Straight,40989387096147,197217270866
1706,GLSDBP960T-I514-10,7012202971219,SOFT-TECH GOOD LEGS STRAIGHT JEANS,Good Legs Straight,40989387128915,197217269808
1707,GLSDBP960T-I514-12,7012202971219,SOFT-TECH GOOD LEGS STRAIGHT JEANS,Good Legs Straight,40989387161683,197217270019
1708,GLSDBP960T-I514-14,7012202971219,SOFT-TECH GOOD LEGS STRAIGHT JEANS,Good Legs Straight,40989387194451,197217270187
1709,GLSDBP960T-I514-15,7012202971219,SOFT-TECH GOOD LEGS STRAIGHT JEANS,Good Legs Straight,40989387227219,197217270361
1710,GLSDBP960T-I514-16,7012202971219,SOFT-TECH GOOD LEGS STRAIGHT JEANS,Good Legs Straight,40989387259987,197217270439
1711,GLSDBP960T-I514-18,7012202971219,SOFT-TECH GOOD LEGS STRAIGHT JEANS,Good Legs Straight,40989387292755,197217270491
1712,GLSDBP960T-I514-20,7012202971219,SOFT-TECH GOOD LEGS STRAIGHT JEANS,Good Legs Straight,40989387325523,197217270590
1713,GLSDBP960T-I514-22,7012202971219,SOFT-TECH GOOD LEGS STRAIGHT JEANS,Good Legs Straight,40989387358291,197217270620
1714,GLSDBP960T-I514-24,7012202971219,SOFT-TECH GOOD LEGS STRAIGHT JEANS,Good Legs Straight,40989387391059,197217270651
1715,GLSDBP960T-I514-26,7012202971219,SOFT-TECH GOOD LEGS STRAIGHT JEANS,Good Legs Straight,40989387423827,197217270682
1716,GLSDBP960T-I514-28,7012202971219,SOFT-TECH GOOD LEGS STRAIGHT JEANS,Good Legs Straight,40989387456595,197217270712
1717,GLSDBP960T-I514-30,7012202971219,SOFT-TECH GOOD LEGS STRAIGHT JEANS,Good Legs Straight,40989387489363,197217270743
1718,GLSDBP960T-I514-32,7012202971219,SOFT-TECH GOOD LEGS STRAIGHT JEANS,Good Legs Straight,40989387522131,197217270774
147383,GLST960002-I799-00,7509324464211,SOFT TECH GOOD LEGS STRAIGHT JEANS,Good Legs Straight,42414974959699,197217796397
147384,GLST960002-I799-0,7509324464211,SOFT TECH GOOD LEGS STRAIGHT JEANS,Good Legs Straight,42414975516755,197217796380
147385,GLST960002-I799-2,7509324464211,SOFT TECH GOOD LEGS STRAIGHT JEANS,Good Legs Straight,42414975320147,197217796465
147386,GLST960002-I799-4,7509324464211,SOFT TECH GOOD LEGS STRAIGHT JEANS,Good Legs Straight,42414975483987,197217796540
147387,GLST960002-I799-6,7509324464211,SOFT TECH GOOD LEGS STRAIGHT JEANS,Good Legs Straight,42414975287379,197217796557
147388,GLST960002-I799-8,7509324464211,SOFT TECH GOOD LEGS STRAIGHT JEANS,Good Legs Straight,42414975451219,197217796564
147389,GLST960002-I799-10,7509324464211,SOFT TECH GOOD LEGS STRAIGHT JEANS,Good Legs Straight,42414975254611,197217796403
147390,GLST960002-I799-12,7509324464211,SOFT TECH GOOD LEGS STRAIGHT JEANS,Good Legs Straight,42414975418451,197217796410
147391,GLST960002-I799-14,7509324464211,SOFT TECH GOOD LEGS STRAIGHT JEANS,Good Legs Straight,42414975221843,197217796427
147392,GLST960002-I799-15,7509324464211,SOFT TECH GOOD LEGS STRAIGHT JEANS,Good Legs Straight,42414975385683,197217796434
147393,GLST960002-I799-16,7509324464211,SOFT TECH GOOD LEGS STRAIGHT JEANS,Good Legs Straight,42414975549523,197217796441
147394,GLST960002-I799-18,7509324464211,SOFT TECH GOOD LEGS STRAIGHT JEANS,Good Legs Straight,42414975352915,197217796458
147395,GLST960002-I799-20,7509324464211,SOFT TECH GOOD LEGS STRAIGHT JEANS,Good Legs Straight,42414974992467,197217796472
147396,GLST960002-I799-22,7509324464211,SOFT TECH GOOD LEGS STRAIGHT JEANS,Good Legs Straight,42414975189075,197217796489
147397,GLST960002-I799-24,7509324464211,SOFT TECH GOOD LEGS STRAIGHT JEANS,Good Legs Straight,42414975123539,197217796496
147398,GLST960002-I799-26,7509324464211,SOFT TECH GOOD LEGS STRAIGHT JEANS,Good Legs Straight,42414975156307,197217796502
147399,GLST960002-I799-28,7509324464211,SOFT TECH GOOD LEGS STRAIGHT JEANS,Good Legs Straight,42414975058003,197217796519
147400,GLST960002-I799-30,7509324464211,SOFT TECH GOOD LEGS STRAIGHT JEANS,Good Legs Straight,42414975025235,197217796526
147401,GLST960002-I799-32,7509324464211,SOFT TECH GOOD LEGS STRAIGHT JEANS,Good Legs Straight,42414975090771,197217796533
153404,GLST960006T-I1209-00,7655307346003,SOFT TECH GOOD LEGS STRAIGHT JEANS,Good Legs Straight,42918515376211,197217946860
153405,GLST960006T-I1209-0,7655307346003,SOFT TECH GOOD LEGS STRAIGHT JEANS,Good Legs Straight,42918515474515,197217946853
153406,GLST960006T-I1209-2,7655307346003,SOFT TECH GOOD LEGS STRAIGHT JEANS,Good Legs Straight,42918515408979,197217946938
153407,GLST960006T-I1209-4,7655307346003,SOFT TECH GOOD LEGS STRAIGHT JEANS,Good Legs Straight,42918515507283,197217947010
153408,GLST960006T-I1209-6,7655307346003,SOFT TECH GOOD LEGS STRAIGHT JEANS,Good Legs Straight,42918515441747,197217947027
153409,GLST960006T-I1209-8,7655307346003,SOFT TECH GOOD LEGS STRAIGHT JEANS,Good Legs Straight,42918515540051,197217947034
153410,GLST960006T-I1209-10,7655307346003,SOFT TECH GOOD LEGS STRAIGHT JEANS,Good Legs Straight,42918515605587,197217946877
153411,GLST960006T-I1209-12,7655307346003,SOFT TECH GOOD LEGS STRAIGHT JEANS,Good Legs Straight,42918515572819,197217946884
153412,GLST960006T-I1209-14,7655307346003,SOFT TECH GOOD LEGS STRAIGHT JEANS,Good Legs Straight,42918515638355,197217946891
153413,GLST960006T-I1209-15,7655307346003,SOFT TECH GOOD LEGS STRAIGHT JEANS,Good Legs Straight,42918515834963,197217946907
153414,GLST960006T-I1209-16,7655307346003,SOFT TECH GOOD LEGS STRAIGHT JEANS,Good Legs Straight,42918515671123,197217946914
153415,GLST960006T-I1209-18,7655307346003,SOFT TECH GOOD LEGS STRAIGHT JEANS,Good Legs Straight,42918515802195,197217946921
153416,GLST960006T-I1209-20,7655307346003,SOFT TECH GOOD LEGS STRAIGHT JEANS,Good Legs Straight,42918515245139,197217946945
153417,GLST960006T-I1209-22,7655307346003,SOFT TECH GOOD LEGS STRAIGHT JEANS,Good Legs Straight,42918515769427,197217946952
153418,GLST960006T-I1209-24,7655307346003,SOFT TECH GOOD LEGS STRAIGHT JEANS,Good Legs Straight,42918515277907,197217946969
153419,GLST960006T-I1209-26,7655307346003,SOFT TECH GOOD LEGS STRAIGHT JEANS,Good Legs Straight,42918515736659,197217946976
153420,GLST960006T-I1209-28,7655307346003,SOFT TECH GOOD LEGS STRAIGHT JEANS,Good Legs Straight,42918515310675,197217946983
153421,GLST960006T-I1209-30,7655307346003,SOFT TECH GOOD LEGS STRAIGHT JEANS,Good Legs Straight,42918515703891,197217946990
153422,GLST960006T-I1209-32,7655307346003,SOFT TECH GOOD LEGS STRAIGHT JEANS,Good Legs Straight,42918515343443,197217947003
143454,GLFP960DP-I1019-00,7466836131923,DOLLY JOLEANS PETITE FLARE JEANS,Dolly Joleans Flare,42272392020051,197217757961
143455,GLFP960DP-I1019-0,7466836131923,DOLLY JOLEANS PETITE FLARE JEANS,Dolly Joleans Flare,42272391594067,197217757954
143456,GLFP960DP-I1019-2,7466836131923,DOLLY JOLEANS PETITE FLARE JEANS,Dolly Joleans Flare,42272391987283,197217758036
143457,GLFP960DP-I1019-4,7466836131923,DOLLY JOLEANS PETITE FLARE JEANS,Dolly Joleans Flare,42272391692371,197217758111
143458,GLFP960DP-I1019-6,7466836131923,DOLLY JOLEANS PETITE FLARE JEANS,Dolly Joleans Flare,42272391954515,197217758128
143459,GLFP960DP-I1019-8,7466836131923,DOLLY JOLEANS PETITE FLARE JEANS,Dolly Joleans Flare,42272391659603,197217758135
143460,GLFP960DP-I1019-10,7466836131923,DOLLY JOLEANS PETITE FLARE JEANS,Dolly Joleans Flare,42272391921747,197217757978
143461,GLFP960DP-I1019-12,7466836131923,DOLLY JOLEANS PETITE FLARE JEANS,Dolly Joleans Flare,42272391626835,197217757985
143462,GLFP960DP-I1019-14,7466836131923,DOLLY JOLEANS PETITE FLARE JEANS,Dolly Joleans Flare,42272391888979,197217757992
143463,GLFP960DP-I1019-15,7466836131923,DOLLY JOLEANS PETITE FLARE JEANS,Dolly Joleans Flare,42272363413587,197217758005
143464,GLFP960DP-I1019-16,7466836131923,DOLLY JOLEANS PETITE FLARE JEANS,Dolly Joleans Flare,42272391856211,197217758012
143465,GLFP960DP-I1019-18,7466836131923,DOLLY JOLEANS PETITE FLARE JEANS,Dolly Joleans Flare,42272363446355,197217758029
143466,GLFP960DP-I1019-20,7466836131923,DOLLY JOLEANS PETITE FLARE JEANS,Dolly Joleans Flare,42272391823443,197217758043
143467,GLFP960DP-I1019-22,7466836131923,DOLLY JOLEANS PETITE FLARE JEANS,Dolly Joleans Flare,42272363479123,197217758050
143468,GLFP960DP-I1019-24,7466836131923,DOLLY JOLEANS PETITE FLARE JEANS,Dolly Joleans Flare,42272391790675,197217758067
143469,GLFP960DP-I1019-26,7466836131923,DOLLY JOLEANS PETITE FLARE JEANS,Dolly Joleans Flare,42272363511891,197217758074
143470,GLFP960DP-I1019-28,7466836131923,DOLLY JOLEANS PETITE FLARE JEANS,Dolly Joleans Flare,42272391757907,197217758081
143471,GLFP960DP-I1019-30,7466836131923,DOLLY JOLEANS PETITE FLARE JEANS,Dolly Joleans Flare,42272363544659,197217758098
143472,GLFP960DP-I1019-32,7466836131923,DOLLY JOLEANS PETITE FLARE JEANS,Dolly Joleans Flare,42272391725139,197217758104
143416,GLFP960DP-I1020-00,7466836590675,DOLLY JOLEANS PETITE FLARE JEANS,Dolly Joleans Flare,42272367673427,197217758159
143417,GLFP960DP-I1020-0,7466836590675,DOLLY JOLEANS PETITE FLARE JEANS,Dolly Joleans Flare,42272392478803,197217758142
143418,GLFP960DP-I1020-2,7466836590675,DOLLY JOLEANS PETITE FLARE JEANS,Dolly Joleans Flare,42272367575123,197217758227
143419,GLFP960DP-I1020-4,7466836590675,DOLLY JOLEANS PETITE FLARE JEANS,Dolly Joleans Flare,42272367607891,197217758302
143420,GLFP960DP-I1020-6,7466836590675,DOLLY JOLEANS PETITE FLARE JEANS,Dolly Joleans Flare,42272392544339,197217758319
143421,GLFP960DP-I1020-8,7466836590675,DOLLY JOLEANS PETITE FLARE JEANS,Dolly Joleans Flare,42272367804499,197217758326
143422,GLFP960DP-I1020-10,7466836590675,DOLLY JOLEANS PETITE FLARE JEANS,Dolly Joleans Flare,42272367640659,197217758166
143423,GLFP960DP-I1020-12,7466836590675,DOLLY JOLEANS PETITE FLARE JEANS,Dolly Joleans Flare,42272367771731,197217758173
143424,GLFP960DP-I1020-14,7466836590675,DOLLY JOLEANS PETITE FLARE JEANS,Dolly Joleans Flare,42272368033875,197217758180
143425,GLFP960DP-I1020-15,7466836590675,DOLLY JOLEANS PETITE FLARE JEANS,Dolly Joleans Flare,42272367738963,197217758197
143426,GLFP960DP-I1020-16,7466836590675,DOLLY JOLEANS PETITE FLARE JEANS,Dolly Joleans Flare,42272368001107,197217758203
143427,GLFP960DP-I1020-18,7466836590675,DOLLY JOLEANS PETITE FLARE JEANS,Dolly Joleans Flare,42272367706195,197217758210
143428,GLFP960DP-I1020-20,7466836590675,DOLLY JOLEANS PETITE FLARE JEANS,Dolly Joleans Flare,42272367968339,197217758234
143429,GLFP960DP-I1020-22,7466836590675,DOLLY JOLEANS PETITE FLARE JEANS,Dolly Joleans Flare,42272367870035,197217758241
143430,GLFP960DP-I1020-24,7466836590675,DOLLY JOLEANS PETITE FLARE JEANS,Dolly Joleans Flare,42272367935571,197217758258
143431,GLFP960DP-I1020-26,7466836590675,DOLLY JOLEANS PETITE FLARE JEANS,Dolly Joleans Flare,42272392577107,197217758265
143432,GLFP960DP-I1020-28,7466836590675,DOLLY JOLEANS PETITE FLARE JEANS,Dolly Joleans Flare,42272367902803,197217758272
143433,GLFP960DP-I1020-30,7466836590675,DOLLY JOLEANS PETITE FLARE JEANS,Dolly Joleans Flare,42272392511571,197217758289
143434,GLFP960DP-I1020-32,7466836590675,DOLLY JOLEANS PETITE FLARE JEANS,Dolly Joleans Flare,42272367837267,197217758296
1112,GPP960B002-K391-00,7509598044243,SOFT TECH GOOD PETITE PALAZZO JEANS,Good Palazzo,42416116301907,197217795192
1113,GPP960B002-K391-0,7509598044243,SOFT TECH GOOD PETITE PALAZZO JEANS,Good Palazzo,42416115974227,197217795185
1114,GPP960B002-K391-2,7509598044243,SOFT TECH GOOD PETITE PALAZZO JEANS,Good Palazzo,42416116498515,197217795291
1115,GPP960B002-K391-4,7509598044243,SOFT TECH GOOD PETITE PALAZZO JEANS,Good Palazzo,42416115941459,197217795383
1116,GPP960B002-K391-6,7509598044243,SOFT TECH GOOD PETITE PALAZZO JEANS,Good Palazzo,42416116170835,197217795406
1117,GPP960B002-K391-8,7509598044243,SOFT TECH GOOD PETITE PALAZZO JEANS,Good Palazzo,42416115908691,197217795420
1118,GPP960B002-K391-10,7509598044243,SOFT TECH GOOD PETITE PALAZZO JEANS,Good Palazzo,42416116138067,197217795215
1119,GPP960B002-K391-12,7509598044243,SOFT TECH GOOD PETITE PALAZZO JEANS,Good Palazzo,42416115875923,197217795239
1120,GPP960B002-K391-14,7509598044243,SOFT TECH GOOD PETITE PALAZZO JEANS,Good Palazzo,42416116105299,197217795253
1121,GPP960B002-K391-15,7509598044243,SOFT TECH GOOD PETITE PALAZZO JEANS,Good Palazzo,42416273227859,197217795260
1122,GPP960B002-K391-16,7509598044243,SOFT TECH GOOD PETITE PALAZZO JEANS,Good Palazzo,42416116072531,197217795277
1123,GPP960B002-K391-18,7509598044243,SOFT TECH GOOD PETITE PALAZZO JEANS,Good Palazzo,42416116432979,197217795284
1124,GPP960B002-K391-20,7509598044243,SOFT TECH GOOD PETITE PALAZZO JEANS,Good Palazzo,42416116039763,197217795307
1125,GPP960B002-K391-22,7509598044243,SOFT TECH GOOD PETITE PALAZZO JEANS,Good Palazzo,42416116400211,197217795314
1126,GPP960B002-K391-24,7509598044243,SOFT TECH GOOD PETITE PALAZZO JEANS,Good Palazzo,42416116006995,197217795321
1127,GPP960B002-K391-26,7509598044243,SOFT TECH GOOD PETITE PALAZZO JEANS,Good Palazzo,42416116367443,197217795338
1128,GPP960B002-K391-28,7509598044243,SOFT TECH GOOD PETITE PALAZZO JEANS,Good Palazzo,42416115843155,197217795345
1129,GPP960B002-K391-30,7509598044243,SOFT TECH GOOD PETITE PALAZZO JEANS,Good Palazzo,42416116334675,197217795352
1130,GPP960B002-K391-32,7509598044243,SOFT TECH GOOD PETITE PALAZZO JEANS,Good Palazzo,42416115810387,197217795369
153957,GPPPP960-I511-00,7652520067155,SOFT TECH GOOD PETITE PALAZZO JEANS,Good Palazzo,42904387616851,197217947249
153958,GPPPP960-I511-0,7652520067155,SOFT TECH GOOD PETITE PALAZZO JEANS,Good Palazzo,42904387780691,197217947232
153959,GPPPP960-I511-2,7652520067155,SOFT TECH GOOD PETITE PALAZZO JEANS,Good Palazzo,42904387649619,197217947317
153960,GPPPP960-I511-4,7652520067155,SOFT TECH GOOD PETITE PALAZZO JEANS,Good Palazzo,42904387747923,197217947393
153961,GPPPP960-I511-6,7652520067155,SOFT TECH GOOD PETITE PALAZZO JEANS,Good Palazzo,42904387682387,197217947409
153962,GPPPP960-I511-8,7652520067155,SOFT TECH GOOD PETITE PALAZZO JEANS,Good Palazzo,42904387846227,197217947416
153963,GPPPP960-I511-10,7652520067155,SOFT TECH GOOD PETITE PALAZZO JEANS,Good Palazzo,42904387715155,197217947256
153964,GPPPP960-I511-12,7652520067155,SOFT TECH GOOD PETITE PALAZZO JEANS,Good Palazzo,42904388042835,197217947263
153965,GPPPP960-I511-14,7652520067155,SOFT TECH GOOD PETITE PALAZZO JEANS,Good Palazzo,42904387977299,197217947270
153966,GPPPP960-I511-15,7652520067155,SOFT TECH GOOD PETITE PALAZZO JEANS,Good Palazzo,42904387878995,197217947287
153967,GPPPP960-I511-16,7652520067155,SOFT TECH GOOD PETITE PALAZZO JEANS,Good Palazzo,42904387813459,197217947294
153968,GPPPP960-I511-18,7652520067155,SOFT TECH GOOD PETITE PALAZZO JEANS,Good Palazzo,42904388075603,197217947300
153969,GPPPP960-I511-20,7652520067155,SOFT TECH GOOD PETITE PALAZZO JEANS,Good Palazzo,42904387944531,197217947324
153970,GPPPP960-I511-22,7652520067155,SOFT TECH GOOD PETITE PALAZZO JEANS,Good Palazzo,42904387911763,197217947331
153971,GPPPP960-I511-24,7652520067155,SOFT TECH GOOD PETITE PALAZZO JEANS,Good Palazzo,42904388010067,197217947348
153972,GPPPP960-I511-26,7652520067155,SOFT TECH GOOD PETITE PALAZZO JEANS,Good Palazzo,42904388108371,197217947355
153973,GPPPP960-I511-28,7652520067155,SOFT TECH GOOD PETITE PALAZZO JEANS,Good Palazzo,42904387551315,197217947362
153974,GPPPP960-I511-30,7652520067155,SOFT TECH GOOD PETITE PALAZZO JEANS,Good Palazzo,42904388141139,197217947379
153975,GPPPP960-I511-32,7652520067155,SOFT TECH GOOD PETITE PALAZZO JEANS,Good Palazzo,42904387584083,197217947386
1007,GPP960001-I986-00,7509598109779,SOFT TECH GOOD PETITE PALAZZO JEANS,Good Palazzo,42416116990035,197217794942
1008,GPP960001-I986-0,7509598109779,SOFT TECH GOOD PETITE PALAZZO JEANS,Good Palazzo,42416116793427,197217794935
1009,GPP960001-I986-2,7509598109779,SOFT TECH GOOD PETITE PALAZZO JEANS,Good Palazzo,42416117055571,197217795048
1010,GPP960001-I986-4,7509598109779,SOFT TECH GOOD PETITE PALAZZO JEANS,Good Palazzo,42416116760659,197217795130
1011,GPP960001-I986-6,7509598109779,SOFT TECH GOOD PETITE PALAZZO JEANS,Good Palazzo,42416117284947,197217795154
1012,GPP960001-I986-8,7509598109779,SOFT TECH GOOD PETITE PALAZZO JEANS,Good Palazzo,42416116727891,197217795178
1013,GPP960001-I986-10,7509598109779,SOFT TECH GOOD PETITE PALAZZO JEANS,Good Palazzo,42416117219411,197217794966
1014,GPP960001-I986-12,7509598109779,SOFT TECH GOOD PETITE PALAZZO JEANS,Good Palazzo,42416116695123,197217794980
1015,GPP960001-I986-14,7509598109779,SOFT TECH GOOD PETITE PALAZZO JEANS,Good Palazzo,42416117153875,197217795000
1016,GPP960001-I986-15,7509598109779,SOFT TECH GOOD PETITE PALAZZO JEANS,Good Palazzo,42416116662355,197217795017
1017,GPP960001-I986-16,7509598109779,SOFT TECH GOOD PETITE PALAZZO JEANS,Good Palazzo,42416117088339,197217795024
1018,GPP960001-I986-18,7509598109779,SOFT TECH GOOD PETITE PALAZZO JEANS,Good Palazzo,42416116629587,197217795031
1019,GPP960001-I986-20,7509598109779,SOFT TECH GOOD PETITE PALAZZO JEANS,Good Palazzo,42416117022803,197217795055
1020,GPP960001-I986-22,7509598109779,SOFT TECH GOOD PETITE PALAZZO JEANS,Good Palazzo,42416116596819,197217795062
1021,GPP960001-I986-24,7509598109779,SOFT TECH GOOD PETITE PALAZZO JEANS,Good Palazzo,42416116957267,197217795079
1022,GPP960001-I986-26,7509598109779,SOFT TECH GOOD PETITE PALAZZO JEANS,Good Palazzo,42416116564051,197217795086
1023,GPP960001-I986-28,7509598109779,SOFT TECH GOOD PETITE PALAZZO JEANS,Good Palazzo,42416116924499,197217795093
1024,GPP960001-I986-30,7509598109779,SOFT TECH GOOD PETITE PALAZZO JEANS,Good Palazzo,42416117350483,197217795109
1025,GPP960001-I986-32,7509598109779,SOFT TECH GOOD PETITE PALAZZO JEANS,Good Palazzo,42416116891731,197217795116
903,GPESKA960001-I891-00,7509325381715,SOFT TECH GOOD PETITE SKATE WIDE JEANS,Good Skate Wide,42414986625107,197217795444
904,GPESKA960001-I891-0,7509325381715,SOFT TECH GOOD PETITE SKATE WIDE JEANS,Good Skate Wide,42414986559571,197217795437
905,GPESKA960001-I891-2,7509325381715,SOFT TECH GOOD PETITE SKATE WIDE JEANS,Good Skate Wide,42414986854483,197217795512
906,GPESKA960001-I891-4,7509325381715,SOFT TECH GOOD PETITE SKATE WIDE JEANS,Good Skate Wide,42414986592339,197217795598
907,GPESKA960001-I891-6,7509325381715,SOFT TECH GOOD PETITE SKATE WIDE JEANS,Good Skate Wide,42414986297427,197217795604
908,GPESKA960001-I891-8,7509325381715,SOFT TECH GOOD PETITE SKATE WIDE JEANS,Good Skate Wide,42414986657875,197217795611
909,GPESKA960001-I891-10,7509325381715,SOFT TECH GOOD PETITE SKATE WIDE JEANS,Good Skate Wide,42414986330195,197217795451
910,GPESKA960001-I891-12,7509325381715,SOFT TECH GOOD PETITE SKATE WIDE JEANS,Good Skate Wide,42414986690643,197217795468
911,GPESKA960001-I891-14,7509325381715,SOFT TECH GOOD PETITE SKATE WIDE JEANS,Good Skate Wide,42414986362963,197217795475
912,GPESKA960001-I891-15,7509325381715,SOFT TECH GOOD PETITE SKATE WIDE JEANS,Good Skate Wide,42414986723411,197217795482
913,GPESKA960001-I891-16,7509325381715,SOFT TECH GOOD PETITE SKATE WIDE JEANS,Good Skate Wide,42414986395731,197217795499
914,GPESKA960001-I891-18,7509325381715,SOFT TECH GOOD PETITE SKATE WIDE JEANS,Good Skate Wide,42414986756179,197217795505
915,GPESKA960001-I891-20,7509325381715,SOFT TECH GOOD PETITE SKATE WIDE JEANS,Good Skate Wide,42414986428499,197217795529
916,GPESKA960001-I891-22,7509325381715,SOFT TECH GOOD PETITE SKATE WIDE JEANS,Good Skate Wide,42414986788947,197217795536
917,GPESKA960001-I891-24,7509325381715,SOFT TECH GOOD PETITE SKATE WIDE JEANS,Good Skate Wide,42414986461267,197217795543
918,GPESKA960001-I891-26,7509325381715,SOFT TECH GOOD PETITE SKATE WIDE JEANS,Good Skate Wide,42414986821715,197217795550
919,GPESKA960001-I891-28,7509325381715,SOFT TECH GOOD PETITE SKATE WIDE JEANS,Good Skate Wide,42414986494035,197217795567
920,GPESKA960001-I891-30,7509325381715,SOFT TECH GOOD PETITE SKATE WIDE JEANS,Good Skate Wide,42414986264659,197217795574
921,GPESKA960001-I891-32,7509325381715,SOFT TECH GOOD PETITE SKATE WIDE JEANS,Good Skate Wide,42414986526803,197217795581
147154,GPSDBP220B-K340-00,7160366596179,SOFT-TECH GOOD PETITE STRAIGHT JEANS,Good Straight,41393412341843,197217597444
147155,GPSDBP220B-K340-0,7160366596179,SOFT-TECH GOOD PETITE STRAIGHT JEANS,Good Straight,41393412374611,197217597437
147156,GPSDBP220B-K340-2,7160366596179,SOFT-TECH GOOD PETITE STRAIGHT JEANS,Good Straight,41393412407379,197217597512
147157,GPSDBP220B-K340-4,7160366596179,SOFT-TECH GOOD PETITE STRAIGHT JEANS,Good Straight,41393412440147,197217597598
147158,GPSDBP220B-K340-6,7160366596179,SOFT-TECH GOOD PETITE STRAIGHT JEANS,Good Straight,41393412472915,197217597604
147159,GPSDBP220B-K340-8,7160366596179,SOFT-TECH GOOD PETITE STRAIGHT JEANS,Good Straight,41393412505683,197217597611
147160,GPSDBP220B-K340-10,7160366596179,SOFT-TECH GOOD PETITE STRAIGHT JEANS,Good Straight,41393412538451,197217597451
147161,GPSDBP220B-K340-12,7160366596179,SOFT-TECH GOOD PETITE STRAIGHT JEANS,Good Straight,41393412571219,197217597468
147162,GPSDBP220B-K340-14,7160366596179,SOFT-TECH GOOD PETITE STRAIGHT JEANS,Good Straight,41393412603987,197217597475
147163,GPSDBP220B-K340-15,7160366596179,SOFT-TECH GOOD PETITE STRAIGHT JEANS,Good Straight,41393412636755,197217597482
147164,GPSDBP220B-K340-16,7160366596179,SOFT-TECH GOOD PETITE STRAIGHT JEANS,Good Straight,41393412669523,197217597499
147165,GPSDBP220B-K340-18,7160366596179,SOFT-TECH GOOD PETITE STRAIGHT JEANS,Good Straight,41393412702291,197217597505
147166,GPSDBP220B-K340-20,7160366596179,SOFT-TECH GOOD PETITE STRAIGHT JEANS,Good Straight,41393412735059,197217597529
147167,GPSDBP220B-K340-22,7160366596179,SOFT-TECH GOOD PETITE STRAIGHT JEANS,Good Straight,41393412767827,197217597536
147168,GPSDBP220B-K340-24,7160366596179,SOFT-TECH GOOD PETITE STRAIGHT JEANS,Good Straight,41393412800595,197217597543
147169,GPSDBP220B-K340-26,7160366596179,SOFT-TECH GOOD PETITE STRAIGHT JEANS,Good Straight,41393412833363,197217597550
147170,GPSDBP220B-K340-28,7160366596179,SOFT-TECH GOOD PETITE STRAIGHT JEANS,Good Straight,41393412866131,197217597567
147171,GPSDBP220B-K340-30,7160366596179,SOFT-TECH GOOD PETITE STRAIGHT JEANS,Good Straight,41393412898899,197217597574
147172,GPSDBP220B-K340-32,7160366596179,SOFT-TECH GOOD PETITE STRAIGHT JEANS,Good Straight,41393412931667,197217597581
153976,GPST960-I511-00,7652494770259,SOFT TECH GOOD PETITE STRAIGHT JEANS,Good Straight,42904242847827,197217935994
153977,GPST960-I511-0,7652494770259,SOFT TECH GOOD PETITE STRAIGHT JEANS,Good Straight,42904123080787,197217935987
153978,GPST960-I511-2,7652494770259,SOFT TECH GOOD PETITE STRAIGHT JEANS,Good Straight,42904242913363,197217936069
153979,GPST960-I511-4,7652494770259,SOFT TECH GOOD PETITE STRAIGHT JEANS,Good Straight,42904242946131,197217936144
153980,GPST960-I511-6,7652494770259,SOFT TECH GOOD PETITE STRAIGHT JEANS,Good Straight,42904242978899,197217936151
153981,GPST960-I511-8,7652494770259,SOFT TECH GOOD PETITE STRAIGHT JEANS,Good Straight,42904243044435,197217936168
153982,GPST960-I511-10,7652494770259,SOFT TECH GOOD PETITE STRAIGHT JEANS,Good Straight,42904243077203,197217936007
153983,GPST960-I511-12,7652494770259,SOFT TECH GOOD PETITE STRAIGHT JEANS,Good Straight,42904243109971,197217936014
153984,GPST960-I511-14,7652494770259,SOFT TECH GOOD PETITE STRAIGHT JEANS,Good Straight,42904243142739,197217936021
153985,GPST960-I511-15,7652494770259,SOFT TECH GOOD PETITE STRAIGHT JEANS,Good Straight,42904243175507,197217936038
153986,GPST960-I511-16,7652494770259,SOFT TECH GOOD PETITE STRAIGHT JEANS,Good Straight,42904123048019,197217936045
153987,GPST960-I511-18,7652494770259,SOFT TECH GOOD PETITE STRAIGHT JEANS,Good Straight,42904242880595,197217936052
153988,GPST960-I511-20,7652494770259,SOFT TECH GOOD PETITE STRAIGHT JEANS,Good Straight,42904123015251,197217936076
153989,GPST960-I511-22,7652494770259,SOFT TECH GOOD PETITE STRAIGHT JEANS,Good Straight,42904122982483,197217936083
153990,GPST960-I511-24,7652494770259,SOFT TECH GOOD PETITE STRAIGHT JEANS,Good Straight,42904122949715,197217936090
153991,GPST960-I511-26,7652494770259,SOFT TECH GOOD PETITE STRAIGHT JEANS,Good Straight,42904122916947,197217936106
153992,GPST960-I511-28,7652494770259,SOFT TECH GOOD PETITE STRAIGHT JEANS,Good Straight,42904122884179,197217936113
153993,GPST960-I511-30,7652494770259,SOFT TECH GOOD PETITE STRAIGHT JEANS,Good Straight,42904243208275,197217936120
153994,GPST960-I511-32,7652494770259,SOFT TECH GOOD PETITE STRAIGHT JEANS,Good Straight,42904243011667,197217936137
150139,GSK220T-I516-00,7160367284307,SOFT-TECH GOOD SKATE WIDE JEANS,Good Skate Wide,41393419026515,197217599837
150140,GSK220T-I516-0,7160367284307,SOFT-TECH GOOD SKATE WIDE JEANS,Good Skate Wide,41393419059283,197217599820
150141,GSK220T-I516-2,7160367284307,SOFT-TECH GOOD SKATE WIDE JEANS,Good Skate Wide,41393419092051,197217599905
150142,GSK220T-I516-4,7160367284307,SOFT-TECH GOOD SKATE WIDE JEANS,Good Skate Wide,41393419124819,197217599981
150143,GSK220T-I516-6,7160367284307,SOFT-TECH GOOD SKATE WIDE JEANS,Good Skate Wide,41393419157587,197217599998
150144,GSK220T-I516-8,7160367284307,SOFT-TECH GOOD SKATE WIDE JEANS,Good Skate Wide,41393419190355,197217600007
150145,GSK220T-I516-10,7160367284307,SOFT-TECH GOOD SKATE WIDE JEANS,Good Skate Wide,41393419223123,197217599844
150146,GSK220T-I516-12,7160367284307,SOFT-TECH GOOD SKATE WIDE JEANS,Good Skate Wide,41393419255891,197217599851
150147,GSK220T-I516-14,7160367284307,SOFT-TECH GOOD SKATE WIDE JEANS,Good Skate Wide,41393419288659,197217599868
150148,GSK220T-I516-15,7160367284307,SOFT-TECH GOOD SKATE WIDE JEANS,Good Skate Wide,41393419321427,197217599875
150149,GSK220T-I516-16,7160367284307,SOFT-TECH GOOD SKATE WIDE JEANS,Good Skate Wide,41393419354195,197217599882
150150,GSK220T-I516-18,7160367284307,SOFT-TECH GOOD SKATE WIDE JEANS,Good Skate Wide,41393419386963,197217599899
150151,GSK220T-I516-20,7160367284307,SOFT-TECH GOOD SKATE WIDE JEANS,Good Skate Wide,41393419419731,197217599912
150152,GSK220T-I516-22,7160367284307,SOFT-TECH GOOD SKATE WIDE JEANS,Good Skate Wide,41393419452499,197217599929
150153,GSK220T-I516-24,7160367284307,SOFT-TECH GOOD SKATE WIDE JEANS,Good Skate Wide,41393419485267,197217599936
150154,GSK220T-I516-26,7160367284307,SOFT-TECH GOOD SKATE WIDE JEANS,Good Skate Wide,41393419518035,197217599943
150155,GSK220T-I516-28,7160367284307,SOFT-TECH GOOD SKATE WIDE JEANS,Good Skate Wide,41393419550803,197217599950
150156,GSK220T-I516-30,7160367284307,SOFT-TECH GOOD SKATE WIDE JEANS,Good Skate Wide,41393419583571,197217599967
150157,GSK220T-I516-32,7160367284307,SOFT-TECH GOOD SKATE WIDE JEANS,Good Skate Wide,41393419616339,197217599974
1480,GSKA960002-I891-00,7509327577171,SOFT TECH GOOD SKATE WIDE LEG JEANS,Good Skate Wide,42415013036115,197217793617
1481,GSKA960002-I891-0,7509327577171,SOFT TECH GOOD SKATE WIDE LEG JEANS,Good Skate Wide,42416276013139,197217793600
1482,GSKA960002-I891-2,7509327577171,SOFT TECH GOOD SKATE WIDE LEG JEANS,Good Skate Wide,42415013003347,197217793686
1483,GSKA960002-I891-4,7509327577171,SOFT TECH GOOD SKATE WIDE LEG JEANS,Good Skate Wide,42416276045907,197217793761
1484,GSKA960002-I891-6,7509327577171,SOFT TECH GOOD SKATE WIDE LEG JEANS,Good Skate Wide,42416276111443,197217793778
1485,GSKA960002-I891-8,7509327577171,SOFT TECH GOOD SKATE WIDE LEG JEANS,Good Skate Wide,42416276078675,197217793785
1486,GSKA960002-I891-10,7509327577171,SOFT TECH GOOD SKATE WIDE LEG JEANS,Good Skate Wide,42416276144211,197217793624
1487,GSKA960002-I891-12,7509327577171,SOFT TECH GOOD SKATE WIDE LEG JEANS,Good Skate Wide,42416276242515,197217793631
1488,GSKA960002-I891-14,7509327577171,SOFT TECH GOOD SKATE WIDE LEG JEANS,Good Skate Wide,42416276176979,197217793648
1489,GSKA960002-I891-15,7509327577171,SOFT TECH GOOD SKATE WIDE LEG JEANS,Good Skate Wide,42416275914835,197217793655
1490,GSKA960002-I891-16,7509327577171,SOFT TECH GOOD SKATE WIDE LEG JEANS,Good Skate Wide,42416276209747,197217793662
1491,GSKA960002-I891-18,7509327577171,SOFT TECH GOOD SKATE WIDE LEG JEANS,Good Skate Wide,42416275947603,197217793679
1492,GSKA960002-I891-20,7509327577171,SOFT TECH GOOD SKATE WIDE LEG JEANS,Good Skate Wide,42416275783763,197217793693
1493,GSKA960002-I891-22,7509327577171,SOFT TECH GOOD SKATE WIDE LEG JEANS,Good Skate Wide,42415013068883,197217793709
1494,GSKA960002-I891-24,7509327577171,SOFT TECH GOOD SKATE WIDE LEG JEANS,Good Skate Wide,42416275816531,197217793716
1495,GSKA960002-I891-26,7509327577171,SOFT TECH GOOD SKATE WIDE LEG JEANS,Good Skate Wide,42416275980371,197217793723
1496,GSKA960002-I891-28,7509327577171,SOFT TECH GOOD SKATE WIDE LEG JEANS,Good Skate Wide,42416275849299,197217793730
1497,GSKA960002-I891-30,7509327577171,SOFT TECH GOOD SKATE WIDE LEG JEANS,Good Skate Wide,42415013101651,197217793747
1498,GSKA960002-I891-32,7509327577171,SOFT TECH GOOD SKATE WIDE LEG JEANS,Good Skate Wide,42416275882067,197217793754
1681,GHRKF220BS-K390-00,7509323284563,SOFT TECH GOOD KICK FLARE JEANS,Good Kick Flare,42414960410707,197217771134
1682,GHRKF220BS-K390-0,7509323284563,SOFT TECH GOOD KICK FLARE JEANS,Good Kick Flare,42414960640083,197217771127
1683,GHRKF220BS-K390-2,7509323284563,SOFT TECH GOOD KICK FLARE JEANS,Good Kick Flare,42414960377939,197217771202
1684,GHRKF220BS-K390-4,7509323284563,SOFT TECH GOOD KICK FLARE JEANS,Good Kick Flare,42414960705619,197217771288
1685,GHRKF220BS-K390-6,7509323284563,SOFT TECH GOOD KICK FLARE JEANS,Good Kick Flare,42414960345171,197217771295
1686,GHRKF220BS-K390-8,7509323284563,SOFT TECH GOOD KICK FLARE JEANS,Good Kick Flare,42414960672851,197217771301
1687,GHRKF220BS-K390-10,7509323284563,SOFT TECH GOOD KICK FLARE JEANS,Good Kick Flare,42414960312403,197217771141
1688,GHRKF220BS-K390-12,7509323284563,SOFT TECH GOOD KICK FLARE JEANS,Good Kick Flare,42414960607315,197217771158
1689,GHRKF220BS-K390-14,7509323284563,SOFT TECH GOOD KICK FLARE JEANS,Good Kick Flare,42414960279635,197217771165
1690,GHRKF220BS-K390-15,7509323284563,SOFT TECH GOOD KICK FLARE JEANS,Good Kick Flare,42414960574547,197217771172
1691,GHRKF220BS-K390-16,7509323284563,SOFT TECH GOOD KICK FLARE JEANS,Good Kick Flare,42414960214099,197217771189
1692,GHRKF220BS-K390-18,7509323284563,SOFT TECH GOOD KICK FLARE JEANS,Good Kick Flare,42414960541779,197217771196
1693,GHRKF220BS-K390-20,7509323284563,SOFT TECH GOOD KICK FLARE JEANS,Good Kick Flare,42414960148563,197217771219
1694,GHRKF220BS-K390-22,7509323284563,SOFT TECH GOOD KICK FLARE JEANS,Good Kick Flare,42414960509011,197217771226
1695,GHRKF220BS-K390-24,7509323284563,SOFT TECH GOOD KICK FLARE JEANS,Good Kick Flare,42414960083027,197217771233
1696,GHRKF220BS-K390-26,7509323284563,SOFT TECH GOOD KICK FLARE JEANS,Good Kick Flare,42414960476243,197217771240
1697,GHRKF220BS-K390-28,7509323284563,SOFT TECH GOOD KICK FLARE JEANS,Good Kick Flare,42414960771155,197217771257
1698,GHRKF220BS-K390-30,7509323284563,SOFT TECH GOOD KICK FLARE JEANS,Good Kick Flare,42414960738387,197217771264
1699,GHRKF220BS-K390-32,7509323284563,SOFT TECH GOOD KICK FLARE JEANS,Good Kick Flare,42414960443475,197217771271
143977,GSTKFL960001-I1026-00,7558038814803,SOFT TECH GOOD KICK FLARE JEANS,Good Kick Flare,42537794633811,197217768929
143978,GSTKFL960001-I1026-0,7558038814803,SOFT TECH GOOD KICK FLARE JEANS,Good Kick Flare,42537794338899,197217768912
143979,GSTKFL960001-I1026-2,7558038814803,SOFT TECH GOOD KICK FLARE JEANS,Good Kick Flare,42537794666579,197217768998
143980,GSTKFL960001-I1026-4,7558038814803,SOFT TECH GOOD KICK FLARE JEANS,Good Kick Flare,42537794371667,197217769070
143981,GSTKFL960001-I1026-6,7558038814803,SOFT TECH GOOD KICK FLARE JEANS,Good Kick Flare,42537794175059,197217769087
143982,GSTKFL960001-I1026-8,7558038814803,SOFT TECH GOOD KICK FLARE JEANS,Good Kick Flare,42537794404435,197217769094
143983,GSTKFL960001-I1026-10,7558038814803,SOFT TECH GOOD KICK FLARE JEANS,Good Kick Flare,42537794764883,197217768936
143984,GSTKFL960001-I1026-12,7558038814803,SOFT TECH GOOD KICK FLARE JEANS,Good Kick Flare,42537794437203,197217768943
143985,GSTKFL960001-I1026-14,7558038814803,SOFT TECH GOOD KICK FLARE JEANS,Good Kick Flare,42537794240595,197217768950
143986,GSTKFL960001-I1026-15,7558038814803,SOFT TECH GOOD KICK FLARE JEANS,Good Kick Flare,42537794469971,197217768967
143987,GSTKFL960001-I1026-16,7558038814803,SOFT TECH GOOD KICK FLARE JEANS,Good Kick Flare,42537794273363,197217768974
143988,GSTKFL960001-I1026-18,7558038814803,SOFT TECH GOOD KICK FLARE JEANS,Good Kick Flare,42537794502739,197217768981
143989,GSTKFL960001-I1026-20,7558038814803,SOFT TECH GOOD KICK FLARE JEANS,Good Kick Flare,42537794306131,197217769001
143990,GSTKFL960001-I1026-22,7558038814803,SOFT TECH GOOD KICK FLARE JEANS,Good Kick Flare,42537794535507,197217769018
143991,GSTKFL960001-I1026-24,7558038814803,SOFT TECH GOOD KICK FLARE JEANS,Good Kick Flare,42537794207827,197217769025
143992,GSTKFL960001-I1026-26,7558038814803,SOFT TECH GOOD KICK FLARE JEANS,Good Kick Flare,42537794568275,197217769032
143993,GSTKFL960001-I1026-28,7558038814803,SOFT TECH GOOD KICK FLARE JEANS,Good Kick Flare,42537794699347,197217769049
143994,GSTKFL960001-I1026-30,7558038814803,SOFT TECH GOOD KICK FLARE JEANS,Good Kick Flare,42537794601043,197217769056
143995,GSTKFL960001-I1026-32,7558038814803,SOFT TECH GOOD KICK FLARE JEANS,Good Kick Flare,42537794732115,197217769063
143311,GHRKFL960001-I1068-00,7509327151187,SOFT TECH GOOD KICK FLARE JEANS,Good Kick Flare,42415008153683,197217792795
143312,GHRKFL960001-I1068-0,7509327151187,SOFT TECH GOOD KICK FLARE JEANS,Good Kick Flare,42415007760467,197217792788
143313,GHRKFL960001-I1068-2,7509327151187,SOFT TECH GOOD KICK FLARE JEANS,Good Kick Flare,42415008055379,197217792863
143314,GHRKFL960001-I1068-4,7509327151187,SOFT TECH GOOD KICK FLARE JEANS,Good Kick Flare,42415007727699,197217792948
143315,GHRKFL960001-I1068-6,7509327151187,SOFT TECH GOOD KICK FLARE JEANS,Good Kick Flare,42415008022611,197217792955
143316,GHRKFL960001-I1068-8,7509327151187,SOFT TECH GOOD KICK FLARE JEANS,Good Kick Flare,42415007694931,197217792962
143317,GHRKFL960001-I1068-10,7509327151187,SOFT TECH GOOD KICK FLARE JEANS,Good Kick Flare,42415007989843,197217792801
143318,GHRKFL960001-I1068-12,7509327151187,SOFT TECH GOOD KICK FLARE JEANS,Good Kick Flare,42415007662163,197217792818
143319,GHRKFL960001-I1068-14,7509327151187,SOFT TECH GOOD KICK FLARE JEANS,Good Kick Flare,42415007957075,197217792825
143320,GHRKFL960001-I1068-15,7509327151187,SOFT TECH GOOD KICK FLARE JEANS,Good Kick Flare,42415007629395,197217792832
143321,GHRKFL960001-I1068-16,7509327151187,SOFT TECH GOOD KICK FLARE JEANS,Good Kick Flare,42415007924307,197217792849
143322,GHRKFL960001-I1068-18,7509327151187,SOFT TECH GOOD KICK FLARE JEANS,Good Kick Flare,42415007596627,197217792856
143323,GHRKFL960001-I1068-20,7509327151187,SOFT TECH GOOD KICK FLARE JEANS,Good Kick Flare,42415007891539,197217792870
143324,GHRKFL960001-I1068-22,7509327151187,SOFT TECH GOOD KICK FLARE JEANS,Good Kick Flare,42415008186451,197217792887
143325,GHRKFL960001-I1068-24,7509327151187,SOFT TECH GOOD KICK FLARE JEANS,Good Kick Flare,42415007858771,197217792894
143326,GHRKFL960001-I1068-26,7509327151187,SOFT TECH GOOD KICK FLARE JEANS,Good Kick Flare,42415008088147,197217792900
143327,GHRKFL960001-I1068-28,7509327151187,SOFT TECH GOOD KICK FLARE JEANS,Good Kick Flare,42415007826003,197217792917
143328,GHRKFL960001-I1068-30,7509327151187,SOFT TECH GOOD KICK FLARE JEANS,Good Kick Flare,42415008120915,197217792924
143329,GHRKFL960001-I1068-32,7509327151187,SOFT TECH GOOD KICK FLARE JEANS,Good Kick Flare,42415007793235,197217792931
830,GNST960BT-K343-00,7509325086803,SOFT TECH GOOD TRUE STRAIGHT JEANS,Good True Straight,42414983250003,197217792177
831,GNST960BT-K343-0,7509325086803,SOFT TECH GOOD TRUE STRAIGHT JEANS,Good True Straight,42414982824019,197217792160
832,GNST960BT-K343-2,7509325086803,SOFT TECH GOOD TRUE STRAIGHT JEANS,Good True Straight,42414983217235,197217792245
833,GNST960BT-K343-4,7509325086803,SOFT TECH GOOD TRUE STRAIGHT JEANS,Good True Straight,42414982856787,197217792320
834,GNST960BT-K343-6,7509325086803,SOFT TECH GOOD TRUE STRAIGHT JEANS,Good True Straight,42414983184467,197217792337
835,GNST960BT-K343-8,7509325086803,SOFT TECH GOOD TRUE STRAIGHT JEANS,Good True Straight,42414982889555,197217792344
836,GNST960BT-K343-10,7509325086803,SOFT TECH GOOD TRUE STRAIGHT JEANS,Good True Straight,42414983151699,197217792184
837,GNST960BT-K343-12,7509325086803,SOFT TECH GOOD TRUE STRAIGHT JEANS,Good True Straight,42414982922323,197217792191
838,GNST960BT-K343-14,7509325086803,SOFT TECH GOOD TRUE STRAIGHT JEANS,Good True Straight,42414982758483,197217792207
839,GNST960BT-K343-15,7509325086803,SOFT TECH GOOD TRUE STRAIGHT JEANS,Good True Straight,42414982955091,197217792214
840,GNST960BT-K343-16,7509325086803,SOFT TECH GOOD TRUE STRAIGHT JEANS,Good True Straight,42414982725715,197217792221
841,GNST960BT-K343-18,7509325086803,SOFT TECH GOOD TRUE STRAIGHT JEANS,Good True Straight,42414982987859,197217792238
842,GNST960BT-K343-20,7509325086803,SOFT TECH GOOD TRUE STRAIGHT JEANS,Good True Straight,42414983118931,197217792252
843,GNST960BT-K343-22,7509325086803,SOFT TECH GOOD TRUE STRAIGHT JEANS,Good True Straight,42414983020627,197217792269
844,GNST960BT-K343-24,7509325086803,SOFT TECH GOOD TRUE STRAIGHT JEANS,Good True Straight,42414982791251,197217792276
845,GNST960BT-K343-26,7509325086803,SOFT TECH GOOD TRUE STRAIGHT JEANS,Good True Straight,42414983053395,197217792283
846,GNST960BT-K343-28,7509325086803,SOFT TECH GOOD TRUE STRAIGHT JEANS,Good True Straight,42414983315539,197217792290
847,GNST960BT-K343-30,7509325086803,SOFT TECH GOOD TRUE STRAIGHT JEANS,Good True Straight,42414983086163,197217792306
848,GNST960BT-K343-32,7509325086803,SOFT TECH GOOD TRUE STRAIGHT JEANS,Good True Straight,42414983282771,197217792313
591,GNST960T-I572-00,7509325283411,SOFT TECH GOOD TRUE STRAIGHT JEANS,Good True Straight,42414985478227,197217792559
592,GNST960T-I572-0,7509325283411,SOFT TECH GOOD TRUE STRAIGHT JEANS,Good True Straight,42414985412691,197217792542
593,GNST960T-I572-2,7509325283411,SOFT TECH GOOD TRUE STRAIGHT JEANS,Good True Straight,42414985183315,197217792627
594,GNST960T-I572-4,7509325283411,SOFT TECH GOOD TRUE STRAIGHT JEANS,Good True Straight,42414985379923,197217792702
595,GNST960T-I572-6,7509325283411,SOFT TECH GOOD TRUE STRAIGHT JEANS,Good True Straight,42414985216083,197217792719
596,GNST960T-I572-8,7509325283411,SOFT TECH GOOD TRUE STRAIGHT JEANS,Good True Straight,42414985347155,197217792726
597,GNST960T-I572-10,7509325283411,SOFT TECH GOOD TRUE STRAIGHT JEANS,Good True Straight,42414985248851,197217792566
598,GNST960T-I572-12,7509325283411,SOFT TECH GOOD TRUE STRAIGHT JEANS,Good True Straight,42414985314387,197217792573
599,GNST960T-I572-14,7509325283411,SOFT TECH GOOD TRUE STRAIGHT JEANS,Good True Straight,42414985576531,197217792580
600,GNST960T-I572-15,7509325283411,SOFT TECH GOOD TRUE STRAIGHT JEANS,Good True Straight,42414985281619,197217792597
601,GNST960T-I572-16,7509325283411,SOFT TECH GOOD TRUE STRAIGHT JEANS,Good True Straight,42414984986707,197217792603
602,GNST960T-I572-18,7509325283411,SOFT TECH GOOD TRUE STRAIGHT JEANS,Good True Straight,42414985150547,197217792610
603,GNST960T-I572-20,7509325283411,SOFT TECH GOOD TRUE STRAIGHT JEANS,Good True Straight,42414985019475,197217792634
604,GNST960T-I572-22,7509325283411,SOFT TECH GOOD TRUE STRAIGHT JEANS,Good True Straight,42414985117779,197217792641
605,GNST960T-I572-24,7509325283411,SOFT TECH GOOD TRUE STRAIGHT JEANS,Good True Straight,42414985510995,197217792658
606,GNST960T-I572-26,7509325283411,SOFT TECH GOOD TRUE STRAIGHT JEANS,Good True Straight,42414985085011,197217792665
607,GNST960T-I572-28,7509325283411,SOFT TECH GOOD TRUE STRAIGHT JEANS,Good True Straight,42414985543763,197217792672
608,GNST960T-I572-30,7509325283411,SOFT TECH GOOD TRUE STRAIGHT JEANS,Good True Straight,42414985052243,197217792689
609,GNST960T-I572-32,7509325283411,SOFT TECH GOOD TRUE STRAIGHT JEANS,Good True Straight,42414985445459,197217792696
1031,GNST960001-I1073-00,7558038978643,SOFT TECH GOOD TRUE STRAIGHT JEANS,Good True Straight,42537797582931,197217802463
1032,GNST960001-I1073-0,7558038978643,SOFT TECH GOOD TRUE STRAIGHT JEANS,Good True Straight,42537797058643,197217802456
1033,GNST960001-I1073-2,7558038978643,SOFT TECH GOOD TRUE STRAIGHT JEANS,Good True Straight,42537797550163,197217802531
1034,GNST960001-I1073-4,7558038978643,SOFT TECH GOOD TRUE STRAIGHT JEANS,Good True Straight,42537797255251,197217802616
1035,GNST960001-I1073-6,7558038978643,SOFT TECH GOOD TRUE STRAIGHT JEANS,Good True Straight,42537797484627,197217802623
1036,GNST960001-I1073-8,7558038978643,SOFT TECH GOOD TRUE STRAIGHT JEANS,Good True Straight,42537797189715,197217802630
1037,GNST960001-I1073-10,7558038978643,SOFT TECH GOOD TRUE STRAIGHT JEANS,Good True Straight,42537797419091,197217802470
1038,GNST960001-I1073-12,7558038978643,SOFT TECH GOOD TRUE STRAIGHT JEANS,Good True Straight,42537797025875,197217802487
1039,GNST960001-I1073-14,7558038978643,SOFT TECH GOOD TRUE STRAIGHT JEANS,Good True Straight,42537797353555,197217802494
1040,GNST960001-I1073-15,7558038978643,SOFT TECH GOOD TRUE STRAIGHT JEANS,Good True Straight,42537797320787,197217802500
1041,GNST960001-I1073-16,7558038978643,SOFT TECH GOOD TRUE STRAIGHT JEANS,Good True Straight,42537797288019,197217802517
1042,GNST960001-I1073-18,7558038978643,SOFT TECH GOOD TRUE STRAIGHT JEANS,Good True Straight,42537797386323,197217802524
1043,GNST960001-I1073-20,7558038978643,SOFT TECH GOOD TRUE STRAIGHT JEANS,Good True Straight,42537797222483,197217802548
1044,GNST960001-I1073-22,7558038978643,SOFT TECH GOOD TRUE STRAIGHT JEANS,Good True Straight,42537797451859,197217802555
1045,GNST960001-I1073-24,7558038978643,SOFT TECH GOOD TRUE STRAIGHT JEANS,Good True Straight,42537797156947,197217802562
1046,GNST960001-I1073-26,7558038978643,SOFT TECH GOOD TRUE STRAIGHT JEANS,Good True Straight,42537797517395,197217802579
1047,GNST960001-I1073-28,7558038978643,SOFT TECH GOOD TRUE STRAIGHT JEANS,Good True Straight,42537797124179,197217802586
1048,GNST960001-I1073-30,7558038978643,SOFT TECH GOOD TRUE STRAIGHT JEANS,Good True Straight,42537796993107,197217802593
1049,GNST960001-I1073-32,7558038978643,SOFT TECH GOOD TRUE STRAIGHT JEANS,Good True Straight,42537797091411,197217802609
155578,GWPCAD10-I1281-00,7655715668051,SOFT TECH GOOD WAIST PALAZZO ANKLE JEANS,Good Waist Palazzo Ankle,42921561227347,197217952243
155579,GWPCAD10-I1281-0,7655715668051,SOFT TECH GOOD WAIST PALAZZO ANKLE JEANS,Good Waist Palazzo Ankle,42921560932435,197217952236
155580,GWPCAD10-I1281-2,7655715668051,SOFT TECH GOOD WAIST PALAZZO ANKLE JEANS,Good Waist Palazzo Ankle,42921561260115,197217952311
155581,GWPCAD10-I1281-4,7655715668051,SOFT TECH GOOD WAIST PALAZZO ANKLE JEANS,Good Waist Palazzo Ankle,42921560899667,197217952397
155582,GWPCAD10-I1281-6,7655715668051,SOFT TECH GOOD WAIST PALAZZO ANKLE JEANS,Good Waist Palazzo Ankle,42921561194579,197217952403
155583,GWPCAD10-I1281-8,7655715668051,SOFT TECH GOOD WAIST PALAZZO ANKLE JEANS,Good Waist Palazzo Ankle,42921560866899,197217952410
155584,GWPCAD10-I1281-10,7655715668051,SOFT TECH GOOD WAIST PALAZZO ANKLE JEANS,Good Waist Palazzo Ankle,42921561161811,197217952250
155585,GWPCAD10-I1281-12,7655715668051,SOFT TECH GOOD WAIST PALAZZO ANKLE JEANS,Good Waist Palazzo Ankle,42921560834131,197217952267
155586,GWPCAD10-I1281-14,7655715668051,SOFT TECH GOOD WAIST PALAZZO ANKLE JEANS,Good Waist Palazzo Ankle,42921561129043,197217952274
155587,GWPCAD10-I1281-15,7655715668051,SOFT TECH GOOD WAIST PALAZZO ANKLE JEANS,Good Waist Palazzo Ankle,42921560801363,197217952281
155588,GWPCAD10-I1281-16,7655715668051,SOFT TECH GOOD WAIST PALAZZO ANKLE JEANS,Good Waist Palazzo Ankle,42921561096275,197217952298
155589,GWPCAD10-I1281-18,7655715668051,SOFT TECH GOOD WAIST PALAZZO ANKLE JEANS,Good Waist Palazzo Ankle,42921560768595,197217952304
155590,GWPCAD10-I1281-20,7655715668051,SOFT TECH GOOD WAIST PALAZZO ANKLE JEANS,Good Waist Palazzo Ankle,42921561063507,197217952328
155591,GWPCAD10-I1281-22,7655715668051,SOFT TECH GOOD WAIST PALAZZO ANKLE JEANS,Good Waist Palazzo Ankle,42921561358419,197217952335
155592,GWPCAD10-I1281-24,7655715668051,SOFT TECH GOOD WAIST PALAZZO ANKLE JEANS,Good Waist Palazzo Ankle,42921561030739,197217952342
155593,GWPCAD10-I1281-26,7655715668051,SOFT TECH GOOD WAIST PALAZZO ANKLE JEANS,Good Waist Palazzo Ankle,42921561325651,197217952359
155594,GWPCAD10-I1281-28,7655715668051,SOFT TECH GOOD WAIST PALAZZO ANKLE JEANS,Good Waist Palazzo Ankle,42921560997971,197217952366
155595,GWPCAD10-I1281-30,7655715668051,SOFT TECH GOOD WAIST PALAZZO ANKLE JEANS,Good Waist Palazzo Ankle,42921561292883,197217952373
155596,GWPCAD10-I1281-32,7655715668051,SOFT TECH GOOD WAIST PALAZZO ANKLE JEANS,Good Waist Palazzo Ankle,42921560965203,197217952380
153423,GWPCRD10-I1213-00,7652520394835,SOFT TECH GOOD WAIST PALAZZO CROPPED JEANS,Good Waist Palazzo Crop,42904393121875,197217944606
153424,GWPCRD10-I1213-0,7652520394835,SOFT TECH GOOD WAIST PALAZZO CROPPED JEANS,Good Waist Palazzo Crop,42904393449555,197217944590
153425,GWPCRD10-I1213-2,7652520394835,SOFT TECH GOOD WAIST PALAZZO CROPPED JEANS,Good Waist Palazzo Crop,42904393154643,197217944675
153426,GWPCRD10-I1213-4,7652520394835,SOFT TECH GOOD WAIST PALAZZO CROPPED JEANS,Good Waist Palazzo Crop,42904393482323,197217944750
153427,GWPCRD10-I1213-6,7652520394835,SOFT TECH GOOD WAIST PALAZZO CROPPED JEANS,Good Waist Palazzo Crop,42904393187411,197217944767
153428,GWPCRD10-I1213-8,7652520394835,SOFT TECH GOOD WAIST PALAZZO CROPPED JEANS,Good Waist Palazzo Crop,42904392892499,197217944774
153429,GWPCRD10-I1213-10,7652520394835,SOFT TECH GOOD WAIST PALAZZO CROPPED JEANS,Good Waist Palazzo Crop,42904393220179,197217944613
153430,GWPCRD10-I1213-12,7652520394835,SOFT TECH GOOD WAIST PALAZZO CROPPED JEANS,Good Waist Palazzo Crop,42904392925267,197217944620
153431,GWPCRD10-I1213-14,7652520394835,SOFT TECH GOOD WAIST PALAZZO CROPPED JEANS,Good Waist Palazzo Crop,42904393252947,197217944637
153432,GWPCRD10-I1213-15,7652520394835,SOFT TECH GOOD WAIST PALAZZO CROPPED JEANS,Good Waist Palazzo Crop,42904392958035,197217944644
153433,GWPCRD10-I1213-16,7652520394835,SOFT TECH GOOD WAIST PALAZZO CROPPED JEANS,Good Waist Palazzo Crop,42904393285715,197217944651
153434,GWPCRD10-I1213-18,7652520394835,SOFT TECH GOOD WAIST PALAZZO CROPPED JEANS,Good Waist Palazzo Crop,42904392990803,197217944668
153435,GWPCRD10-I1213-20,7652520394835,SOFT TECH GOOD WAIST PALAZZO CROPPED JEANS,Good Waist Palazzo Crop,42904393318483,197217944682
153436,GWPCRD10-I1213-22,7652520394835,SOFT TECH GOOD WAIST PALAZZO CROPPED JEANS,Good Waist Palazzo Crop,42904393023571,197217944699
153437,GWPCRD10-I1213-24,7652520394835,SOFT TECH GOOD WAIST PALAZZO CROPPED JEANS,Good Waist Palazzo Crop,42904393351251,197217944705
153438,GWPCRD10-I1213-26,7652520394835,SOFT TECH GOOD WAIST PALAZZO CROPPED JEANS,Good Waist Palazzo Crop,42904393056339,197217944712
153439,GWPCRD10-I1213-28,7652520394835,SOFT TECH GOOD WAIST PALAZZO CROPPED JEANS,Good Waist Palazzo Crop,42904393384019,197217944729
153440,GWPCRD10-I1213-30,7652520394835,SOFT TECH GOOD WAIST PALAZZO CROPPED JEANS,Good Waist Palazzo Crop,42904393089107,197217944736
153441,GWPCRD10-I1213-32,7652520394835,SOFT TECH GOOD WAIST PALAZZO CROPPED JEANS,Good Waist Palazzo Crop,42904393416787,197217944743
154671,GWPC960T-I1225-00,7652497981523,SOFT TECH GOOD WAIST PALAZZO CROPPED JEANS,Good Waist Palazzo Crop,42904151294035,197217900169
154672,GWPC960T-I1225-0,7652497981523,SOFT TECH GOOD WAIST PALAZZO CROPPED JEANS,Good Waist Palazzo Crop,42904151621715,197217900152
154673,GWPC960T-I1225-2,7652497981523,SOFT TECH GOOD WAIST PALAZZO CROPPED JEANS,Good Waist Palazzo Crop,42904151326803,197217900237
154674,GWPC960T-I1225-4,7652497981523,SOFT TECH GOOD WAIST PALAZZO CROPPED JEANS,Good Waist Palazzo Crop,42904151261267,197217900312
154675,GWPC960T-I1225-6,7652497981523,SOFT TECH GOOD WAIST PALAZZO CROPPED JEANS,Good Waist Palazzo Crop,42904151228499,197217900329
154676,GWPC960T-I1225-8,7652497981523,SOFT TECH GOOD WAIST PALAZZO CROPPED JEANS,Good Waist Palazzo Crop,42904151523411,197217900336
154677,GWPC960T-I1225-10,7652497981523,SOFT TECH GOOD WAIST PALAZZO CROPPED JEANS,Good Waist Palazzo Crop,42904151490643,197217900176
154678,GWPC960T-I1225-12,7652497981523,SOFT TECH GOOD WAIST PALAZZO CROPPED JEANS,Good Waist Palazzo Crop,42904151457875,197217900183
154679,GWPC960T-I1225-14,7652497981523,SOFT TECH GOOD WAIST PALAZZO CROPPED JEANS,Good Waist Palazzo Crop,42904151425107,197217900190
154680,GWPC960T-I1225-15,7652497981523,SOFT TECH GOOD WAIST PALAZZO CROPPED JEANS,Good Waist Palazzo Crop,42904151392339,197217900206
154681,GWPC960T-I1225-16,7652497981523,SOFT TECH GOOD WAIST PALAZZO CROPPED JEANS,Good Waist Palazzo Crop,42904151359571,197217900213
154682,GWPC960T-I1225-18,7652497981523,SOFT TECH GOOD WAIST PALAZZO CROPPED JEANS,Good Waist Palazzo Crop,42904151162963,197217900220
154683,GWPC960T-I1225-20,7652497981523,SOFT TECH GOOD WAIST PALAZZO CROPPED JEANS,Good Waist Palazzo Crop,42904151195731,197217900244
154684,GWPC960T-I1225-22,7652497981523,SOFT TECH GOOD WAIST PALAZZO CROPPED JEANS,Good Waist Palazzo Crop,42904151588947,197217900251
154685,GWPC960T-I1225-24,7652497981523,SOFT TECH GOOD WAIST PALAZZO CROPPED JEANS,Good Waist Palazzo Crop,42904151097427,197217900268
154686,GWPC960T-I1225-26,7652497981523,SOFT TECH GOOD WAIST PALAZZO CROPPED JEANS,Good Waist Palazzo Crop,42904151130195,197217900275
154687,GWPC960T-I1225-28,7652497981523,SOFT TECH GOOD WAIST PALAZZO CROPPED JEANS,Good Waist Palazzo Crop,42904151654483,197217900282
154688,GWPC960T-I1225-30,7652497981523,SOFT TECH GOOD WAIST PALAZZO CROPPED JEANS,Good Waist Palazzo Crop,42904151687251,197217900299
154689,GWPC960T-I1225-32,7652497981523,SOFT TECH GOOD WAIST PALAZZO CROPPED JEANS,Good Waist Palazzo Crop,42904151556179,197217900305
1906,GWPCD10T-I977-00,7509598404691,SOFT TECH GOOD WAIST PALAZZO CROPPED JEANS,Good Waist Palazzo Crop,42416120856659,197217770694
1907,GWPCD10T-I977-0,7509598404691,SOFT TECH GOOD WAIST PALAZZO CROPPED JEANS,Good Waist Palazzo Crop,42416120627283,197217770687
1908,GWPCD10T-I977-2,7509598404691,SOFT TECH GOOD WAIST PALAZZO CROPPED JEANS,Good Waist Palazzo Crop,42416120823891,197217770793
1909,GWPCD10T-I977-4,7509598404691,SOFT TECH GOOD WAIST PALAZZO CROPPED JEANS,Good Waist Palazzo Crop,42416120660051,197217770885
1910,GWPCD10T-I977-6,7509598404691,SOFT TECH GOOD WAIST PALAZZO CROPPED JEANS,Good Waist Palazzo Crop,42416120365139,197217770908
1911,GWPCD10T-I977-8,7509598404691,SOFT TECH GOOD WAIST PALAZZO CROPPED JEANS,Good Waist Palazzo Crop,42416120692819,197217770922
1912,GWPCD10T-I977-10,7509598404691,SOFT TECH GOOD WAIST PALAZZO CROPPED JEANS,Good Waist Palazzo Crop,42416120397907,197217770717
1913,GWPCD10T-I977-12,7509598404691,SOFT TECH GOOD WAIST PALAZZO CROPPED JEANS,Good Waist Palazzo Crop,42416120070227,197217770731
1914,GWPCD10T-I977-14,7509598404691,SOFT TECH GOOD WAIST PALAZZO CROPPED JEANS,Good Waist Palazzo Crop,42416120430675,197217770755
1915,GWPCD10T-I977-15,7509598404691,SOFT TECH GOOD WAIST PALAZZO CROPPED JEANS,Good Waist Palazzo Crop,42416120102995,197217770762
1916,GWPCD10T-I977-16,7509598404691,SOFT TECH GOOD WAIST PALAZZO CROPPED JEANS,Good Waist Palazzo Crop,42416120463443,197217770779
1917,GWPCD10T-I977-18,7509598404691,SOFT TECH GOOD WAIST PALAZZO CROPPED JEANS,Good Waist Palazzo Crop,42416120135763,197217770786
1918,GWPCD10T-I977-20,7509598404691,SOFT TECH GOOD WAIST PALAZZO CROPPED JEANS,Good Waist Palazzo Crop,42416120496211,197217770809
1919,GWPCD10T-I977-22,7509598404691,SOFT TECH GOOD WAIST PALAZZO CROPPED JEANS,Good Waist Palazzo Crop,42416120168531,197217770816
1920,GWPCD10T-I977-24,7509598404691,SOFT TECH GOOD WAIST PALAZZO CROPPED JEANS,Good Waist Palazzo Crop,42416120528979,197217770823
1921,GWPCD10T-I977-26,7509598404691,SOFT TECH GOOD WAIST PALAZZO CROPPED JEANS,Good Waist Palazzo Crop,42416120201299,197217770830
1922,GWPCD10T-I977-28,7509598404691,SOFT TECH GOOD WAIST PALAZZO CROPPED JEANS,Good Waist Palazzo Crop,42416120561747,197217770847
1923,GWPCD10T-I977-30,7509598404691,SOFT TECH GOOD WAIST PALAZZO CROPPED JEANS,Good Waist Palazzo Crop,42416120234067,197217770854
1924,GWPCD10T-I977-32,7509598404691,SOFT TECH GOOD WAIST PALAZZO CROPPED JEANS,Good Waist Palazzo Crop,42416120725587,197217770861
634,GWP960BT-K391-00,7509598371923,SOFT TECH GOOD WAIST PALAZZO JEANS,Good Waist Palazzo,42416119873619,197217770441
635,GWP960BT-K391-0,7509598371923,SOFT TECH GOOD WAIST PALAZZO JEANS,Good Waist Palazzo,42416119414867,197217770434
636,GWP960BT-K391-2,7509598371923,SOFT TECH GOOD WAIST PALAZZO JEANS,Good Waist Palazzo,42416119906387,197217770540
637,GWP960BT-K391-4,7509598371923,SOFT TECH GOOD WAIST PALAZZO JEANS,Good Waist Palazzo,42416119447635,197217770632
638,GWP960BT-K391-6,7509598371923,SOFT TECH GOOD WAIST PALAZZO JEANS,Good Waist Palazzo,42416119939155,197217770656
639,GWP960BT-K391-8,7509598371923,SOFT TECH GOOD WAIST PALAZZO JEANS,Good Waist Palazzo,42416119480403,197217770670
640,GWP960BT-K391-10,7509598371923,SOFT TECH GOOD WAIST PALAZZO JEANS,Good Waist Palazzo,42955620155475,197217770465
641,GWP960BT-K391-12,7509598371923,SOFT TECH GOOD WAIST PALAZZO JEANS,Good Waist Palazzo,42416119513171,197217770489
642,GWP960BT-K391-14,7509598371923,SOFT TECH GOOD WAIST PALAZZO JEANS,Good Waist Palazzo,42416120004691,197217770502
643,GWP960BT-K391-15,7509598371923,SOFT TECH GOOD WAIST PALAZZO JEANS,Good Waist Palazzo,42416119545939,197217770519
644,GWP960BT-K391-16,7509598371923,SOFT TECH GOOD WAIST PALAZZO JEANS,Good Waist Palazzo,42416120037459,197217770526
645,GWP960BT-K391-18,7509598371923,SOFT TECH GOOD WAIST PALAZZO JEANS,Good Waist Palazzo,42416119578707,197217770533
646,GWP960BT-K391-20,7509598371923,SOFT TECH GOOD WAIST PALAZZO JEANS,Good Waist Palazzo,42416119251027,197217770557
647,GWP960BT-K391-22,7509598371923,SOFT TECH GOOD WAIST PALAZZO JEANS,Good Waist Palazzo,42416119611475,197217770564
648,GWP960BT-K391-24,7509598371923,SOFT TECH GOOD WAIST PALAZZO JEANS,Good Waist Palazzo,42416119283795,197217770571
649,GWP960BT-K391-26,7509598371923,SOFT TECH GOOD WAIST PALAZZO JEANS,Good Waist Palazzo,42416119644243,197217770588
650,GWP960BT-K391-28,7509598371923,SOFT TECH GOOD WAIST PALAZZO JEANS,Good Waist Palazzo,42416119316563,197217770595
651,GWP960BT-K391-30,7509598371923,SOFT TECH GOOD WAIST PALAZZO JEANS,Good Waist Palazzo,42416119677011,197217770601
652,GWP960BT-K391-32,7509598371923,SOFT TECH GOOD WAIST PALAZZO JEANS,Good Waist Palazzo,42416119349331,197217770618
653,GWP960BT-K391-26-12,7509598371923,SOFT TECH GOOD WAIST PALAZZO JEANS,Good Waist Palazzo,42416119000001,197217770000
155597,GWPPP960T-I1129-00,7660554420307,SOFT TECH GOOD WAIST PALAZZO JEANS,Good Waist Palazzo,42946559672403,197217962426
155598,GWPPP960T-I1129-0,7660554420307,SOFT TECH GOOD WAIST PALAZZO JEANS,Good Waist Palazzo,42946559377491,197217962419
155599,GWPPP960T-I1129-2,7660554420307,SOFT TECH GOOD WAIST PALAZZO JEANS,Good Waist Palazzo,42946559705171,197217962495
155600,GWPPP960T-I1129-4,7660554420307,SOFT TECH GOOD WAIST PALAZZO JEANS,Good Waist Palazzo,42946559410259,197217962570
155601,GWPPP960T-I1129-6,7660554420307,SOFT TECH GOOD WAIST PALAZZO JEANS,Good Waist Palazzo,42946559737939,197217962587
155602,GWPPP960T-I1129-8,7660554420307,SOFT TECH GOOD WAIST PALAZZO JEANS,Good Waist Palazzo,42946559443027,197217962594
155603,GWPPP960T-I1129-10,7660554420307,SOFT TECH GOOD WAIST PALAZZO JEANS,Good Waist Palazzo,42946559770707,197217962433
155604,GWPPP960T-I1129-12,7660554420307,SOFT TECH GOOD WAIST PALAZZO JEANS,Good Waist Palazzo,42946559475795,197217962440
155605,GWPPP960T-I1129-14,7660554420307,SOFT TECH GOOD WAIST PALAZZO JEANS,Good Waist Palazzo,42946559803475,197217962457
155606,GWPPP960T-I1129-15,7660554420307,SOFT TECH GOOD WAIST PALAZZO JEANS,Good Waist Palazzo,42946559508563,197217962464
155607,GWPPP960T-I1129-16,7660554420307,SOFT TECH GOOD WAIST PALAZZO JEANS,Good Waist Palazzo,42946559836243,197217962471
155608,GWPPP960T-I1129-18,7660554420307,SOFT TECH GOOD WAIST PALAZZO JEANS,Good Waist Palazzo,42946559541331,197217962488
155609,GWPPP960T-I1129-20,7660554420307,SOFT TECH GOOD WAIST PALAZZO JEANS,Good Waist Palazzo,42946559869011,197217962501
155610,GWPPP960T-I1129-22,7660554420307,SOFT TECH GOOD WAIST PALAZZO JEANS,Good Waist Palazzo,42946559574099,197217962518
155611,GWPPP960T-I1129-24,7660554420307,SOFT TECH GOOD WAIST PALAZZO JEANS,Good Waist Palazzo,42946559901779,197217962525
155612,GWPPP960T-I1129-26,7660554420307,SOFT TECH GOOD WAIST PALAZZO JEANS,Good Waist Palazzo,42946559606867,197217962532
155613,GWPPP960T-I1129-28,7660554420307,SOFT TECH GOOD WAIST PALAZZO JEANS,Good Waist Palazzo,42946559934547,197217962549
155614,GWPPP960T-I1129-30,7660554420307,SOFT TECH GOOD WAIST PALAZZO JEANS,Good Waist Palazzo,42946559639635,197217962556
155615,GWPPP960T-I1129-32,7660554420307,SOFT TECH GOOD WAIST PALAZZO JEANS,Good Waist Palazzo,42946559967315,197217962563
153995,GWPPP960T-I511-00,7654171050067,SOFT TECH GOOD WAIST PALAZZO JEANS,Good Waist Palazzo,42912286212179,197217950911
153996,GWPPP960T-I511-0,7654171050067,SOFT TECH GOOD WAIST PALAZZO JEANS,Good Waist Palazzo,42912285884499,197217950904
153997,GWPPP960T-I511-2,7654171050067,SOFT TECH GOOD WAIST PALAZZO JEANS,Good Waist Palazzo,42912286244947,197217950980
153998,GWPPP960T-I511-4,7654171050067,SOFT TECH GOOD WAIST PALAZZO JEANS,Good Waist Palazzo,42912286474323,197217951062
153999,GWPPP960T-I511-6,7654171050067,SOFT TECH GOOD WAIST PALAZZO JEANS,Good Waist Palazzo,42912286146643,197217951079
154000,GWPPP960T-I511-8,7654171050067,SOFT TECH GOOD WAIST PALAZZO JEANS,Good Waist Palazzo,42912286441555,197217951086
154001,GWPPP960T-I511-10,7654171050067,SOFT TECH GOOD WAIST PALAZZO JEANS,Good Waist Palazzo,42912286113875,197217950928
154002,GWPPP960T-I511-12,7654171050067,SOFT TECH GOOD WAIST PALAZZO JEANS,Good Waist Palazzo,42912286408787,197217950935
154003,GWPPP960T-I511-14,7654171050067,SOFT TECH GOOD WAIST PALAZZO JEANS,Good Waist Palazzo,42912286081107,197217950942
154004,GWPPP960T-I511-15,7654171050067,SOFT TECH GOOD WAIST PALAZZO JEANS,Good Waist Palazzo,42912286376019,197217950959
154005,GWPPP960T-I511-16,7654171050067,SOFT TECH GOOD WAIST PALAZZO JEANS,Good Waist Palazzo,42912286048339,197217950966
154006,GWPPP960T-I511-18,7654171050067,SOFT TECH GOOD WAIST PALAZZO JEANS,Good Waist Palazzo,42912286343251,197217950973
154007,GWPPP960T-I511-20,7654171050067,SOFT TECH GOOD WAIST PALAZZO JEANS,Good Waist Palazzo,42912286015571,197217950997
154008,GWPPP960T-I511-22,7654171050067,SOFT TECH GOOD WAIST PALAZZO JEANS,Good Waist Palazzo,42912286310483,197217951000
154009,GWPPP960T-I511-24,7654171050067,SOFT TECH GOOD WAIST PALAZZO JEANS,Good Waist Palazzo,42912285982803,197217951017
154010,GWPPP960T-I511-26,7654171050067,SOFT TECH GOOD WAIST PALAZZO JEANS,Good Waist Palazzo,42912286277715,197217951024
154011,GWPPP960T-I511-28,7654171050067,SOFT TECH GOOD WAIST PALAZZO JEANS,Good Waist Palazzo,42912285950035,197217951031
154012,GWPPP960T-I511-30,7654171050067,SOFT TECH GOOD WAIST PALAZZO JEANS,Good Waist Palazzo,42912286179411,197217951048
154013,GWPPP960T-I511-32,7654171050067,SOFT TECH GOOD WAIST PALAZZO JEANS,Good Waist Palazzo,42912285917267,197217951055
546,GWPTIN960T-I986-00,7509330133075,SOFT TECH GOOD WAIST PALAZZO JEANS,Good Waist Palazzo,42416277258323,197217773473
547,GWPTIN960T-I986-0,7509330133075,SOFT TECH GOOD WAIST PALAZZO JEANS,Good Waist Palazzo,42415041937491,197217773466
548,GWPTIN960T-I986-2,7509330133075,SOFT TECH GOOD WAIST PALAZZO JEANS,Good Waist Palazzo,42416277323859,197217773572
549,GWPTIN960T-I986-4,7509330133075,SOFT TECH GOOD WAIST PALAZZO JEANS,Good Waist Palazzo,42415041904723,197217773664
550,GWPTIN960T-I986-6,7509330133075,SOFT TECH GOOD WAIST PALAZZO JEANS,Good Waist Palazzo,42416277028947,197217773688
551,GWPTIN960T-I986-8,7509330133075,SOFT TECH GOOD WAIST PALAZZO JEANS,Good Waist Palazzo,42416277422163,197217773701
552,GWPTIN960T-I986-10,7509330133075,SOFT TECH GOOD WAIST PALAZZO JEANS,Good Waist Palazzo,42416277061715,197217773497
553,GWPTIN960T-I986-12,7509330133075,SOFT TECH GOOD WAIST PALAZZO JEANS,Good Waist Palazzo,42416277094483,197217773510
554,GWPTIN960T-I986-14,7509330133075,SOFT TECH GOOD WAIST PALAZZO JEANS,Good Waist Palazzo,42416277454931,197217773534
555,GWPTIN960T-I986-15,7509330133075,SOFT TECH GOOD WAIST PALAZZO JEANS,Good Waist Palazzo,42416277389395,197217773541
556,GWPTIN960T-I986-16,7509330133075,SOFT TECH GOOD WAIST PALAZZO JEANS,Good Waist Palazzo,42416277487699,197217773558
557,GWPTIN960T-I986-18,7509330133075,SOFT TECH GOOD WAIST PALAZZO JEANS,Good Waist Palazzo,42416277356627,197217773565
558,GWPTIN960T-I986-20,7509330133075,SOFT TECH GOOD WAIST PALAZZO JEANS,Good Waist Palazzo,42416277291091,197217773589
559,GWPTIN960T-I986-22,7509330133075,SOFT TECH GOOD WAIST PALAZZO JEANS,Good Waist Palazzo,42416277520467,197217773596
560,GWPTIN960T-I986-24,7509330133075,SOFT TECH GOOD WAIST PALAZZO JEANS,Good Waist Palazzo,42416277192787,197217773602
561,GWPTIN960T-I986-26,7509330133075,SOFT TECH GOOD WAIST PALAZZO JEANS,Good Waist Palazzo,42416277127251,197217773619
562,GWPTIN960T-I986-28,7509330133075,SOFT TECH GOOD WAIST PALAZZO JEANS,Good Waist Palazzo,42416277225555,197217773626
563,GWPTIN960T-I986-30,7509330133075,SOFT TECH GOOD WAIST PALAZZO JEANS,Good Waist Palazzo,42416277160019,197217773633
564,GWPTIN960T-I986-32,7509330133075,SOFT TECH GOOD WAIST PALAZZO JEANS,Good Waist Palazzo,42415041806419,197217773640
565,GWPTIN960T-I986-26-6,7509330133075,SOFT TECH GOOD WAIST PALAZZO JEANS,Good Waist Palazzo,42416277000002,197217770041
566,GWPTIN960T-I986-26-10,7509330133075,SOFT TECH GOOD WAIST PALAZZO JEANS,Good Waist Palazzo,42416277000001,197217770040
1811,GCOWB175S-I783-00,7425324318803,GOOD COWBOY BOOTCUT JEANS,Good Cowboy Bootcut,42108398370899,197217684625
1812,GCOWB175S-I783-0,7425324318803,GOOD COWBOY BOOTCUT JEANS,Good Cowboy Bootcut,42108398764115,197217684618
1813,GCOWB175S-I783-2,7425324318803,GOOD COWBOY BOOTCUT JEANS,Good Cowboy Bootcut,42108398305363,197217684694
1814,GCOWB175S-I783-4,7425324318803,GOOD COWBOY BOOTCUT JEANS,Good Cowboy Bootcut,42108398665811,197217684779
1815,GCOWB175S-I783-6,7425324318803,GOOD COWBOY BOOTCUT JEANS,Good Cowboy Bootcut,42108398895187,197217684786
1816,GCOWB175S-I783-8,7425324318803,GOOD COWBOY BOOTCUT JEANS,Good Cowboy Bootcut,42108398501971,197217684793
1817,GCOWB175S-I783-10,7425324318803,GOOD COWBOY BOOTCUT JEANS,Good Cowboy Bootcut,42108398862419,197217684632
1818,GCOWB175S-I783-12,7425324318803,GOOD COWBOY BOOTCUT JEANS,Good Cowboy Bootcut,42108398469203,197217684649
1819,GCOWB175S-I783-14,7425324318803,GOOD COWBOY BOOTCUT JEANS,Good Cowboy Bootcut,42108398829651,197217684656
1820,GCOWB175S-I783-15,7425324318803,GOOD COWBOY BOOTCUT JEANS,Good Cowboy Bootcut,42108398436435,197217684663
1821,GCOWB175S-I783-16,7425324318803,GOOD COWBOY BOOTCUT JEANS,Good Cowboy Bootcut,42108398796883,197217684670
1822,GCOWB175S-I783-18,7425324318803,GOOD COWBOY BOOTCUT JEANS,Good Cowboy Bootcut,42108398403667,197217684687
1823,GCOWB175S-I783-20,7425324318803,GOOD COWBOY BOOTCUT JEANS,Good Cowboy Bootcut,42108398338131,197217684700
1824,GCOWB175S-I783-22,7425324318803,GOOD COWBOY BOOTCUT JEANS,Good Cowboy Bootcut,42108398731347,197217684717
1825,GCOWB175S-I783-24,7425324318803,GOOD COWBOY BOOTCUT JEANS,Good Cowboy Bootcut,42108398600275,197217684724
1826,GCOWB175S-I783-26,7425324318803,GOOD COWBOY BOOTCUT JEANS,Good Cowboy Bootcut,42108398698579,197217684731
1827,GCOWB175S-I783-28,7425324318803,GOOD COWBOY BOOTCUT JEANS,Good Cowboy Bootcut,42108398567507,197217684748
1828,GCOWB175S-I783-30,7425324318803,GOOD COWBOY BOOTCUT JEANS,Good Cowboy Bootcut,42108398633043,197217684755
1829,GCOWB175S-I783-32,7425324318803,GOOD COWBOY BOOTCUT JEANS,Good Cowboy Bootcut,42108398534739,197217684762
2888,GKHLOSH156PSI-CLW1-31-00,7454716035155,THE KHLOE JEAN,The Khloe,42225478893651,197217741687
2889,GKHLOSH156PSI-CLW1-31-0,7454716035155,THE KHLOE JEAN,The Khloe,42225479024723,197217741670
2890,GKHLOSH156PSI-CLW1-31-2,7454716035155,THE KHLOE JEAN,The Khloe,42225478860883,197217741755
2891,GKHLOSH156PSI-CLW1-31-4,7454716035155,THE KHLOE JEAN,The Khloe,42225479057491,197217741830
2892,GKHLOSH156PSI-CLW1-31-6,7454716035155,THE KHLOE JEAN,The Khloe,42225478828115,197217741847
2893,GKHLOSH156PSI-CLW1-31-8,7454716035155,THE KHLOE JEAN,The Khloe,42225479090259,197217741854
2894,GKHLOSH156PSI-CLW1-31-10,7454716035155,THE KHLOE JEAN,The Khloe,42225478795347,197217741694
2895,GKHLOSH156PSI-CLW1-31-12,7454716035155,THE KHLOE JEAN,The Khloe,42225479123027,197217741700
2896,GKHLOSH156PSI-CLW1-31-14,7454716035155,THE KHLOE JEAN,The Khloe,42225479286867,197217741717
2897,GKHLOSH156PSI-CLW1-31-15,7454716035155,THE KHLOE JEAN,The Khloe,42225479155795,197217741724
2898,GKHLOSH156PSI-CLW1-31-16,7454716035155,THE KHLOE JEAN,The Khloe,42225478729811,197217741731
2899,GKHLOSH156PSI-CLW1-31-18,7454716035155,THE KHLOE JEAN,The Khloe,42225479188563,197217741748
2900,GKHLOSH156PSI-CLW1-31-20,7454716035155,THE KHLOE JEAN,The Khloe,42225479319635,197217741762
2901,GKHLOSH156PSI-CLW1-31-22,7454716035155,THE KHLOE JEAN,The Khloe,42225479221331,197217741779
2902,GKHLOSH156PSI-CLW1-31-24,7454716035155,THE KHLOE JEAN,The Khloe,42225478762579,197217741786
2903,GKHLOSH156PSI-CLW1-31-26,7454716035155,THE KHLOE JEAN,The Khloe,42225479254099,197217741793
2904,GKHLOSH156PSI-CLW1-31-28,7454716035155,THE KHLOE JEAN,The Khloe,42225478926419,197217741809
2905,GKHLOSH156PSI-CLW1-31-30,7454716035155,THE KHLOE JEAN,The Khloe,42225478991955,197217741816
2906,GKHLOSH156PSI-CLW1-31-32,7454716035155,THE KHLOE JEAN,The Khloe,42225478959187,197217741823
2907,GKHLOSH156P-CLW1-00,7560281129043,THE KHLOE JEAN LONG,The Khloe,42544247242835,197217737314
2908,GKHLOSH156P-CLW1-0,7560281129043,THE KHLOE JEAN LONG,The Khloe,42544247275603,197217737307
2909,GKHLOSH156P-CLW1-2,7560281129043,THE KHLOE JEAN LONG,The Khloe,42544247308371,197217737383
2910,GKHLOSH156P-CLW1-4,7560281129043,THE KHLOE JEAN LONG,The Khloe,42544247341139,197217737468
2911,GKHLOSH156P-CLW1-6,7560281129043,THE KHLOE JEAN LONG,The Khloe,42544247373907,197217737475
2912,GKHLOSH156P-CLW1-8,7560281129043,THE KHLOE JEAN LONG,The Khloe,42544247406675,197217737482
2913,GKHLOSH156P-CLW1-10,7560281129043,THE KHLOE JEAN LONG,The Khloe,42544247439443,197217737321
2914,GKHLOSH156P-CLW1-12,7560281129043,THE KHLOE JEAN LONG,The Khloe,42544247472211,197217737338
2915,GKHLOSH156P-CLW1-14,7560281129043,THE KHLOE JEAN LONG,The Khloe,42544247504979,197217737345
2916,GKHLOSH156P-CLW1-15,7560281129043,THE KHLOE JEAN LONG,The Khloe,42544247537747,197217737352
2917,GKHLOSH156P-CLW1-16,7560281129043,THE KHLOE JEAN LONG,The Khloe,42544247570515,197217737369
2918,GKHLOSH156P-CLW1-18,7560281129043,THE KHLOE JEAN LONG,The Khloe,42544247603283,197217737376
2919,GKHLOSH156P-CLW1-20,7560281129043,THE KHLOE JEAN LONG,The Khloe,42544247636051,197217737390
2920,GKHLOSH156P-CLW1-22,7560281129043,THE KHLOE JEAN LONG,The Khloe,42544247668819,197217737406
2921,GKHLOSH156P-CLW1-24,7560281129043,THE KHLOE JEAN LONG,The Khloe,42544247701587,197217737413
2922,GKHLOSH156P-CLW1-26,7560281129043,THE KHLOE JEAN LONG,The Khloe,42544247734355,197217737420
2923,GKHLOSH156P-CLW1-28,7560281129043,THE KHLOE JEAN LONG,The Khloe,42544247767123,197217737437
2924,GKHLOSH156P-CLW1-30,7560281129043,THE KHLOE JEAN LONG,The Khloe,42544247799891,197217737444
2925,GKHLOSH156P-CLW1-32,7560281129043,THE KHLOE JEAN LONG,The Khloe,42544247832659,197217737451
2255,GKHLOPAR156S-I1016-00,7509328625747,THE KHLOE JEAN LONG,The Khloe,42415024930899,197217774487
2256,GKHLOPAR156S-I1016-0,7509328625747,THE KHLOE JEAN LONG,The Khloe,42415024603219,197217774470
2257,GKHLOPAR156S-I1016-2,7509328625747,THE KHLOE JEAN LONG,The Khloe,42415024898131,197217774555
2258,GKHLOPAR156S-I1016-4,7509328625747,THE KHLOE JEAN LONG,The Khloe,42415024996435,197217774630
2259,GKHLOPAR156S-I1016-6,7509328625747,THE KHLOE JEAN LONG,The Khloe,42415024865363,197217774647
2260,GKHLOPAR156S-I1016-8,7509328625747,THE KHLOE JEAN LONG,The Khloe,42415024963667,197217774654
2261,GKHLOPAR156S-I1016-10,7509328625747,THE KHLOE JEAN LONG,The Khloe,42415024832595,197217774494
2262,GKHLOPAR156S-I1016-12,7509328625747,THE KHLOE JEAN LONG,The Khloe,42415024570451,197217774500
2263,GKHLOPAR156S-I1016-14,7509328625747,THE KHLOE JEAN LONG,The Khloe,42415024799827,197217774517
2264,GKHLOPAR156S-I1016-15,7509328625747,THE KHLOE JEAN LONG,The Khloe,42415024439379,197217774524
2265,GKHLOPAR156S-I1016-16,7509328625747,THE KHLOE JEAN LONG,The Khloe,42415024767059,197217774531
2266,GKHLOPAR156S-I1016-18,7509328625747,THE KHLOE JEAN LONG,The Khloe,42415024472147,197217774548
2267,GKHLOPAR156S-I1016-20,7509328625747,THE KHLOE JEAN LONG,The Khloe,42415024734291,197217774562
2268,GKHLOPAR156S-I1016-22,7509328625747,THE KHLOE JEAN LONG,The Khloe,42415024504915,197217774579
2269,GKHLOPAR156S-I1016-24,7509328625747,THE KHLOE JEAN LONG,The Khloe,42415024701523,197217774586
2270,GKHLOPAR156S-I1016-26,7509328625747,THE KHLOE JEAN LONG,The Khloe,42415024537683,197217774593
2271,GKHLOPAR156S-I1016-28,7509328625747,THE KHLOE JEAN LONG,The Khloe,42415024668755,197217774609
2272,GKHLOPAR156S-I1016-30,7509328625747,THE KHLOE JEAN LONG,The Khloe,42415024406611,197217774616
2273,GKHLOPAR156S-I1016-32,7509328625747,THE KHLOE JEAN LONG,The Khloe,42415024635987,197217774623
1944,GKHLOPAR156SSI-I1016-32-00,7509328691283,THE KHLOE JEAN,The Khloe,42415025619027,197217774678
1945,GKHLOPAR156SSI-I1016-32-0,7509328691283,THE KHLOE JEAN,The Khloe,42415025520723,197217774661
1946,GKHLOPAR156SSI-I1016-32-2,7509328691283,THE KHLOE JEAN,The Khloe,42415025389651,197217774746
1947,GKHLOPAR156SSI-I1016-32-4,7509328691283,THE KHLOE JEAN,The Khloe,42415025553491,197217774821
1948,GKHLOPAR156SSI-I1016-32-6,7509328691283,THE KHLOE JEAN,The Khloe,42415025356883,197217774838
1949,GKHLOPAR156SSI-I1016-32-8,7509328691283,THE KHLOE JEAN,The Khloe,42415025422419,197217774845
1950,GKHLOPAR156SSI-I1016-32-10,7509328691283,THE KHLOE JEAN,The Khloe,42415025324115,197217774685
1951,GKHLOPAR156SSI-I1016-32-12,7509328691283,THE KHLOE JEAN,The Khloe,42415025651795,197217774692
1952,GKHLOPAR156SSI-I1016-32-14,7509328691283,THE KHLOE JEAN,The Khloe,42415025291347,197217774708
1953,GKHLOPAR156SSI-I1016-32-15,7509328691283,THE KHLOE JEAN,The Khloe,42415025455187,197217774715
1954,GKHLOPAR156SSI-I1016-32-16,7509328691283,THE KHLOE JEAN,The Khloe,42415025258579,197217774722
1955,GKHLOPAR156SSI-I1016-32-18,7509328691283,THE KHLOE JEAN,The Khloe,42415025487955,197217774739
1956,GKHLOPAR156SSI-I1016-32-20,7509328691283,THE KHLOE JEAN,The Khloe,42415025225811,197217774753
1957,GKHLOPAR156SSI-I1016-32-22,7509328691283,THE KHLOE JEAN,The Khloe,42415025094739,197217774760
1958,GKHLOPAR156SSI-I1016-32-24,7509328691283,THE KHLOE JEAN,The Khloe,42415025193043,197217774777
1959,GKHLOPAR156SSI-I1016-32-26,7509328691283,THE KHLOE JEAN,The Khloe,42415025061971,197217774784
1960,GKHLOPAR156SSI-I1016-32-28,7509328691283,THE KHLOE JEAN,The Khloe,42415025160275,197217774791
1961,GKHLOPAR156SSI-I1016-32-30,7509328691283,THE KHLOE JEAN,The Khloe,42415025586259,197217774807
1962,GKHLOPAR156SSI-I1016-32-32,7509328691283,THE KHLOE JEAN,The Khloe,42415025127507,197217774814
1318,GKHLODKH156SSI-I1017-32-00,7509328396371,THE KHLOE JEAN,The Khloe,42415022211155,197217774869
1319,GKHLODKH156SSI-I1017-32-0,7509328396371,THE KHLOE JEAN,The Khloe,42415022669907,197217774852
1320,GKHLODKH156SSI-I1017-32-2,7509328396371,THE KHLOE JEAN,The Khloe,42415022243923,197217774937
1321,GKHLODKH156SSI-I1017-32-4,7509328396371,THE KHLOE JEAN,The Khloe,42415022374995,197217775019
1322,GKHLODKH156SSI-I1017-32-6,7509328396371,THE KHLOE JEAN,The Khloe,42415022276691,197217775026
1323,GKHLODKH156SSI-I1017-32-8,7509328396371,THE KHLOE JEAN,The Khloe,42415022407763,197217775033
1324,GKHLODKH156SSI-I1017-32-10,7509328396371,THE KHLOE JEAN,The Khloe,42415022309459,197217774876
1325,GKHLODKH156SSI-I1017-32-12,7509328396371,THE KHLOE JEAN,The Khloe,42415022440531,197217774883
1326,GKHLODKH156SSI-I1017-32-14,7509328396371,THE KHLOE JEAN,The Khloe,42415022342227,197217774890
1327,GKHLODKH156SSI-I1017-32-15,7509328396371,THE KHLOE JEAN,The Khloe,42415022473299,197217774906
1328,GKHLODKH156SSI-I1017-32-16,7509328396371,THE KHLOE JEAN,The Khloe,42415022506067,197217774913
1329,GKHLODKH156SSI-I1017-32-18,7509328396371,THE KHLOE JEAN,The Khloe,42415022080083,197217774920
1330,GKHLODKH156SSI-I1017-32-20,7509328396371,THE KHLOE JEAN,The Khloe,42415022538835,197217774944
1331,GKHLODKH156SSI-I1017-32-22,7509328396371,THE KHLOE JEAN,The Khloe,42415022112851,197217774951
1332,GKHLODKH156SSI-I1017-32-24,7509328396371,THE KHLOE JEAN,The Khloe,42415022571603,197217774968
1333,GKHLODKH156SSI-I1017-32-26,7509328396371,THE KHLOE JEAN,The Khloe,42415022145619,197217774975
1334,GKHLODKH156SSI-I1017-32-28,7509328396371,THE KHLOE JEAN,The Khloe,42415022604371,197217774982
1335,GKHLODKH156SSI-I1017-32-30,7509328396371,THE KHLOE JEAN,The Khloe,42415022178387,197217774999
1336,GKHLODKH156SSI-I1017-32-32,7509328396371,THE KHLOE JEAN,The Khloe,42415022637139,197217775002
1136,GKHLODKH156S-I1017-00,7558038847571,THE KHLOE JEAN LONG,The Khloe,42537795027027,197217774296
1137,GKHLODKH156S-I1017-0,7558038847571,THE KHLOE JEAN LONG,The Khloe,42537794994259,197217774289
1138,GKHLODKH156S-I1017-2,7558038847571,THE KHLOE JEAN LONG,The Khloe,42537795387475,197217774364
1139,GKHLODKH156S-I1017-4,7558038847571,THE KHLOE JEAN LONG,The Khloe,42537795158099,197217774449
1140,GKHLODKH156S-I1017-6,7558038847571,THE KHLOE JEAN LONG,The Khloe,42537795092563,197217774456
1141,GKHLODKH156S-I1017-8,7558038847571,THE KHLOE JEAN LONG,The Khloe,42537795190867,197217774463
1142,GKHLODKH156S-I1017-10,7558038847571,THE KHLOE JEAN LONG,The Khloe,42537795125331,197217774302
1143,GKHLODKH156S-I1017-12,7558038847571,THE KHLOE JEAN LONG,The Khloe,42537795223635,197217774319
1144,GKHLODKH156S-I1017-14,7558038847571,THE KHLOE JEAN LONG,The Khloe,42537794797651,197217774326
1145,GKHLODKH156S-I1017-15,7558038847571,THE KHLOE JEAN LONG,The Khloe,42537795256403,197217774333
1146,GKHLODKH156S-I1017-16,7558038847571,THE KHLOE JEAN LONG,The Khloe,42537794830419,197217774340
1147,GKHLODKH156S-I1017-18,7558038847571,THE KHLOE JEAN LONG,The Khloe,42537795289171,197217774357
1148,GKHLODKH156S-I1017-20,7558038847571,THE KHLOE JEAN LONG,The Khloe,42537794863187,197217774371
1149,GKHLODKH156S-I1017-22,7558038847571,THE KHLOE JEAN LONG,The Khloe,42537795321939,197217774388
1150,GKHLODKH156S-I1017-24,7558038847571,THE KHLOE JEAN LONG,The Khloe,42537794895955,197217774395
1151,GKHLODKH156S-I1017-26,7558038847571,THE KHLOE JEAN LONG,The Khloe,42537795354707,197217774401
1152,GKHLODKH156S-I1017-28,7558038847571,THE KHLOE JEAN LONG,The Khloe,42537794928723,197217774418
1153,GKHLODKH156S-I1017-30,7558038847571,THE KHLOE JEAN LONG,The Khloe,42537795059795,197217774425
1154,GKHLODKH156S-I1017-32,7558038847571,THE KHLOE JEAN LONG,The Khloe,42537794961491,197217774432
3165,GKHLOSNK156SSI-I1018-31-00,7476445511763,THE KHLOE JEAN,The Khloe,42313618128979,197217760138
3166,GKHLOSNK156SSI-I1018-31-0,7476445511763,THE KHLOE JEAN,The Khloe,42313618391123,197217760121
3167,GKHLOSNK156SSI-I1018-31-2,7476445511763,THE KHLOE JEAN,The Khloe,42313618096211,197217760206
3168,GKHLOSNK156SSI-I1018-31-4,7476445511763,THE KHLOE JEAN,The Khloe,42313617801299,197217760282
3169,GKHLOSNK156SSI-I1018-31-6,7476445511763,THE KHLOE JEAN,The Khloe,42313618063443,197217760299
3170,GKHLOSNK156SSI-I1018-31-8,7476445511763,THE KHLOE JEAN,The Khloe,42313618358355,197217760305
3171,GKHLOSNK156SSI-I1018-31-10,7476445511763,THE KHLOE JEAN,The Khloe,42313618030675,197217760145
3172,GKHLOSNK156SSI-I1018-31-12,7476445511763,THE KHLOE JEAN,The Khloe,42313618325587,197217760152
3173,GKHLOSNK156SSI-I1018-31-14,7476445511763,THE KHLOE JEAN,The Khloe,42313617997907,197217760169
3174,GKHLOSNK156SSI-I1018-31-15,7476445511763,THE KHLOE JEAN,The Khloe,42313618292819,197217760176
3175,GKHLOSNK156SSI-I1018-31-16,7476445511763,THE KHLOE JEAN,The Khloe,42313617965139,197217760183
3176,GKHLOSNK156SSI-I1018-31-18,7476445511763,THE KHLOE JEAN,The Khloe,42313618260051,197217760190
3177,GKHLOSNK156SSI-I1018-31-20,7476445511763,THE KHLOE JEAN,The Khloe,42313617932371,197217760213
3178,GKHLOSNK156SSI-I1018-31-22,7476445511763,THE KHLOE JEAN,The Khloe,42313618227283,197217760220
3179,GKHLOSNK156SSI-I1018-31-24,7476445511763,THE KHLOE JEAN,The Khloe,42313617899603,197217760237
3180,GKHLOSNK156SSI-I1018-31-26,7476445511763,THE KHLOE JEAN,The Khloe,42313618194515,197217760244
3181,GKHLOSNK156SSI-I1018-31-28,7476445511763,THE KHLOE JEAN,The Khloe,42313617866835,197217760251
3182,GKHLOSNK156SSI-I1018-31-30,7476445511763,THE KHLOE JEAN,The Khloe,42313618161747,197217760268
3183,GKHLOSNK156SSI-I1018-31-32,7476445511763,THE KHLOE JEAN,The Khloe,42313617834067,197217760275
2465,GKHLOSKT156SSI-I1065-31-00,7560281292883,THE KHLOE JEAN,The Khloe,42544249241683,197217760701
2466,GKHLOSKT156SSI-I1065-31-0,7560281292883,THE KHLOE JEAN,The Khloe,42544249274451,197217760695
2467,GKHLOSKT156SSI-I1065-31-2,7560281292883,THE KHLOE JEAN,The Khloe,42544249307219,197217760770
2468,GKHLOSKT156SSI-I1065-31-4,7560281292883,THE KHLOE JEAN,The Khloe,42544249339987,197217760855
2469,GKHLOSKT156SSI-I1065-31-6,7560281292883,THE KHLOE JEAN,The Khloe,42544249372755,197217760862
2470,GKHLOSKT156SSI-I1065-31-8,7560281292883,THE KHLOE JEAN,The Khloe,42544249405523,197217760879
2471,GKHLOSKT156SSI-I1065-31-10,7560281292883,THE KHLOE JEAN,The Khloe,42544249438291,197217760718
2472,GKHLOSKT156SSI-I1065-31-12,7560281292883,THE KHLOE JEAN,The Khloe,42544249471059,197217760725
2473,GKHLOSKT156SSI-I1065-31-14,7560281292883,THE KHLOE JEAN,The Khloe,42544249503827,197217760732
2474,GKHLOSKT156SSI-I1065-31-15,7560281292883,THE KHLOE JEAN,The Khloe,42544249536595,197217760749
2475,GKHLOSKT156SSI-I1065-31-16,7560281292883,THE KHLOE JEAN,The Khloe,42544249569363,197217760756
2476,GKHLOSKT156SSI-I1065-31-18,7560281292883,THE KHLOE JEAN,The Khloe,42544249602131,197217760763
2477,GKHLOSKT156SSI-I1065-31-20,7560281292883,THE KHLOE JEAN,The Khloe,42544249634899,197217760787
2478,GKHLOSKT156SSI-I1065-31-22,7560281292883,THE KHLOE JEAN,The Khloe,42544249667667,197217760794
2479,GKHLOSKT156SSI-I1065-31-24,7560281292883,THE KHLOE JEAN,The Khloe,42544249700435,197217760800
2480,GKHLOSKT156SSI-I1065-31-26,7560281292883,THE KHLOE JEAN,The Khloe,42544249733203,197217760817
2481,GKHLOSKT156SSI-I1065-31-28,7560281292883,THE KHLOE JEAN,The Khloe,42544249765971,197217760824
2482,GKHLOSKT156SSI-I1065-31-30,7560281292883,THE KHLOE JEAN,The Khloe,42544249798739,197217760831
2483,GKHLOSKT156SSI-I1065-31-32,7560281292883,THE KHLOE JEAN,The Khloe,42544249831507,197217760848
1605,GKHLOSH156VSI-I1067-32-00,7509324431443,THE KHLOE JEAN,The Khloe,42414974894163,197217798506
1606,GKHLOSH156VSI-I1067-32-0,7509324431443,THE KHLOE JEAN,The Khloe,42416273653843,197217798490
1607,GKHLOSH156VSI-I1067-32-2,7509324431443,THE KHLOE JEAN,The Khloe,42414974861395,197217798575
1608,GKHLOSH156VSI-I1067-32-4,7509324431443,THE KHLOE JEAN,The Khloe,42416273424467,197217798650
1609,GKHLOSH156VSI-I1067-32-6,7509324431443,THE KHLOE JEAN,The Khloe,42414974828627,197217798667
1610,GKHLOSH156VSI-I1067-32-8,7509324431443,THE KHLOE JEAN,The Khloe,42416273686611,197217798674
1611,GKHLOSH156VSI-I1067-32-10,7509324431443,THE KHLOE JEAN,The Khloe,42414974795859,197217798513
1612,GKHLOSH156VSI-I1067-32-12,7509324431443,THE KHLOE JEAN,The Khloe,42416273490003,197217798520
1613,GKHLOSH156VSI-I1067-32-14,7509324431443,THE KHLOE JEAN,The Khloe,42414974763091,197217798537
1614,GKHLOSH156VSI-I1067-32-15,7509324431443,THE KHLOE JEAN,The Khloe,42416273522771,197217798544
1615,GKHLOSH156VSI-I1067-32-16,7509324431443,THE KHLOE JEAN,The Khloe,42414974730323,197217798551
1616,GKHLOSH156VSI-I1067-32-18,7509324431443,THE KHLOE JEAN,The Khloe,42416273555539,197217798568
1617,GKHLOSH156VSI-I1067-32-20,7509324431443,THE KHLOE JEAN,The Khloe,42414974697555,197217798582
1618,GKHLOSH156VSI-I1067-32-22,7509324431443,THE KHLOE JEAN,The Khloe,42416273588307,197217798599
1619,GKHLOSH156VSI-I1067-32-24,7509324431443,THE KHLOE JEAN,The Khloe,42414974664787,197217798605
1620,GKHLOSH156VSI-I1067-32-26,7509324431443,THE KHLOE JEAN,The Khloe,42416273621075,197217798612
1621,GKHLOSH156VSI-I1067-32-28,7509324431443,THE KHLOE JEAN,The Khloe,42414974632019,197217798629
1622,GKHLOSH156VSI-I1067-32-30,7509324431443,THE KHLOE JEAN,The Khloe,42416273457235,197217798636
1623,GKHLOSH156VSI-I1067-32-32,7509324431443,THE KHLOE JEAN,The Khloe,42414974926931,197217798643
1231,GKHLOSH156V-I1067-00,7558038880339,THE KHLOE JEAN LONG,The Khloe,42537795715155,197217799381
1232,GKHLOSH156V-I1067-0,7558038880339,THE KHLOE JEAN LONG,The Khloe,42537795813459,197217799374
1233,GKHLOSH156V-I1067-2,7558038880339,THE KHLOE JEAN LONG,The Khloe,42537795682387,197217799459
1234,GKHLOSH156V-I1067-4,7558038880339,THE KHLOE JEAN LONG,The Khloe,42537796010067,197217799534
1235,GKHLOSH156V-I1067-6,7558038880339,THE KHLOE JEAN LONG,The Khloe,42537795649619,197217799541
1236,GKHLOSH156V-I1067-8,7558038880339,THE KHLOE JEAN LONG,The Khloe,42537795977299,197217799558
1237,GKHLOSH156V-I1067-10,7558038880339,THE KHLOE JEAN LONG,The Khloe,42537795616851,197217799398
1238,GKHLOSH156V-I1067-12,7558038880339,THE KHLOE JEAN LONG,The Khloe,42537795944531,197217799404
1239,GKHLOSH156V-I1067-14,7558038880339,THE KHLOE JEAN LONG,The Khloe,42537795584083,197217799411
1240,GKHLOSH156V-I1067-15,7558038880339,THE KHLOE JEAN LONG,The Khloe,42537795911763,197217799428
1241,GKHLOSH156V-I1067-16,7558038880339,THE KHLOE JEAN LONG,The Khloe,42537795551315,197217799435
1242,GKHLOSH156V-I1067-18,7558038880339,THE KHLOE JEAN LONG,The Khloe,42537795878995,197217799442
1243,GKHLOSH156V-I1067-20,7558038880339,THE KHLOE JEAN LONG,The Khloe,42537795518547,197217799466
1244,GKHLOSH156V-I1067-22,7558038880339,THE KHLOE JEAN LONG,The Khloe,42537795846227,197217799473
1245,GKHLOSH156V-I1067-24,7558038880339,THE KHLOE JEAN LONG,The Khloe,42537795485779,197217799480
1246,GKHLOSH156V-I1067-26,7558038880339,THE KHLOE JEAN LONG,The Khloe,42537795747923,197217799497
1247,GKHLOSH156V-I1067-28,7558038880339,THE KHLOE JEAN LONG,The Khloe,42537795453011,197217799503
1248,GKHLOSH156V-I1067-30,7558038880339,THE KHLOE JEAN LONG,The Khloe,42537795780691,197217799510
1249,GKHLOSH156V-I1067-32,7558038880339,THE KHLOE JEAN LONG,The Khloe,42537795420243,197217799527
792,GKHLOSH156VSI-I714-31-00,7560281096275,THE KHLOE JEAN,The Khloe,42544246620243,197217716838
793,GKHLOSH156VSI-I714-31-0,7560281096275,THE KHLOE JEAN,The Khloe,42544246653011,197217716821
794,GKHLOSH156VSI-I714-31-2,7560281096275,THE KHLOE JEAN,The Khloe,42544246685779,197217716890
795,GKHLOSH156VSI-I714-31-4,7560281096275,THE KHLOE JEAN,The Khloe,42544246718547,197217716975
796,GKHLOSH156VSI-I714-31-6,7560281096275,THE KHLOE JEAN,The Khloe,42544246751315,197217716982
797,GKHLOSH156VSI-I714-31-8,7560281096275,THE KHLOE JEAN,The Khloe,42544246784083,197217716999
798,GKHLOSH156VSI-I714-31-10,7560281096275,THE KHLOE JEAN,The Khloe,42544246816851,197217716845
799,GKHLOSH156VSI-I714-31-12,7560281096275,THE KHLOE JEAN,The Khloe,42544246849619,197217717002
800,GKHLOSH156VSI-I714-31-14,7560281096275,THE KHLOE JEAN,The Khloe,42544246882387,197217716852
801,GKHLOSH156VSI-I714-31-15,7560281096275,THE KHLOE JEAN,The Khloe,42544246915155,197217716869
802,GKHLOSH156VSI-I714-31-16,7560281096275,THE KHLOE JEAN,The Khloe,42544246947923,197217716876
803,GKHLOSH156VSI-I714-31-18,7560281096275,THE KHLOE JEAN,The Khloe,42544246980691,197217716883
804,GKHLOSH156VSI-I714-31-20,7560281096275,THE KHLOE JEAN,The Khloe,42544247013459,197217716906
805,GKHLOSH156VSI-I714-31-22,7560281096275,THE KHLOE JEAN,The Khloe,42544247046227,197217716913
806,GKHLOSH156VSI-I714-31-24,7560281096275,THE KHLOE JEAN,The Khloe,42544247078995,197217716920
807,GKHLOSH156VSI-I714-31-26,7560281096275,THE KHLOE JEAN,The Khloe,42544247111763,197217716937
808,GKHLOSH156VSI-I714-31-28,7560281096275,THE KHLOE JEAN,The Khloe,42544247144531,197217716944
809,GKHLOSH156VSI-I714-31-30,7560281096275,THE KHLOE JEAN,The Khloe,42544247177299,197217716951
810,GKHLOSH156VSI-I714-31-32,7560281096275,THE KHLOE JEAN,The Khloe,42544247210067,197217716968
2446,GKHLOSH156V-I714-00,7567650193491,THE KHLOE JEAN LONG,The Khloe,42577087791187,197217447237
2447,GKHLOSH156V-I714-0,7567650193491,THE KHLOE JEAN LONG,The Khloe,42577087823955,197217447220
2448,GKHLOSH156V-I714-2,7567650193491,THE KHLOE JEAN LONG,The Khloe,42577087856723,197217447305
2449,GKHLOSH156V-I714-4,7567650193491,THE KHLOE JEAN LONG,The Khloe,42577087889491,197217447381
2450,GKHLOSH156V-I714-6,7567650193491,THE KHLOE JEAN LONG,The Khloe,42577087922259,197217447398
2451,GKHLOSH156V-I714-8,7567650193491,THE KHLOE JEAN LONG,The Khloe,42577087955027,197217447404
2452,GKHLOSH156V-I714-10,7567650193491,THE KHLOE JEAN LONG,The Khloe,42577087987795,197217447244
2453,GKHLOSH156V-I714-12,7567650193491,THE KHLOE JEAN LONG,The Khloe,42577088020563,197217447251
2454,GKHLOSH156V-I714-14,7567650193491,THE KHLOE JEAN LONG,The Khloe,42577088053331,197217447268
2455,GKHLOSH156V-I714-15,7567650193491,THE KHLOE JEAN LONG,The Khloe,42577088086099,197217447275
2456,GKHLOSH156V-I714-16,7567650193491,THE KHLOE JEAN LONG,The Khloe,42577088118867,197217447282
2457,GKHLOSH156V-I714-18,7567650193491,THE KHLOE JEAN LONG,The Khloe,42577088151635,197217447299
2458,GKHLOSH156V-I714-20,7567650193491,THE KHLOE JEAN LONG,The Khloe,42577088184403,197217447312
2459,GKHLOSH156V-I714-22,7567650193491,THE KHLOE JEAN LONG,The Khloe,42577088217171,197217447329
2460,GKHLOSH156V-I714-24,7567650193491,THE KHLOE JEAN LONG,The Khloe,42577088249939,197217447336
2461,GKHLOSH156V-I714-26,7567650193491,THE KHLOE JEAN LONG,The Khloe,42577088282707,197217447343
2462,GKHLOSH156V-I714-28,7567650193491,THE KHLOE JEAN LONG,The Khloe,42577088315475,197217447350
2463,GKHLOSH156V-I714-30,7567650193491,THE KHLOE JEAN LONG,The Khloe,42577088348243,197217447367
2464,GKHLOSH156V-I714-32,7567650193491,THE KHLOE JEAN LONG,The Khloe,42577088381011,197217447374
143349,GFD466-K001-00,7509327347795,VELVET GOOD WAIST PALAZZO PANTS,Good Waist Palazzo,42415010349139,197217780051
143350,GFD466-K001-0,7509327347795,VELVET GOOD WAIST PALAZZO PANTS,Good Waist Palazzo,42415010742355,197217780044
143351,GFD466-K001-2,7509327347795,VELVET GOOD WAIST PALAZZO PANTS,Good Waist Palazzo,42415010316371,197217780129
143352,GFD466-K001-4,7509327347795,VELVET GOOD WAIST PALAZZO PANTS,Good Waist Palazzo,42415010480211,197217780204
143353,GFD466-K001-6,7509327347795,VELVET GOOD WAIST PALAZZO PANTS,Good Waist Palazzo,42415010283603,197217780211
143354,GFD466-K001-8,7509327347795,VELVET GOOD WAIST PALAZZO PANTS,Good Waist Palazzo,42415010447443,197217780228
143355,GFD466-K001-10,7509327347795,VELVET GOOD WAIST PALAZZO PANTS,Good Waist Palazzo,42415010250835,197217780068
143356,GFD466-K001-12,7509327347795,VELVET GOOD WAIST PALAZZO PANTS,Good Waist Palazzo,42415010709587,197217780075
143357,GFD466-K001-14,7509327347795,VELVET GOOD WAIST PALAZZO PANTS,Good Waist Palazzo,42415010218067,197217780082
143358,GFD466-K001-15,7509327347795,VELVET GOOD WAIST PALAZZO PANTS,Good Waist Palazzo,42415010676819,197217780099
143359,GFD466-K001-16,7509327347795,VELVET GOOD WAIST PALAZZO PANTS,Good Waist Palazzo,42415010185299,197217780105
143360,GFD466-K001-18,7509327347795,VELVET GOOD WAIST PALAZZO PANTS,Good Waist Palazzo,42415010644051,197217780112
143361,GFD466-K001-20,7509327347795,VELVET GOOD WAIST PALAZZO PANTS,Good Waist Palazzo,42415010152531,197217780136
143362,GFD466-K001-22,7509327347795,VELVET GOOD WAIST PALAZZO PANTS,Good Waist Palazzo,42415010611283,197217780143
143363,GFD466-K001-24,7509327347795,VELVET GOOD WAIST PALAZZO PANTS,Good Waist Palazzo,42415010512979,197217780150
143364,GFD466-K001-26,7509327347795,VELVET GOOD WAIST PALAZZO PANTS,Good Waist Palazzo,42415010578515,197217780167
143365,GFD466-K001-28,7509327347795,VELVET GOOD WAIST PALAZZO PANTS,Good Waist Palazzo,42415010414675,197217780174
143366,GFD466-K001-30,7509327347795,VELVET GOOD WAIST PALAZZO PANTS,Good Waist Palazzo,42415010545747,197217780181
143367,GFD466-K001-32,7509327347795,VELVET GOOD WAIST PALAZZO PANTS,Good Waist Palazzo,42415010381907,197217780198
